customerID,gender,SeniorCitizen,Partner,Dependents,tenure,PhoneService,MultipleLines,InternetService,OnlineSecurity,OnlineBackup,DeviceProtection,TechSupport,StreamingTV,StreamingMovies,Contract,PaperlessBilling,PaymentMethod,MonthlyCharges,TotalCharges,Churn
6374-GZSWK,Female,0,Yes,No,69,Yes,No,Fiber optic,Yes,No,No,Yes,Yes,Yes,Two year,Yes,Electronic check,100.07,6893.27,No
7437-XCVUB,Female,0,Yes,No,68,Yes,Yes,DSL,No,No,No,Yes,Yes,No,One year,No,Credit card (automatic),68.49,4660.72,No
7514-ALZVL,Male,0,No,No,26,Yes,No,Fiber optic,No,No,No,Yes,Yes,No,One year,No,Mailed check,90.28,2347.21,No
8092-LWTYC,Female,0,No,Yes,53,Yes,No,DSL,No,No,Yes,No,Yes,No,Month-to-month,No,Electronic check,62.76,3313.71,Yes
4264-IGRDY,Male,0,No,Yes,72,No,No phone service,No,No internet service,No internet service,No internet service,No internet service,No internet service,No internet service,Month-to-month,Yes,Mailed check,19.16,1377.58,No
1989-UBTOG,Female,0,No,Yes,22,Yes,No,Fiber optic,No,No,Yes,No,No,No,Month-to-month,Yes,Bank transfer (automatic),79.78,1744.06,Yes
7203-RHDBF,Female,0,Yes,No,57,Yes,No,DSL,Yes,Yes,No,No,Yes,No,Month-to-month,Yes,Credit card (automatic),65.41,3734.48,No
5935-RZLBJ,Male,0,Yes,Yes,16,Yes,Yes,Fiber optic,Yes,No,Yes,No,No,No,Month-to-month,Yes,Bank transfer (automatic),94.8,1520.14,Yes
3768-HUPMR,Female,0,No,No,45,Yes,Yes,DSL,No,No,No,Yes,Yes,No,Month-to-month,Yes,Electronic check,68.82,3102.60,No
4798-MIOMA,Female,0,No,No,46,Yes,No,No,No internet service,No internet service,No internet service,No internet service,No internet service,No internet service,Month-to-month,Yes,Credit card (automatic),23.68,1088.08,No
8687-ALHXK,Female,0,Yes,Yes,58,Yes,No,No,No internet service,No internet service,No internet service,No internet service,No internet service,No internet service,Month-to-month,No,Electronic check,24.62,1425.60,No
2072-CAEJG,Male,0,Yes,No,44,Yes,No,No,No internet service,No internet service,No internet service,No internet service,No internet service,No internet service,One year,Yes,Mailed check,23.3,1032.66,No
9868-HLBAP,Male,0,No,No,61,Yes,Yes,Fiber optic,No,Yes,Yes,No,No,Yes,Month-to-month,No,Mailed check,100.41,6120.95,Yes
6674-CLHVC,Male,0,No,Yes,53,Yes,Yes,Fiber optic,No,No,No,No,No,No,Month-to-month,Yes,Mailed check,82.99,4400.90,Yes
0242-AEZWN,Female,0,No,Yes,12,Yes,No,DSL,No,No,No,Yes,Yes,No,Month-to-month,Yes,Electronic check,66.25,797.17,No
6899-MSGQT,Male,0,Yes,Yes,11,Yes,No,DSL,Yes,Yes,Yes,Yes,Yes,Yes,Two year,No,Bank transfer (automatic),89.1,980.56,No
3466-MOKDM,Female,0,No,No,1,Yes,No,No,No internet service,No internet service,No internet service,No internet service,No internet service,No internet service,Month-to-month,No,Bank transfer (automatic),21.81,18.25,No
6251-JMYUF,Female,0,Yes,No,41,Yes,Yes,Fiber optic,Yes,No,No,No,Yes,No,Month-to-month,Yes,Mailed check,97.96,3989.13,Yes
3968-GAAYY,Female,1,No,No,53,Yes,No,No,No internet service,No internet service,No internet service,No internet service,No internet service,No internet service,Month-to-month,No,Electronic check,24.93,1342.59,No
3826-FHIEA,Male,0,No,No,10,Yes,No,No,No internet service,No internet service,No internet service,No internet service,No internet service,No internet service,One year,Yes,Bank transfer (automatic),26.14,264.73,No
2975-XITQQ,Male,0,No,Yes,21,Yes,No,Fiber optic,Yes,Yes,No,Yes,No,Yes,Month-to-month,Yes,Credit card (automatic),94.47,1981.24,No
9361-CQEQX,Male,0,Yes,Yes,48,Yes,No,DSL,Yes,No,No,No,Yes,No,One year,Yes,Mailed check,65.29,3132.24,No
0011-VWEAA,Female,1,No,Yes,36,Yes,Yes,Fiber optic,Yes,No,Yes,Yes,No,No,One year,No,Electronic check,100.01,3590.12,No
2149-FWDWK,Male,0,No,No,35,Yes,Yes,Fiber optic,No,No,No,No,Yes,No,One year,Yes,Credit card (automatic),91.14,3175.39,No
7057-ETBFV,Male,1,No,Yes,48,Yes,Yes,DSL,Yes,Yes,No,No,Yes,No,Two year,No,Electronic check,79.0,3797.61,No
0852-TDSZC,Female,0,No,Yes,57,No,No phone service,Fiber optic,No,Yes,No,No,No,Yes,One year,No,Mailed check,82.49,4711.47,No
2363-IAHGR,Male,0,Yes,No,2,Yes,No,DSL,No,No,Yes,Yes,No,Yes,Month-to-month,Yes,Bank transfer (automatic),66.23,123.50,No
7088-RWJCG,Male,0,No,No,65,No,No phone service,Fiber optic,Yes,Yes,No,Yes,No,Yes,Month-to-month,No,Electronic check,92.73,6033.59,Yes
9830-BAPLE,Male,0,No,Yes,32,Yes,No,DSL,No,Yes,No,Yes,No,No,Month-to-month,Yes,Credit card (automatic),55.19,1775.23,No
4688-CSPPC,Male,1,Yes,No,17,Yes,Yes,Fiber optic,No,Yes,Yes,No,Yes,No,Month-to-month,Yes,Bank transfer (automatic),103.16,1754.83,Yes
3757-AXTKQ,Male,0,No,Yes,47,Yes,No,DSL,Yes,Yes,No,Yes,No,No,One year,No,Bank transfer (automatic),62.08,2900.04,No
7357-TCPYC,Male,0,No,No,70,Yes,No,Fiber optic,No,No,No,No,Yes,No,Month-to-month,Yes,Electronic check,82.46,5763.13,Yes
8111-VCPID,Female,1,No,No,36,Yes,No,No,No internet service,No internet service,No internet service,No internet service,No internet service,No internet service,Two year,Yes,Electronic check,22.38,801.85,No
0304-PTXHG,Female,0,Yes,Yes,49,Yes,No,Fiber optic,Yes,No,No,Yes,Yes,Yes,Month-to-month,No,Credit card (automatic),102.64,5022.10,No
2002-VWVNF,Female,0,Yes,Yes,35,Yes,No,Fiber optic,Yes,No,Yes,No,No,No,Month-to-month,Yes,Mailed check,81.53,2862.03,Yes
5257-BUAOA,Male,0,No,Yes,26,Yes,Yes,Fiber optic,No,No,No,No,No,No,Two year,No,Electronic check,77.93,2040.20,No
4232-QQLNU,Male,0,Yes,Yes,21,Yes,No,No,No internet service,No internet service,No internet service,No internet service,No internet service,No internet service,Two year,No,Mailed check,26.92,574.70,No
5284-XQNUC,Female,0,Yes,Yes,30,Yes,Yes,DSL,No,Yes,No,Yes,No,No,Month-to-month,Yes,Mailed check,71.45,2158.02,No
0346-ACRYJ,Female,0,No,Yes,39,Yes,No,DSL,No,Yes,No,No,No,No,Two year,Yes,Credit card (automatic),54.46,2116.18,No
5927-NXROV,Male,1,Yes,No,53,Yes,No,No,No internet service,No internet service,No internet service,No internet service,No internet service,No internet service,One year,Yes,Electronic check,22.22,1185.82,No
6191-ZQHAI,Male,1,Yes,Yes,63,Yes,Yes,Fiber optic,Yes,No,No,Yes,No,No,Month-to-month,No,Credit card (automatic),94.57,5964.92,No
5696-ZCRYX,Male,0,Yes,No,69,Yes,No,DSL,Yes,No,No,No,No,No,Month-to-month,No,Electronic check,49.51,3414.67,No
9683-MTAHN,Male,0,No,No,52,No,No phone service,No,No internet service,No internet service,No internet service,No internet service,No internet service,No internet service,Two year,Yes,Mailed check,19.85,1045.69,No
2611-WVSYZ,Male,0,Yes,Yes,53,No,No phone service,DSL,No,No,No,Yes,No,Yes,Two year,No,Mailed check,56.95,3006.20,No
5995-QTJFO,Male,1,No,Yes,53,Yes,No,Fiber optic,Yes,Yes,No,No,No,No,One year,No,Electronic check,80.34,4242.86,No
5407-ULLEG,Female,1,No,Yes,70,Yes,No,Fiber optic,No,Yes,Yes,Yes,Yes,No,Month-to-month,Yes,Bank transfer (automatic),100.32,7003.36,Yes
3532-WHTPM,Female,0,Yes,No,5,Yes,No,Fiber optic,Yes,No,No,Yes,No,No,Month-to-month,No,Bank transfer (automatic),84.01,415.85,No
1920-XSZWZ,Male,1,Yes,No,63,Yes,Yes,DSL,No,No,No,Yes,Yes,Yes,Month-to-month,Yes,Credit card (automatic),82.03,5174.09,No
4946-ILUAZ,Female,0,Yes,No,53,No,No phone service,DSL,No,No,No,No,No,No,Month-to-month,Yes,Mailed check,42.9,2266.35,No
9015-PYHMU,Female,0,No,No,64,Yes,Yes,No,No internet service,No internet service,No internet service,No internet service,No internet service,No internet service,Month-to-month,No,Electronic check,31.14,1985.71,No
0645-WCLZP,Male,0,No,No,45,Yes,No,Fiber optic,Yes,No,Yes,Yes,No,Yes,Month-to-month,Yes,Electronic check,99.04,4452.87,Yes
2458-NEOQN,Female,0,No,Yes,41,No,No phone service,Fiber optic,No,Yes,No,Yes,No,No,Month-to-month,Yes,Bank transfer (automatic),78.95,3221.90,No
3499-PUGDA,Male,0,Yes,No,55,Yes,No,Fiber optic,No,No,No,Yes,Yes,No,Two year,No,Bank transfer (automatic),88.74,4878.78,No
4699-VEDBT,Male,0,Yes,No,39,Yes,No,Fiber optic,No,No,No,No,Yes,No,Two year,No,Bank transfer (automatic),78.71,3093.04,No
9929-AXEMD,Female,0,No,Yes,14,Yes,Yes,DSL,Yes,No,Yes,Yes,No,No,Month-to-month,No,Bank transfer (automatic),73.48,1016.50,No
7610-TXLRC,Female,0,No,Yes,29,Yes,Yes,DSL,No,No,No,Yes,Yes,No,Two year,No,Electronic check,70.76,2057.01,No
0024-LCAAH,Female,0,No,No,22,Yes,Yes,No,No internet service,No internet service,No internet service,No internet service,No internet service,No internet service,Month-to-month,Yes,Electronic check,34.79,770.87,No
9121-CWQZH,Male,0,No,No,11,Yes,No,DSL,No,Yes,No,No,Yes,No,Two year,No,Bank transfer (automatic),62.87,689.22,No
9991-SIGDZ,Male,1,No,No,29,Yes,Yes,No,No internet service,No internet service,No internet service,No internet service,No internet service,No internet service,Month-to-month,Yes,Mailed check,37.38,1087.04,No
4173-YUYDJ,Male,1,Yes,Yes,15,Yes,Yes,No,No internet service,No internet service,No internet service,No internet service,No internet service,No internet service,Month-to-month,Yes,Mailed check,31.88,481.78,No
4872-QCPDR,Male,0,No,No,29,Yes,Yes,Fiber optic,No,No,Yes,No,No,No,Month-to-month,Yes,Electronic check,85.19,2466.52,Yes
0676-ELQWM,Female,0,No,No,67,No,No phone service,Fiber optic,No,Yes,No,Yes,No,No,One year,Yes,Bank transfer (automatic),76.3,5112.06,No
6828-QQTPY,Female,0,No,No,32,Yes,Yes,DSL,No,Yes,No,No,No,No,Month-to-month,Yes,Electronic check,63.02,2027.21,Yes
5203-LISLI,Female,0,No,No,56,Yes,Yes,Fiber optic,No,No,No,No,Yes,Yes,Month-to-month,No,Credit card (automatic),100.83,5652.64,Yes
6329-OPUEC,Male,0,No,No,27,Yes,Yes,Fiber optic,Yes,Yes,No,Yes,No,No,One year,Yes,Bank transfer (automatic),93.23,2508.47,No
8343-UWPYG,Male,0,No,Yes,25,Yes,No,Fiber optic,Yes,Yes,No,No,No,No,Month-to-month,No,Credit card (automatic),84.28,2110.39,Yes
4996-NZECW,Female,0,Yes,Yes,13,Yes,No,DSL,No,No,Yes,No,Yes,No,Month-to-month,No,Bank transfer (automatic),67.15,865.17,No
1899-LQFGN,Male,0,Yes,Yes,56,Yes,Yes,Fiber optic,No,No,No,No,No,Yes,One year,No,Electronic check,95.77,5358.01,No
7981-ZBEEF,Male,0,No,Yes,14,Yes,No,Fiber optic,Yes,No,No,No,Yes,Yes,Month-to-month,No,Electronic check,97.29,1384.46,Yes
2705-TQGYM,Female,0,No,Yes,65,Yes,No,Fiber optic,No,No,No,No,No,Yes,Month-to-month,Yes,Electronic check,81.85,5335.63,Yes
3352-LVGJZ,Female,0,Yes,No,15,Yes,No,No,No internet service,No internet service,No internet service,No internet service,No internet service,No internet service,Month-to-month,No,Electronic check,22.89,354.06,No
2621-ZTHIG,Male,1,No,No,36,No,No phone service,Fiber optic,No,No,Yes,Yes,Yes,Yes,Month-to-month,Yes,Credit card (automatic),100.28,3601.64,Yes
0280-YXAFU,Male,0,Yes,Yes,10,Yes,No,DSL,Yes,Yes,No,No,No,No,One year,Yes,Bank transfer (automatic),56.85,569.92,No
5945-UKEDC,Female,0,Yes,No,10,Yes,Yes,DSL,No,No,No,No,No,No,Month-to-month,No,Credit card (automatic),57.59,571.58,No
2381-OIQNO,Male,0,Yes,No,32,No,No phone service,DSL,No,No,No,Yes,No,Yes,One year,Yes,Bank transfer (automatic),62.48,2010.99,No
0455-CPWYK,Female,0,Yes,No,1,Yes,Yes,DSL,No,No,No,No,No,No,Month-to-month,Yes,Credit card (automatic),58.28,57.57,Yes
9757-UHZDZ,Female,0,Yes,Yes,32,Yes,Yes,Fiber optic,No,Yes,No,No,Yes,Yes,Month-to-month,Yes,Bank transfer (automatic),110.84,3546.88,Yes
7914-IDVQI,Female,0,No,No,62,Yes,No,DSL,No,Yes,Yes,No,No,Yes,Two year,Yes,Electronic check,68.65,4273.16,No
0432-FRSEO,Male,0,No,No,2,Yes,No,DSL,No,No,No,Yes,Yes,No,Month-to-month,No,Electronic check,62.9,122.86,Yes
8197-RMEWX,Female,1,No,Yes,32,Yes,No,DSL,Yes,No,No,No,No,No,Month-to-month,No,Mailed check,52.95,1675.12,No
0501-OQKUZ,Female,0,Yes,No,25,Yes,No,Fiber optic,Yes,No,Yes,No,No,No,Month-to-month,Yes,Bank transfer (automatic),80.08,2006.11,Yes
8500-BICAU,Female,0,Yes,No,33,Yes,Yes,No,No internet service,No internet service,No internet service,No internet service,No internet service,No internet service,Two year,No,Credit card (automatic),33.86,1124.42,No
6504-EFCUW,Female,0,Yes,Yes,51,Yes,Yes,No,No internet service,No internet service,No internet service,No internet service,No internet service,No internet service,Month-to-month,No,Credit card (automatic),34.01,1742.23,No
4449-JSQUN,Male,0,Yes,No,65,Yes,No,DSL,No,No,Yes,Yes,No,No,Two year,No,Credit card (automatic),55.84,3633.42,No
8023-AQHBH,Female,0,No,Yes,71,Yes,No,No,No internet service,No internet service,No internet service,No internet service,No internet service,No internet service,One year,No,Electronic check,25.31,1809.58,No
6991-VVCRL,Female,0,Yes,No,26,No,No phone service,Fiber optic,No,No,No,Yes,No,Yes,Month-to-month,Yes,Bank transfer (automatic),83.22,2171.35,Yes
0548-QPOWO,Female,0,Yes,No,71,Yes,Yes,Fiber optic,Yes,Yes,No,Yes,No,No,One year,Yes,Mailed check,97.47,6925.90,No
4412-GFBFR,Male,0,Yes,Yes,70,Yes,No,Fiber optic,No,No,Yes,No,No,No,One year,No,Credit card (automatic),81.04,5668.58,No
1121-TYFAX,Male,0,No,No,48,No,No phone service,No,No internet service,No internet service,No internet service,No internet service,No internet service,No internet service,One year,Yes,Credit card (automatic),18.25,850.61,No
6920-EDJXQ,Female,0,No,No,46,Yes,Yes,Fiber optic,Yes,Yes,No,No,No,No,Month-to-month,Yes,Bank transfer (automatic),93.9,4316.89,Yes
9037-EBFUB,Female,1,No,Yes,20,Yes,Yes,DSL,No,No,No,No,No,No,Two year,Yes,Credit card (automatic),59.3,1209.24,No
2866-PKVPH,Female,0,No,No,20,Yes,Yes,Fiber optic,No,No,No,Yes,No,Yes,Two year,No,Mailed check,98.55,1968.73,No
3737-YCCRZ,Female,0,Yes,No,70,Yes,No,Fiber optic,Yes,No,No,Yes,No,No,Two year,Yes,Electronic check,81.91,5737.37,No
2244-RJVUF,Male,0,No,Yes,60,Yes,No,DSL,No,No,No,Yes,No,No,Two year,Yes,Bank transfer (automatic),57.38,3435.96,No
0489-NBQNZ,Female,0,Yes,No,13,Yes,No,Fiber optic,No,No,No,No,No,No,Month-to-month,No,Electronic check,74.45,976.49,Yes
8988-VOXKP,Male,0,No,No,19,Yes,Yes,Fiber optic,No,No,No,No,Yes,Yes,Month-to-month,No,Bank transfer (automatic),101.15,1921.07,Yes
0930-HQCTO,Female,0,Yes,No,4,No,No phone service,DSL,No,Yes,Yes,No,No,Yes,Month-to-month,No,Credit card (automatic),61.73,254.16,Yes
7596-NXBMZ,Male,0,Yes,No,30,Yes,No,No,No internet service,No internet service,No internet service,No internet service,No internet service,No internet service,Month-to-month,Yes,Bank transfer (automatic),19.36,586.58,No
7262-OWNKO,Male,0,No,No,61,Yes,No,No,No internet service,No internet service,No internet service,No internet service,No internet service,No internet service,Month-to-month,No,Mailed check,22.68,1380.98,No
1952-SOYWE,Male,0,No,No,11,Yes,Yes,Fiber optic,No,Yes,No,No,Yes,No,Month-to-month,Yes,Credit card (automatic),102.13,1129.28,Yes
9680-GVZLY,Male,1,Yes,No,55,Yes,Yes,DSL,No,No,Yes,No,No,Yes,Month-to-month,No,Credit card (automatic),70.17,3867.96,No
0383-JCIMR,Male,0,No,No,55,Yes,No,Fiber optic,No,Yes,No,No,No,No,Month-to-month,Yes,Mailed check,78.62,4303.83,Yes
3517-HQLSJ,Male,0,Yes,No,11,Yes,Yes,Fiber optic,No,Yes,No,No,Yes,No,One year,Yes,Mailed check,97.3,1069.60,No
8453-ZBXMF,Female,0,No,No,65,Yes,Yes,Fiber optic,No,Yes,No,Yes,No,Yes,Two year,No,Bank transfer (automatic),103.64,6747.89,No
4804-VUFFW,Male,0,No,Yes,25,Yes,No,DSL,No,No,No,No,Yes,No,Month-to-month,No,Mailed check,58.74,1467.40,No
3768-WCSHE,Male,0,Yes,No,67,Yes,Yes,Fiber optic,No,No,Yes,Yes,No,No,Month-to-month,Yes,Mailed check,93.36,6283.28,Yes
3751-TKDOF,Female,0,Yes,Yes,29,Yes,No,Fiber optic,No,No,No,No,No,Yes,Two year,Yes,Credit card (automatic),80.14,2316.21,No
5075-SYBOK,Male,0,Yes,No,19,Yes,No,Fiber optic,No,No,No,No,No,No,Month-to-month,No,Mailed check,71.33,1361.59,Yes
7924-FZVDS,Female,0,No,Yes,65,Yes,No,DSL,No,Yes,Yes,Yes,No,Yes,One year,No,Credit card (automatic),72.18,4691.24,No
3030-LOAZN,Male,1,Yes,Yes,34,Yes,Yes,Fiber optic,No,No,No,No,No,Yes,Month-to-month,Yes,Electronic check,93.23,3153.26,Yes
5432-AFRXJ,Male,0,Yes,Yes,50,No,No phone service,Fiber optic,Yes,No,No,No,No,Yes,Month-to-month,No,Bank transfer (automatic),85.71,4291.82,Yes
4691-MHBTA,Male,0,No,No,13,No,No phone service,No,No internet service,No internet service,No internet service,No internet service,No internet service,No internet service,Month-to-month,Yes,Mailed check,22.33,294.37,No
4808-KOXFW,Female,0,Yes,Yes,54,Yes,Yes,Fiber optic,Yes,No,No,No,No,No,Month-to-month,No,Electronic check,87.76,4737.46,Yes
2041-NUXKI,Male,0,Yes,Yes,35,Yes,No,Fiber optic,No,No,No,Yes,No,No,Two year,Yes,Credit card (automatic),77.13,2711.50,No
1220-HVHKI,Male,1,Yes,No,52,No,No phone service,Fiber optic,Yes,No,No,No,No,Yes,One year,Yes,Credit card (automatic),83.3,4316.96,No
4244-ESNZD,Female,0,Yes,No,53,Yes,Yes,DSL,No,Yes,Yes,Yes,Yes,Yes,Two year,No,Bank transfer (automatic),93.56,4953.06,No
8981-HHGHN,Male,0,No,No,62,Yes,Yes,DSL,No,Yes,No,No,No,Yes,One year,Yes,Credit card (automatic),76.71,4751.13,No
2506-OAYQA,Male,0,No,No,57,No,No phone service,Fiber optic,No,Yes,No,Yes,No,No,Month-to-month,No,Electronic check,75.11,4280.50,Yes
6147-HSGSF,Male,1,Yes,No,26,Yes,No,Fiber optic,Yes,No,No,Yes,Yes,No,Month-to-month,Yes,Electronic check,94.42,2465.61,Yes
5262-HJTOO,Female,0,Yes,No,1,Yes,Yes,No,No internet service,No internet service,No internet service,No internet service,No internet service,No internet service,Month-to-month,No,Credit card (automatic),35.31,37.86,No
0363-FYAEW,Male,0,Yes,No,22,Yes,No,No,No internet service,No internet service,No internet service,No internet service,No internet service,No internet service,Two year,Yes,Mailed check,21.17,480.88,No
0351-JEJAV,Male,1,Yes,No,34,No,No phone service,DSL,No,No,No,No,No,No,Month-to-month,Yes,Electronic check,45.6,1536.13,Yes
5373-XOHEO,Male,0,Yes,Yes,61,Yes,No,DSL,No,Yes,No,No,No,Yes,Month-to-month,Yes,Mailed check,60.99,3709.45,No
3122-DDZKE,Male,0,Yes,No,71,Yes,No,Fiber optic,No,No,No,No,Yes,Yes,Two year,No,Credit card (automatic),90.03,6374.07,No
3975-FHWOZ,Female,0,Yes,No,58,Yes,No,DSL,No,Yes,Yes,No,Yes,No,Month-to-month,Yes,Bank transfer (automatic),67.54,3927.33,No
9718-AOHKL,Male,0,No,No,63,Yes,Yes,No,No internet service,No internet service,No internet service,No internet service,No internet service,No internet service,Month-to-month,No,Electronic check,34.53,2153.13,No
3347-EHJQZ,Male,0,Yes,No,40,Yes,No,DSL,Yes,No,Yes,Yes,Yes,No,Two year,No,Electronic check,69.19,2754.39,No
8527-IVKWA,Female,0,No,No,32,Yes,No,No,No internet service,No internet service,No internet service,No internet service,No internet service,No internet service,Month-to-month,Yes,Electronic check,19.53,623.54,No
4493-VWYAV,Male,1,Yes,No,8,Yes,Yes,Fiber optic,No,No,No,No,Yes,Yes,Month-to-month,Yes,Credit card (automatic),105.15,816.25,Yes
6274-OIUIJ,Female,0,No,No,48,Yes,Yes,DSL,No,No,Yes,No,No,No,Month-to-month,Yes,Mailed check,62.69,3010.63,No
3849-ICTYZ,Female,0,No,Yes,1,Yes,No,Fiber optic,Yes,Yes,No,No,No,No,One year,No,Credit card (automatic),83.75,95.79,Yes
5161-BQKLS,Female,0,No,No,2,Yes,Yes,Fiber optic,No,Yes,No,No,No,No,Month-to-month,No,Credit card (automatic),89.17,173.54,Yes
5786-TFUXA,Female,1,Yes,No,22,No,No phone service,Fiber optic,Yes,No,No,No,Yes,No,Two year,No,Bank transfer (automatic),80.06,1766.30,No
0591-UQGQT,Male,0,Yes,No,18,Yes,No,DSL,Yes,No,Yes,No,No,No,Month-to-month,Yes,Bank transfer (automatic),56.84,1040.99,No
8035-VHQGA,Male,1,No,Yes,17,Yes,No,No,No internet service,No internet service,No internet service,No internet service,No internet service,No internet service,Month-to-month,No,Mailed check,22.92,393.54,No
6272-QMPHS,Male,0,Yes,Yes,34,Yes,No,Fiber optic,Yes,Yes,Yes,Yes,Yes,Yes,Month-to-month,Yes,Mailed check,111.21,3792.96,No
1021-BVQRF,Male,1,Yes,No,53,No,No phone service,No,No internet service,No internet service,No internet service,No internet service,No internet service,No internet service,Two year,No,Mailed check,18.25,962.53,No
2307-WGCJJ,Female,0,No,No,59,Yes,No,DSL,No,Yes,No,No,No,No,Month-to-month,Yes,Credit card (automatic),54.86,3232.56,No
2106-WRGHA,Male,1,No,No,8,Yes,Yes,Fiber optic,No,Yes,Yes,No,Yes,Yes,Month-to-month,Yes,Mailed check,108.88,875.09,Yes
8627-WHVYO,Female,0,No,Yes,51,Yes,Yes,Fiber optic,No,No,No,No,Yes,Yes,Two year,No,Credit card (automatic),103.32,5273.74,No
4220-OHBCX,Male,0,Yes,No,49,No,No phone service,Fiber optic,Yes,Yes,Yes,No,No,No,Month-to-month,Yes,Credit card (automatic),80.91,3971.17,Yes
7334-VUNWP,Male,0,Yes,Yes,11,Yes,Yes,Fiber optic,No,Yes,No,Yes,Yes,Yes,Month-to-month,Yes,Electronic check,112.44,1247.04,Yes
1696-AWUSP,Female,0,Yes,Yes,16,No,No phone service,Fiber optic,No,No,Yes,No,Yes,No,Two year,Yes,Mailed check,82.49,1330.71,No
2311-AOETK,Male,0,No,Yes,48,Yes,No,No,No internet service,No internet service,No internet service,No internet service,No internet service,No internet service,Two year,Yes,Electronic check,23.22,1130.65,No
9126-WLTEE,Male,1,Yes,Yes,47,Yes,No,Fiber optic,No,Yes,No,No,No,No,One year,No,Electronic check,77.85,3677.17,No
5814-LCTZV,Female,0,No,No,26,Yes,Yes,DSL,No,No,No,Yes,Yes,No,Month-to-month,Yes,Mailed check,73.6,1911.22,No
7097-NWQRS,Male,0,No,No,13,Yes,No,Fiber optic,No,No,No,Yes,No,No,One year,Yes,Electronic check,79.23,1031.88,No
0871-MYGIV,Male,1,Yes,No,54,Yes,No,Fiber optic,No,Yes,No,No,No,No,One year,Yes,Credit card (automatic),74.86,4045.46,No
5399-MBWEK,Male,0,No,No,12,Yes,No,Fiber optic,No,Yes,No,No,No,No,Month-to-month,No,Mailed check,77.3,937.85,Yes
5149-DIFBQ,Female,1,Yes,No,2,Yes,No,Fiber optic,No,Yes,No,No,Yes,No,One year,Yes,Electronic check,86.42,173.43,Yes
4859-LWUJV,Male,1,Yes,No,63,Yes,No,Fiber optic,Yes,No,Yes,Yes,No,No,Month-to-month,No,Electronic check,84.53,5317.16,Yes
4857-BLMYU,Female,0,Yes,No,71,No,No phone service,Fiber optic,Yes,Yes,Yes,No,No,No,Month-to-month,Yes,Mailed check,81.03,5757.22,Yes
6909-UZNBV,Female,0,No,Yes,22,Yes,No,No,No internet service,No internet service,No internet service,No internet service,No internet service,No internet service,Month-to-month,No,Mailed check,25.04,573.27,No
0243-SZUKH,Male,1,Yes,No,72,Yes,No,DSL,No,No,No,No,No,Yes,Two year,Yes,Electronic check,57.49,4126.60,No
3067-CVBWO,Male,0,No,No,38,Yes,Yes,DSL,No,No,No,Yes,No,No,Two year,No,Mailed check,64.03,2433.32,No
7554-XAZDO,Female,0,No,No,57,No,No phone service,No,No internet service,No internet service,No internet service,No internet service,No internet service,No internet service,One year,No,Bank transfer (automatic),18.86,1080.73,No
3223-KQMKB,Male,1,No,Yes,17,No,No phone service,No,No internet service,No internet service,No internet service,No internet service,No internet service,No internet service,Month-to-month,Yes,Electronic check,18.25,301.36,No
8914-IIHQA,Male,0,No,Yes,53,Yes,No,DSL,Yes,No,No,No,No,No,One year,Yes,Electronic check,54.08,2879.27,No
8798-GCCRE,Female,0,Yes,No,30,Yes,No,DSL,Yes,No,Yes,No,No,No,Month-to-month,No,Electronic check,55.79,1664.94,No
2512-ELQQJ,Male,0,No,No,63,No,No phone service,No,No internet service,No internet service,No internet service,No internet service,No internet service,No internet service,Month-to-month,No,Electronic check,19.45,1229.49,No
8607-SHUQW,Male,0,Yes,No,41,Yes,No,Fiber optic,No,No,Yes,Yes,No,No,Month-to-month,No,Mailed check,81.81,3348.15,No
4557-YRYLO,Female,0,No,Yes,36,Yes,No,No,No internet service,No internet service,No internet service,No internet service,No internet service,No internet service,Two year,No,Bank transfer (automatic),20.33,737.44,No
9899-PGQWZ,Female,1,No,No,69,Yes,Yes,No,No internet service,No internet service,No internet service,No internet service,No internet service,No internet service,Month-to-month,Yes,Credit card (automatic),33.28,2294.64,No
4596-NOUGI,Male,0,No,Yes,41,No,No phone service,DSL,Yes,No,No,No,No,No,One year,No,Electronic check,46.59,1904.78,No
2716-RTGCR,Male,1,Yes,Yes,28,Yes,No,No,No internet service,No internet service,No internet service,No internet service,No internet service,No internet service,One year,No,Bank transfer (automatic),24.26,689.80,No
9607-CLMBC,Female,0,Yes,No,69,Yes,Yes,Fiber optic,No,No,Yes,Yes,No,No,Two year,Yes,Electronic check,94.42,6524.89,No
4796-WLGOX,Male,0,Yes,Yes,2,Yes,Yes,No,No internet service,No internet service,No internet service,No internet service,No internet service,No internet service,Month-to-month,Yes,Mailed check,27.03,50.45,No
0358-MRAPM,Female,0,No,Yes,17,Yes,Yes,Fiber optic,No,Yes,Yes,Yes,No,No,Month-to-month,No,Credit card (automatic),104.89,1801.26,Yes
9162-JBWMM,Male,0,Yes,No,28,No,No phone service,DSL,Yes,No,Yes,Yes,No,No,Two year,Yes,Credit card (automatic),55.43,1553.30,No
1263-QULYP,Male,0,Yes,No,51,Yes,Yes,Fiber optic,No,No,No,No,Yes,No,Month-to-month,No,Bank transfer (automatic),94.43,4826.65,Yes
7898-GTEAQ,Female,0,No,No,41,Yes,Yes,Fiber optic,Yes,No,No,No,No,Yes,Month-to-month,No,Electronic check,97.09,3973.79,Yes
2713-REYPA,Male,0,No,No,51,Yes,Yes,No,No internet service,No internet service,No internet service,No internet service,No internet service,No internet service,Month-to-month,No,Mailed check,33.66,1710.78,No
4808-XDLZE,Female,0,Yes,Yes,35,Yes,Yes,Fiber optic,No,Yes,No,No,No,No,One year,No,Credit card (automatic),86.75,3029.17,No
4567-NXKMB,Male,0,No,No,7,Yes,No,DSL,Yes,No,No,No,No,Yes,Two year,Yes,Bank transfer (automatic),65.95,465.71,No
8633-HTVUS,Male,0,Yes,No,1,No,No phone service,Fiber optic,No,Yes,Yes,Yes,No,Yes,One year,No,Bank transfer (automatic),90.13,83.85,Yes
9189-IQZCX,Female,0,Yes,No,50,Yes,Yes,DSL,No,No,Yes,No,Yes,Yes,Two year,Yes,Bank transfer (automatic),85.07,4253.75,No
5445-OWQIC,Female,0,No,No,14,Yes,Yes,No,No internet service,No internet service,No internet service,No internet service,No internet service,No internet service,Two year,Yes,Mailed check,29.17,395.59,No
3909-CRRQX,Female,0,No,No,16,Yes,No,Fiber optic,No,No,No,Yes,Yes,No,Two year,Yes,Bank transfer (automatic),88.19,1411.24,No
2257-OYIDN,Female,1,No,No,12,Yes,Yes,No,No internet service,No internet service,No internet service,No internet service,No internet service,No internet service,Month-to-month,No,Electronic check,30.23,369.13,No
4187-CICYB,Male,0,Yes,No,53,Yes,Yes,DSL,No,No,Yes,No,No,Yes,One year,No,Mailed check,74.43,3931.05,No
9878-EKBXO,Female,1,No,No,24,Yes,No,Fiber optic,No,No,No,No,No,Yes,Two year,No,Mailed check,83.68,2027.57,No
5749-RFEPM,Female,0,Yes,No,32,Yes,No,DSL,Yes,No,No,No,No,No,Two year,Yes,Bank transfer (automatic),54.05,1724.43,No
4017-MSZCX,Female,0,No,Yes,21,Yes,No,Fiber optic,Yes,Yes,No,Yes,Yes,No,One year,Yes,Mailed check,97.46,2051.87,No
7170-FXSPH,Female,0,No,Yes,43,Yes,Yes,Fiber optic,No,No,No,No,Yes,No,Two year,Yes,Credit card (automatic),92.47,3954.34,No
0884-JDFGE,Male,0,Yes,No,3,Yes,No,Fiber optic,No,No,Yes,Yes,Yes,No,Two year,Yes,Electronic check,92.73,280.52,No
9826-JJKUG,Female,1,Yes,No,25,Yes,Yes,Fiber optic,Yes,No,No,No,No,Yes,Month-to-month,Yes,Electronic check,95.65,2389.82,Yes
1316-BMNQI,Female,0,Yes,No,0,Yes,No,DSL,Yes,No,No,Yes,No,No,Month-to-month,Yes,Electronic check,63.15, ,Yes
0717-MCPFS,Male,0,No,No,9,Yes,No,DSL,Yes,No,Yes,No,Yes,No,Two year,No,Mailed check,66.41,609.27,No
6981-OEVDT,Male,0,No,No,1,Yes,Yes,No,No internet service,No internet service,No internet service,No internet service,No internet service,No internet service,Two year,Yes,Mailed check,32.2,35.69,No
3130-LVQJV,Female,0,No,No,28,Yes,No,Fiber optic,No,No,Yes,No,No,No,Month-to-month,Yes,Electronic check,78.64,2199.50,Yes
0597-RRNOL,Male,0,No,No,24,No,No phone service,Fiber optic,Yes,No,No,No,Yes,No,Month-to-month,No,Credit card (automatic),82.1,1982.66,Yes
3236-KAFOO,Male,0,No,No,59,Yes,Yes,DSL,No,No,No,Yes,No,No,Two year,Yes,Bank transfer (automatic),63.57,3752.19,No
2969-BNBDQ,Female,0,Yes,No,12,Yes,Yes,DSL,No,Yes,Yes,No,Yes,No,Month-to-month,No,Electronic check,74.3,896.17,Yes
2866-KTBON,Female,0,No,No,39,Yes,No,DSL,Yes,No,No,Yes,No,No,Month-to-month,Yes,Bank transfer (automatic),57.93,2258.10,No
3520-LXUOP,Female,0,Yes,No,33,Yes,Yes,Fiber optic,No,Yes,No,No,No,No,One year,Yes,Bank transfer (automatic),86.12,2844.35,No
4352-YECAZ,Female,0,No,No,34,Yes,Yes,Fiber optic,Yes,No,Yes,No,No,No,Month-to-month,Yes,Bank transfer (automatic),93.8,3190.18,Yes
5120-YXLRO,Female,0,Yes,No,38,Yes,No,DSL,Yes,No,No,No,No,Yes,Month-to-month,Yes,Credit card (automatic),66.06,2517.03,No
7804-HONRT,Male,0,Yes,No,41,Yes,No,Fiber optic,No,No,No,Yes,No,No,Two year,No,Electronic check,81.78,3337.68,No
6247-ZCTNO,Female,1,No,No,24,Yes,Yes,Fiber optic,No,No,No,No,No,No,Two year,No,Credit card (automatic),82.1,1974.89,No
8603-DIFPY,Male,0,Yes,No,13,Yes,Yes,Fiber optic,No,Yes,No,No,Yes,No,Two year,Yes,Bank transfer (automatic),92.98,1202.06,No
5544-BXHKM,Male,0,Yes,No,0,Yes,No,No,No internet service,No internet service,No internet service,No internet service,No internet service,No internet service,Month-to-month,Yes,Electronic check,23.66, ,Yes
0741-RNOFK,Male,0,No,No,38,Yes,No,Fiber optic,No,Yes,No,No,No,No,Month-to-month,No,Credit card (automatic),77.25,2939.32,Yes
8058-HKVSX,Female,1,No,Yes,29,Yes,Yes,DSL,Yes,Yes,No,Yes,Yes,No,Two year,Yes,Mailed check,81.12,2330.27,No
8085-VTAJH,Male,0,Yes,No,4,Yes,No,Fiber optic,No,Yes,No,No,No,No,Two year,Yes,Electronic check,78.52,306.95,Yes
1010-AIMAM,Female,0,No,No,70,Yes,No,DSL,Yes,No,No,No,No,No,Month-to-month,No,Electronic check,53.42,3738.69,No
3956-BFGZN,Female,1,No,No,61,Yes,Yes,Fiber optic,No,No,No,Yes,No,No,Two year,Yes,Bank transfer (automatic),89.43,5451.88,No
9119-WLQHK,Female,0,No,No,30,Yes,Yes,Fiber optic,Yes,No,Yes,No,No,Yes,Two year,Yes,Credit card (automatic),101.99,3042.21,No
2585-IGIRL,Male,1,No,No,6,No,No phone service,DSL,No,No,Yes,Yes,Yes,No,Two year,Yes,Electronic check,61.8,371.37,No
7713-OGKTP,Male,0,Yes,No,28,Yes,No,Fiber optic,No,Yes,No,No,Yes,Yes,One year,No,Credit card (automatic),96.74,2704.36,No
3595-ZCIJN,Male,1,Yes,No,50,Yes,Yes,Fiber optic,No,No,Yes,No,No,No,Two year,No,Electronic check,86.64,4323.78,No
1568-MSZSW,Female,1,Yes,No,50,Yes,No,No,No internet service,No internet service,No internet service,No internet service,No internet service,No internet service,Month-to-month,Yes,Electronic check,24.35,1224.08,No
3764-WSLRF,Male,0,Yes,No,70,Yes,Yes,DSL,Yes,Yes,No,No,No,No,Month-to-month,Yes,Mailed check,66.4,4621.16,No
1254-XICJS,Male,0,Yes,Yes,68,No,No phone service,DSL,Yes,No,No,No,No,Yes,Month-to-month,No,Bank transfer (automatic),55.14,3741.82,No
2506-LQUZX,Female,0,No,Yes,13,Yes,No,No,No internet service,No internet service,No internet service,No internet service,No internet service,No internet service,Month-to-month,No,Bank transfer (automatic),23.98,323.93,No
3433-XRQSI,Female,1,No,No,22,No,No phone service,DSL,No,No,No,No,Yes,No,Two year,Yes,Electronic check,53.89,1175.72,No
3941-DBOBD,Female,0,No,Yes,42,Yes,Yes,DSL,No,No,Yes,No,No,No,Month-to-month,Yes,Electronic check,66.83,2799.03,Yes
5692-SZVLC,Male,0,Yes,Yes,55,Yes,Yes,Fiber optic,Yes,Yes,No,No,Yes,No,Two year,Yes,Bank transfer (automatic),107.96,5946.36,No
1740-CZHDP,Female,0,Yes,No,20,Yes,No,No,No internet service,No internet service,No internet service,No internet service,No internet service,No internet service,Month-to-month,Yes,Mailed check,26.04,520.67,No
6916-EEFMI,Male,0,Yes,No,29,Yes,Yes,Fiber optic,No,Yes,Yes,No,Yes,No,Month-to-month,Yes,Mailed check,104.34,3028.65,Yes
5768-TBGFQ,Female,0,No,Yes,39,Yes,Yes,Fiber optic,Yes,No,No,No,Yes,No,Month-to-month,Yes,Electronic check,97.96,3823.28,Yes
8812-EEAHL,Male,0,No,Yes,21,Yes,Yes,DSL,No,No,Yes,Yes,No,Yes,Month-to-month,No,Credit card (automatic),76.48,1617.86,No
7369-CVNPJ,Male,0,No,No,1,Yes,Yes,Fiber optic,No,Yes,No,No,No,No,Month-to-month,No,Bank transfer (automatic),92.45,93.73,Yes
9804-THKLA,Male,0,No,Yes,22,Yes,Yes,Fiber optic,No,Yes,No,No,No,No,Month-to-month,No,Credit card (automatic),88.78,1957.08,Yes
8538-KEOEL,Male,0,No,No,61,Yes,Yes,Fiber optic,Yes,Yes,No,No,No,Yes,Two year,No,Mailed check,105.9,6470.49,No
4007-LXOOF,Female,0,No,No,29,Yes,No,Fiber optic,Yes,No,Yes,No,Yes,No,Month-to-month,No,Mailed check,92.9,2707.92,Yes
3118-ETZAW,Male,1,Yes,No,26,No,No phone service,Fiber optic,No,No,No,No,No,No,Two year,Yes,Mailed check,69.02,1798.24,No
2544-EAQSN,Male,0,Yes,No,36,Yes,Yes,Fiber optic,No,No,Yes,Yes,No,Yes,Two year,Yes,Electronic check,103.38,3710.39,No
9341-XKBYR,Female,0,No,No,69,No,No phone service,DSL,Yes,Yes,No,No,No,Yes,One year,Yes,Mailed check,61.66,4270.18,No
8671-WLFTW,Female,0,No,No,15,Yes,Yes,DSL,Yes,No,Yes,No,Yes,No,Month-to-month,Yes,Electronic check,79.09,1179.64,No
3196-HRUAW,Female,0,Yes,No,19,Yes,No,Fiber optic,No,No,No,No,No,No,Month-to-month,Yes,Electronic check,77.51,1484.90,Yes
7545-OBAWW,Male,1,No,No,45,Yes,No,No,No internet service,No internet service,No internet service,No internet service,No internet service,No internet service,Month-to-month,Yes,Bank transfer (automatic),21.95,980.04,No
9911-QZHOH,Male,0,Yes,No,24,Yes,Yes,No,No internet service,No internet service,No internet service,No internet service,No internet service,No internet service,Month-to-month,Yes,Mailed check,32.58,803.05,No
0783-AASPN,Female,0,No,No,58,Yes,Yes,Fiber optic,Yes,No,No,No,Yes,No,Month-to-month,No,Bank transfer (automatic),94.33,5476.09,Yes
4489-BRFIA,Female,0,Yes,No,31,Yes,No,DSL,No,Yes,Yes,No,No,No,Two year,Yes,Credit card (automatic),59.23,1848.89,No
8884-MIKDB,Female,0,No,No,16,Yes,Yes,No,No internet service,No internet service,No internet service,No internet service,No internet service,No internet service,One year,No,Electronic check,34.19,543.32,No
5352-FBRMI,Male,0,Yes,No,9,Yes,No,Fiber optic,No,No,No,No,No,No,Month-to-month,Yes,Electronic check,74.13,668.16,Yes
6207-VGYUO,Male,0,No,No,16,Yes,No,DSL,No,Yes,No,No,No,No,One year,No,Bank transfer (automatic),52.46,849.61,No
0964-SYAQQ,Female,0,Yes,No,1,Yes,No,No,No internet service,No internet service,No internet service,No internet service,No internet service,No internet service,Month-to-month,Yes,Bank transfer (automatic),22.21,39.01,No
2592-HNNJB,Male,0,Yes,No,65,Yes,No,DSL,Yes,No,No,Yes,Yes,No,Month-to-month,No,Credit card (automatic),68.38,4441.09,No
8249-HPBFU,Male,0,No,No,28,Yes,No,Fiber optic,No,No,No,No,No,No,One year,Yes,Electronic check,74.04,2075.67,No
9841-PEOLD,Female,0,No,Yes,3,Yes,No,DSL,No,Yes,Yes,Yes,Yes,Yes,Month-to-month,No,Bank transfer (automatic),82.97,239.50,No
6514-WKWPO,Male,1,No,No,29,Yes,Yes,Fiber optic,No,No,No,Yes,No,Yes,Month-to-month,No,Bank transfer (automatic),97.05,2823.87,Yes
4832-ODUMV,Male,1,Yes,Yes,60,Yes,Yes,No,No internet service,No internet service,No internet service,No internet service,No internet service,No internet service,Month-to-month,Yes,Electronic check,29.83,1791.92,No
2134-TNOCH,Female,0,No,No,57,Yes,No,No,No internet service,No internet service,No internet service,No internet service,No internet service,No internet service,One year,No,Electronic check,24.94,1422.95,No
9311-QMDZY,Female,0,Yes,No,33,Yes,No,DSL,No,Yes,No,No,No,Yes,Month-to-month,Yes,Credit card (automatic),63.27,2069.38,No
6966-XQJJX,Female,0,No,No,23,Yes,Yes,Fiber optic,No,No,No,No,No,Yes,Month-to-month,No,Electronic check,90.16,2080.51,Yes
3335-GVALX,Female,0,Yes,Yes,24,Yes,Yes,Fiber optic,No,No,Yes,Yes,No,No,Month-to-month,Yes,Bank transfer (automatic),94.25,2255.18,Yes
9655-UVIZI,Female,1,No,No,24,Yes,No,No,No internet service,No internet service,No internet service,No internet service,No internet service,No internet service,Two year,Yes,Mailed check,24.33,572.40,No
9798-JHXPQ,Male,0,Yes,No,29,Yes,No,DSL,Yes,Yes,No,No,No,Yes,One year,Yes,Credit card (automatic),67.03,1943.08,No
9431-XSDGJ,Male,1,Yes,No,54,Yes,No,Fiber optic,Yes,Yes,No,No,Yes,No,Two year,Yes,Electronic check,90.92,4914.81,No
8123-JAWRE,Male,1,No,Yes,23,Yes,Yes,Fiber optic,No,Yes,No,No,No,No,Month-to-month,No,Electronic check,90.09,2066.05,Yes
0210-WUQVP,Female,0,No,No,38,Yes,No,Fiber optic,Yes,No,Yes,No,No,No,One year,Yes,Bank transfer (automatic),82.02,3116.31,No
4269-INMYY,Female,0,Yes,No,1,Yes,Yes,No,No internet service,No internet service,No internet service,No internet service,No internet service,No internet service,One year,No,Credit card (automatic),28.29,19.49,No
1264-RCJVG,Male,1,Yes,No,33,Yes,Yes,DSL,Yes,No,No,Yes,No,Yes,Two year,Yes,Bank transfer (automatic),77.86,2572.22,No
8067-NSDZF,Male,0,No,No,15,Yes,No,Fiber optic,Yes,No,No,No,No,No,Two year,Yes,Mailed check,78.28,1172.60,No
9637-EADCI,Female,0,No,No,47,Yes,Yes,DSL,No,Yes,No,No,Yes,Yes,Month-to-month,No,Mailed check,83.22,3905.08,No
7058-GDMQB,Female,0,No,Yes,23,Yes,Yes,DSL,Yes,No,Yes,Yes,No,No,One year,Yes,Bank transfer (automatic),71.57,1641.08,No
4475-HRCVL,Male,0,Yes,No,49,Yes,Yes,Fiber optic,No,No,Yes,No,No,No,Month-to-month,No,Mailed check,88.12,4337.36,Yes
9255-BWLBF,Male,1,Yes,No,1,No,No phone service,No,No internet service,No internet service,No internet service,No internet service,No internet service,No internet service,Two year,No,Bank transfer (automatic),19.41,18.25,No
0216-THVLZ,Male,0,Yes,Yes,38,Yes,No,No,No internet service,No internet service,No internet service,No internet service,No internet service,No internet service,Month-to-month,No,Credit card (automatic),18.73,722.20,No
3486-PJYWP,Female,0,No,No,58,No,No phone service,Fiber optic,Yes,Yes,No,No,No,Yes,One year,No,Electronic check,89.09,5180.83,No
0732-PMWSH,Male,0,No,Yes,22,Yes,No,No,No internet service,No internet service,No internet service,No internet service,No internet service,No internet service,Month-to-month,Yes,Electronic check,24.7,550.60,No
5437-XLAYU,Male,1,No,No,11,Yes,No,Fiber optic,Yes,Yes,No,Yes,No,Yes,Two year,Yes,Credit card (automatic),97.32,1073.35,No
3551-HGAUP,Female,1,No,No,68,Yes,No,No,No internet service,No internet service,No internet service,No internet service,No internet service,No internet service,One year,Yes,Bank transfer (automatic),20.32,1373.07,No
5313-AWRMB,Male,0,Yes,No,14,Yes,Yes,Fiber optic,No,Yes,Yes,No,Yes,Yes,Month-to-month,Yes,Mailed check,114.8,1602.65,Yes
8418-IAKCT,Female,0,No,Yes,59,Yes,Yes,DSL,No,No,Yes,No,No,No,Month-to-month,No,Mailed check,65.58,3874.27,No
6931-WFCVK,Male,0,No,Yes,63,Yes,Yes,Fiber optic,No,No,Yes,Yes,Yes,No,One year,Yes,Credit card (automatic),100.76,6329.76,No
5439-LOQJF,Female,0,No,No,1,Yes,Yes,DSL,No,No,Yes,No,No,No,Month-to-month,Yes,Credit card (automatic),62.66,70.05,Yes
1279-NFCPG,Female,1,Yes,Yes,69,Yes,No,DSL,No,No,No,No,No,No,Two year,No,Electronic check,46.03,3187.03,No
3842-BBCRN,Female,1,No,No,63,Yes,Yes,No,No internet service,No internet service,No internet service,No internet service,No internet service,No internet service,Month-to-month,No,Bank transfer (automatic),31.75,2010.43,No
3198-BYVAD,Female,1,No,No,35,Yes,Yes,DSL,No,No,No,Yes,Yes,No,Month-to-month,Yes,Credit card (automatic),72.91,2553.60,No
0532-CIFYM,Female,0,No,Yes,12,Yes,No,DSL,Yes,No,No,No,Yes,Yes,Two year,No,Electronic check,74.86,891.38,No
4174-BDYOD,Male,1,Yes,No,1,No,No phone service,DSL,Yes,No,No,Yes,No,No,Month-to-month,No,Electronic check,54.23,60.44,Yes
3151-WSSES,Female,0,No,No,4,Yes,Yes,Fiber optic,No,No,No,Yes,No,Yes,One year,Yes,Electronic check,98.28,384.08,No
1981-KRXOI,Male,0,No,Yes,39,Yes,No,DSL,No,No,No,No,No,Yes,One year,Yes,Mailed check,62.42,2443.23,No
6282-UINSG,Female,1,Yes,No,63,Yes,No,DSL,Yes,No,Yes,No,No,No,Month-to-month,Yes,Credit card (automatic),55.4,3492.13,No
0336-HQEGT,Male,0,Yes,No,38,Yes,Yes,No,No internet service,No internet service,No internet service,No internet service,No internet service,No internet service,Two year,Yes,Mailed check,31.86,1204.53,No
3356-RETCG,Male,0,Yes,Yes,34,Yes,Yes,No,No internet service,No internet service,No internet service,No internet service,No internet service,No internet service,Month-to-month,No,Mailed check,33.21,1142.49,No
5645-EWBUV,Male,0,No,No,56,Yes,Yes,Fiber optic,Yes,No,No,Yes,No,No,Month-to-month,No,Bank transfer (automatic),92.38,5179.74,No
5496-ZXGEA,Female,0,No,No,40,Yes,Yes,DSL,No,No,No,Yes,Yes,No,One year,No,Mailed check,72.59,2909.29,No
4914-UREMD,Male,0,Yes,Yes,44,Yes,No,Fiber optic,No,No,No,No,No,Yes,One year,No,Mailed check,84.73,3732.35,No
0204-TWUZD,Male,0,No,No,33,Yes,Yes,No,No internet service,No internet service,No internet service,No internet service,No internet service,No internet service,Month-to-month,Yes,Mailed check,31.23,1030.25,No
1317-CITFJ,Female,0,Yes,No,18,Yes,Yes,No,No internet service,No internet service,No internet service,No internet service,No internet service,No internet service,Month-to-month,No,Credit card (automatic),36.55,658.52,No
4908-QXIIA,Male,0,Yes,No,41,Yes,Yes,DSL,No,No,Yes,Yes,Yes,No,One year,No,Mailed check,76.17,3125.08,No
1091-ZHUKW,Male,0,Yes,Yes,16,Yes,Yes,Fiber optic,Yes,Yes,Yes,No,No,No,Month-to-month,No,Bank transfer (automatic),96.52,1531.02,Yes
1757-QOQWX,Female,0,Yes,Yes,34,Yes,No,Fiber optic,No,No,No,Yes,No,Yes,Month-to-month,No,Electronic check,90.28,3065.58,Yes
2406-EHMHY,Female,0,No,No,34,Yes,Yes,DSL,No,Yes,No,No,No,No,One year,Yes,Mailed check,65.43,2223.44,No
6027-CXQET,Female,0,No,No,5,Yes,Yes,No,No internet service,No internet service,No internet service,No internet service,No internet service,No internet service,Two year,Yes,Credit card (automatic),32.35,156.25,No
4793-KTOSG,Female,0,Yes,Yes,51,No,No phone service,No,No internet service,No internet service,No internet service,No internet service,No internet service,No internet service,One year,Yes,Bank transfer (automatic),20.49,1051.30,No
2294-EVHJF,Male,0,No,Yes,42,Yes,No,No,No internet service,No internet service,No internet service,No internet service,No internet service,No internet service,Two year,No,Electronic check,21.19,905.10,No
0778-IBORC,Male,0,No,No,22,Yes,No,DSL,No,Yes,No,No,No,No,One year,No,Electronic check,49.18,1079.23,No
0338-IYZWR,Female,1,Yes,No,42,Yes,Yes,DSL,Yes,Yes,Yes,No,Yes,No,Month-to-month,Yes,Bank transfer (automatic),84.98,3572.43,No
9437-BVMUP,Male,0,Yes,No,52,Yes,No,No,No internet service,No internet service,No internet service,No internet service,No internet service,No internet service,Two year,Yes,Electronic check,19.97,1039.00,No
1907-RWIYH,Male,1,No,Yes,71,Yes,Yes,Fiber optic,No,No,No,Yes,No,No,Two year,Yes,Electronic check,87.97,6249.00,No
9815-TTULS,Female,0,No,Yes,72,Yes,No,Fiber optic,No,No,No,No,Yes,Yes,One year,No,Electronic check,96.81,6973.46,No
0742-ZWGQL,Male,0,Yes,No,66,Yes,Yes,Fiber optic,No,No,No,No,Yes,No,Month-to-month,Yes,Bank transfer (automatic),91.11,6019.75,Yes
8144-HNHNG,Male,1,Yes,No,65,Yes,Yes,Fiber optic,Yes,Yes,Yes,No,No,Yes,Month-to-month,No,Mailed check,105.41,6859.39,Yes
6558-VMRBU,Female,0,No,No,33,Yes,Yes,DSL,No,Yes,Yes,No,Yes,No,Month-to-month,No,Bank transfer (automatic),76.09,2525.28,No
3126-XLMVK,Male,0,Yes,Yes,34,Yes,Yes,Fiber optic,No,No,Yes,No,Yes,No,Month-to-month,Yes,Electronic check,95.54,3252.67,Yes
4072-VSWGL,Female,0,No,No,26,Yes,No,DSL,No,Yes,No,No,Yes,No,Two year,Yes,Credit card (automatic),60.79,1567.75,No
8479-ZPHAL,Male,0,Yes,Yes,26,Yes,No,No,No internet service,No internet service,No internet service,No internet service,No internet service,No internet service,Month-to-month,Yes,Electronic check,19.92,537.54,No
4203-HCJBK,Male,0,Yes,No,63,Yes,No,Fiber optic,Yes,Yes,No,No,Yes,Yes,Two year,No,Electronic check,104.94,6636.89,No
8946-BIPMI,Female,0,No,Yes,38,Yes,Yes,No,No internet service,No internet service,No internet service,No internet service,No internet service,No internet service,Month-to-month,No,Mailed check,29.64,1142.15,No
3359-ZZVLQ,Male,0,Yes,No,59,Yes,No,No,No internet service,No internet service,No internet service,No internet service,No internet service,No internet service,Two year,No,Electronic check,24.3,1433.60,No
8148-TKPSW,Female,0,Yes,No,72,Yes,No,DSL,No,Yes,No,No,No,Yes,Month-to-month,Yes,Mailed check,59.7,4301.86,No
5724-ZDODT,Female,0,Yes,Yes,22,No,No phone service,DSL,No,Yes,No,Yes,Yes,No,Two year,Yes,Credit card (automatic),63.31,1397.81,No
9752-ZEFUV,Female,0,No,No,10,Yes,Yes,No,No internet service,No internet service,No internet service,No internet service,No internet service,No internet service,Two year,No,Credit card (automatic),34.78,361.95,No
7649-FNDYM,Male,0,Yes,No,3,Yes,No,No,No internet service,No internet service,No internet service,No internet service,No internet service,No internet service,One year,No,Mailed check,22.93,78.98,No
3066-DNCXE,Male,0,No,No,50,Yes,Yes,DSL,Yes,No,No,No,No,No,Two year,No,Bank transfer (automatic),60.57,3027.75,No
9633-XXBRS,Female,0,No,No,37,Yes,No,No,No internet service,No internet service,No internet service,No internet service,No internet service,No internet service,One year,Yes,Mailed check,22.91,857.21,No
2025-XMLZF,Female,0,No,Yes,50,Yes,No,Fiber optic,No,No,Yes,Yes,Yes,No,Month-to-month,No,Electronic check,91.92,4600.45,Yes
4323-WQWAR,Female,0,Yes,No,47,Yes,Yes,Fiber optic,Yes,No,Yes,No,No,No,Month-to-month,No,Credit card (automatic),92.62,4355.66,Yes
3085-MAQFD,Male,0,No,Yes,35,Yes,Yes,No,No internet service,No internet service,No internet service,No internet service,No internet service,No internet service,Month-to-month,No,Bank transfer (automatic),30.42,1069.94,No
3568-ZPEYT,Female,1,No,No,24,Yes,Yes,DSL,Yes,Yes,No,No,No,No,Month-to-month,No,Credit card (automatic),68.72,1653.37,No
9120-VMFQM,Male,0,Yes,No,4,Yes,No,Fiber optic,No,No,No,No,Yes,Yes,Month-to-month,No,Electronic check,92.44,366.31,Yes
2429-CNZSE,Female,1,Yes,Yes,68,Yes,Yes,DSL,No,No,No,No,No,Yes,Two year,Yes,Credit card (automatic),69.52,4721.21,No
4304-JEDFZ,Male,0,Yes,Yes,22,Yes,Yes,DSL,No,No,Yes,Yes,Yes,No,Month-to-month,Yes,Credit card (automatic),80.07,1760.61,No
3661-CAXYD,Male,0,No,No,13,Yes,No,Fiber optic,Yes,No,No,No,No,No,Two year,No,Mailed check,78.7,1032.93,No
5858-TXYDU,Male,0,No,No,51,Yes,No,DSL,Yes,No,Yes,Yes,No,No,Two year,Yes,Mailed check,62.36,3187.54,No
7956-CWNXJ,Male,0,No,No,47,Yes,Yes,Fiber optic,No,No,No,No,No,No,Month-to-month,No,Mailed check,81.46,3839.81,Yes
5985-LIMDX,Male,0,No,No,56,Yes,Yes,Fiber optic,Yes,No,No,No,No,No,Two year,Yes,Mailed check,86.25,4827.65,No
3198-UDRAG,Male,0,No,Yes,32,Yes,No,Fiber optic,No,No,No,No,No,Yes,Month-to-month,No,Bank transfer (automatic),83.66,2672.05,Yes
5173-XOPGU,Female,0,No,No,37,Yes,No,DSL,No,No,No,Yes,No,No,Month-to-month,Yes,Mailed check,54.04,2002.90,No
9978-EZURE,Female,0,No,No,64,Yes,No,DSL,No,No,No,No,No,No,Month-to-month,Yes,Bank transfer (automatic),47.73,3061.27,No
2694-XQSSY,Female,0,Yes,No,5,Yes,No,DSL,No,Yes,Yes,No,No,No,Month-to-month,Yes,Bank transfer (automatic),57.97,288.34,No
4880-RUDJY,Male,1,No,No,20,Yes,Yes,DSL,No,No,No,Yes,Yes,No,One year,Yes,Bank transfer (automatic),70.23,1400.97,No
6560-QXBZK,Male,0,Yes,No,26,Yes,No,DSL,No,No,Yes,No,No,No,Month-to-month,Yes,Electronic check,53.29,1388.66,Yes
8650-QBFNF,Male,0,Yes,No,68,Yes,No,DSL,No,No,No,Yes,No,No,One year,Yes,Electronic check,52.08,3527.16,No
1094-EBVPY,Female,1,No,No,5,Yes,Yes,DSL,Yes,No,No,No,Yes,No,Month-to-month,Yes,Mailed check,75.32,361.25,No
1912-GVLXO,Male,0,No,Yes,39,Yes,No,Fiber optic,No,No,No,Yes,No,Yes,One year,Yes,Mailed check,88.64,3456.39,No
7592-SQGUT,Female,0,Yes,No,24,Yes,No,DSL,No,No,Yes,No,No,No,Month-to-month,Yes,Bank transfer (automatic),52.39,1264.65,No
9335-OXHUO,Female,0,No,No,68,Yes,Yes,DSL,Yes,No,No,No,Yes,No,Month-to-month,No,Mailed check,73.79,5005.18,No
5387-ZZQBY,Female,0,Yes,Yes,61,Yes,No,Fiber optic,Yes,No,No,Yes,Yes,Yes,Two year,Yes,Bank transfer (automatic),106.76,6512.70,No
7270-JTCFG,Male,0,No,No,45,Yes,Yes,DSL,No,Yes,Yes,Yes,Yes,Yes,Two year,Yes,Electronic check,94.74,4254.21,No
3681-KSESK,Female,0,Yes,Yes,47,Yes,Yes,DSL,No,Yes,Yes,Yes,Yes,Yes,Month-to-month,Yes,Credit card (automatic),91.86,4307.71,No
7977-IDEUH,Female,0,No,No,37,Yes,No,Fiber optic,No,No,No,Yes,No,No,Two year,No,Electronic check,79.02,2920.45,No
6871-JTFLB,Male,0,No,No,60,Yes,Yes,Fiber optic,Yes,No,Yes,No,Yes,No,One year,No,Mailed check,108.8,6539.22,No
6221-KHFAA,Female,0,Yes,No,16,Yes,No,DSL,Yes,Yes,Yes,No,No,Yes,Two year,No,Bank transfer (automatic),74.75,1205.06,No
6744-DFNVS,Female,0,No,Yes,47,Yes,Yes,DSL,Yes,No,No,No,Yes,Yes,Month-to-month,Yes,Electronic check,82.75,3868.83,No
8606-UUMBD,Female,0,No,No,32,Yes,No,No,No internet service,No internet service,No internet service,No internet service,No internet service,No internet service,One year,Yes,Credit card (automatic),25.49,794.10,No
5964-YCADY,Male,0,Yes,No,17,Yes,Yes,DSL,No,No,Yes,No,No,No,Month-to-month,No,Bank transfer (automatic),59.41,1018.20,No
3194-CITFR,Male,0,No,Yes,35,Yes,Yes,No,No internet service,No internet service,No internet service,No internet service,No internet service,No internet service,Month-to-month,No,Credit card (automatic),30.9,1102.07,No
5281-OLLIU,Male,0,No,Yes,53,Yes,No,DSL,No,No,No,No,No,Yes,Month-to-month,Yes,Mailed check,54.23,2869.81,No
7152-LZPUX,Male,0,Yes,Yes,2,Yes,No,No,No internet service,No internet service,No internet service,No internet service,No internet service,No internet service,Month-to-month,Yes,Electronic check,19.83,35.87,No
9042-TBISO,Female,0,Yes,No,19,No,No phone service,Fiber optic,No,No,No,Yes,No,No,Two year,No,Mailed check,73.03,1395.63,No
1986-PVQEL,Male,1,Yes,No,30,Yes,No,Fiber optic,No,Yes,Yes,No,No,No,Month-to-month,No,Credit card (automatic),80.24,2410.31,Yes
2031-BCHXO,Male,0,No,No,20,Yes,No,DSL,Yes,No,No,No,Yes,No,Month-to-month,Yes,Electronic check,60.99,1228.58,No
6583-AHWWC,Female,0,Yes,No,33,Yes,No,No,No internet service,No internet service,No internet service,No internet service,No internet service,No internet service,Month-to-month,Yes,Electronic check,19.57,646.71,No
3985-OUCYU,Female,0,Yes,No,56,Yes,No,Fiber optic,No,Yes,No,Yes,No,No,Month-to-month,No,Electronic check,83.93,4706.99,Yes
4330-GICMO,Male,0,No,Yes,36,Yes,Yes,Fiber optic,No,No,No,No,No,No,Month-to-month,Yes,Credit card (automatic),80.55,2898.34,Yes
1205-WBXNF,Female,0,No,No,0,Yes,No,Fiber optic,Yes,Yes,No,Yes,No,Yes,Two year,No,Credit card (automatic),99.74, ,Yes
3472-SNTQY,Female,0,No,Yes,56,Yes,Yes,DSL,Yes,Yes,No,No,No,No,One year,No,Electronic check,67.73,3794.50,No
7795-WVPYS,Male,0,No,No,54,Yes,No,No,No internet service,No internet service,No internet service,No internet service,No internet service,No internet service,Month-to-month,Yes,Electronic check,25.79,1381.63,No
2292-ITMGN,Male,1,Yes,No,30,Yes,No,DSL,Yes,Yes,No,No,No,Yes,Month-to-month,Yes,Mailed check,67.29,2032.54,No
8682-OTNXF,Female,1,No,No,22,Yes,No,DSL,Yes,No,No,Yes,Yes,No,One year,Yes,Electronic check,69.73,1542.68,No
4370-IAXTY,Female,0,Yes,No,47,Yes,Yes,Fiber optic,No,No,No,No,No,No,One year,Yes,Electronic check,83.41,3914.62,No
4288-DDHBI,Male,0,No,No,19,Yes,Yes,DSL,No,No,Yes,No,No,No,One year,No,Mailed check,64.22,1217.91,No
5876-PQPLC,Male,0,Yes,No,6,Yes,Yes,No,No internet service,No internet service,No internet service,No internet service,No internet service,No internet service,Two year,Yes,Mailed check,34.9,208.72,No
1444-PTECL,Male,0,Yes,Yes,1,Yes,No,DSL,Yes,No,No,Yes,No,No,One year,No,Electronic check,58.37,54.91,No
0488-DCQBX,Female,0,Yes,Yes,39,Yes,Yes,Fiber optic,Yes,No,Yes,No,No,No,Month-to-month,Yes,Credit card (automatic),93.76,3643.06,Yes
0767-LVLNO,Female,0,No,No,23,Yes,No,Fiber optic,No,Yes,Yes,No,No,No,One year,Yes,Bank transfer (automatic),84.12,1936.76,No
8293-VHUSF,Female,0,No,No,8,Yes,No,Fiber optic,No,Yes,No,Yes,Yes,No,Month-to-month,No,Electronic check,89.78,703.79,Yes
3823-WGDVL,Male,0,Yes,No,42,Yes,Yes,Fiber optic,No,No,Yes,No,Yes,No,One year,Yes,Bank transfer (automatic),98.74,4156.88,No
2517-BWIAH,Male,0,No,No,50,Yes,Yes,Fiber optic,No,No,No,No,No,No,Month-to-month,Yes,Electronic check,84.67,4246.14,Yes
6555-YRQLF,Male,0,No,No,49,Yes,No,No,No internet service,No internet service,No internet service,No internet service,No internet service,No internet service,Month-to-month,Yes,Bank transfer (automatic),22.84,1119.05,No
9729-AYMQC,Male,1,No,Yes,21,Yes,No,No,No internet service,No internet service,No internet service,No internet service,No internet service,No internet service,Month-to-month,No,Electronic check,20.29,425.04,No
7237-QMFQN,Male,0,No,Yes,9,No,No phone service,Fiber optic,No,Yes,No,Yes,Yes,No,Two year,Yes,Electronic check,89.0,786.28,No
0730-ZGUUQ,Female,0,Yes,No,66,No,No phone service,DSL,No,No,No,No,No,No,Month-to-month,Yes,Credit card (automatic),40.19,2649.20,No
9588-XEQIQ,Female,0,Yes,No,3,Yes,No,No,No internet service,No internet service,No internet service,No internet service,No internet service,No internet service,Month-to-month,Yes,Electronic check,19.64,43.90,No
7426-WIGMK,Female,0,Yes,No,29,Yes,No,Fiber optic,No,Yes,No,No,Yes,No,Month-to-month,Yes,Credit card (automatic),90.33,2625.50,Yes
2072-LHHUM,Female,0,No,No,21,Yes,Yes,DSL,No,No,No,No,No,No,Month-to-month,Yes,Bank transfer (automatic),59.04,1232.60,No
0969-EHYNW,Female,0,Yes,Yes,72,Yes,Yes,DSL,No,No,No,No,No,No,Month-to-month,No,Electronic check,56.4,4058.73,No
6031-RBDAD,Female,0,Yes,No,40,Yes,Yes,Fiber optic,No,No,No,No,No,Yes,Month-to-month,No,Bank transfer (automatic),93.85,3744.00,Yes
1427-TQALZ,Male,0,No,No,15,No,No phone service,Fiber optic,No,Yes,No,No,No,Yes,Month-to-month,Yes,Electronic check,82.6,1242.77,Yes
2861-IJBSK,Male,0,Yes,Yes,55,Yes,Yes,Fiber optic,Yes,No,No,No,No,Yes,Month-to-month,Yes,Bank transfer (automatic),99.61,5479.11,Yes
9125-IYGCT,Male,0,Yes,Yes,68,Yes,No,Fiber optic,No,No,No,No,No,No,Two year,Yes,Credit card (automatic),79.11,5361.10,No
5415-CPHBQ,Male,0,No,No,13,Yes,Yes,DSL,No,Yes,Yes,No,No,No,Month-to-month,Yes,Credit card (automatic),66.23,836.71,No
8206-MOZEU,Female,1,No,No,51,No,No phone service,DSL,No,No,No,No,No,No,Month-to-month,Yes,Bank transfer (automatic),42.3,2154.14,No
0867-YFUVK,Female,0,No,Yes,13,Yes,No,Fiber optic,No,No,No,No,Yes,No,Month-to-month,Yes,Mailed check,80.64,1051.35,Yes
1326-IUFZL,Female,1,Yes,No,46,Yes,Yes,DSL,No,Yes,No,No,No,Yes,One year,No,Credit card (automatic),75.09,3453.07,No
1228-WHKPZ,Male,1,No,No,15,Yes,Yes,Fiber optic,No,No,No,Yes,No,No,Two year,Yes,Credit card (automatic),87.54,1316.86,No
8530-XGBXE,Male,0,No,Yes,42,Yes,Yes,DSL,No,No,No,Yes,No,No,One year,No,Electronic check,62.56,2643.68,No
6347-AAOTS,Male,0,No,No,67,Yes,No,DSL,Yes,No,No,No,No,No,Two year,Yes,Electronic check,52.15,3491.07,No
9120-QFEHB,Female,0,No,No,36,Yes,No,DSL,No,Yes,No,No,No,No,Month-to-month,Yes,Credit card (automatic),51.83,1879.03,No
3750-DQMRE,Female,0,No,No,13,Yes,Yes,DSL,No,No,No,Yes,No,Yes,Two year,No,Credit card (automatic),71.95,929.89,No
7723-ZNVKJ,Male,0,Yes,Yes,40,Yes,Yes,DSL,No,No,Yes,Yes,Yes,No,Month-to-month,No,Credit card (automatic),77.22,3084.93,No
2154-JEZEJ,Male,0,Yes,Yes,72,Yes,No,Fiber optic,No,No,No,Yes,No,No,One year,No,Electronic check,79.57,5725.21,No
4265-DRIQM,Male,0,No,Yes,23,Yes,Yes,DSL,No,No,No,No,No,No,Month-to-month,Yes,Bank transfer (automatic),59.86,1366.73,No
3053-EEIQM,Male,0,Yes,No,18,Yes,No,No,No internet service,No internet service,No internet service,No internet service,No internet service,No internet service,Month-to-month,Yes,Electronic check,23.31,428.25,No
1546-SCJBM,Male,0,No,No,11,Yes,Yes,Fiber optic,Yes,Yes,No,No,No,No,Month-to-month,Yes,Mailed check,95.88,1064.35,Yes
2904-NLULK,Male,0,No,No,46,Yes,Yes,Fiber optic,No,Yes,No,No,Yes,Yes,Month-to-month,Yes,Credit card (automatic),109.26,5005.18,Yes
6320-XCMOB,Female,1,Yes,Yes,11,Yes,No,DSL,No,No,Yes,No,No,Yes,Month-to-month,Yes,Credit card (automatic),61.74,669.78,No
3202-RHVYX,Male,1,No,No,2,Yes,No,No,No internet service,No internet service,No internet service,No internet service,No internet service,No internet service,Month-to-month,Yes,Electronic check,24.75,62.07,No
9246-UHEQE,Female,0,No,No,29,Yes,Yes,No,No internet service,No internet service,No internet service,No internet service,No internet service,No internet service,Two year,Yes,Mailed check,34.87,1006.76,No
3524-BKVMO,Female,0,No,No,57,Yes,No,DSL,Yes,No,No,No,Yes,No,Month-to-month,Yes,Electronic check,63.34,3612.21,No
5456-EQXTI,Male,0,No,No,45,Yes,Yes,Fiber optic,No,Yes,No,Yes,Yes,No,Month-to-month,No,Electronic check,102.44,4605.43,Yes
9502-SZPLL,Female,0,No,No,50,Yes,No,DSL,Yes,No,Yes,No,No,No,Month-to-month,No,Electronic check,55.31,2754.80,No
3569-DFKAX,Male,0,No,No,14,Yes,Yes,Fiber optic,No,Yes,No,Yes,Yes,Yes,Month-to-month,No,Electronic check,112.06,1568.28,Yes
6821-QSUNR,Male,0,No,No,42,Yes,No,No,No internet service,No internet service,No internet service,No internet service,No internet service,No internet service,Month-to-month,No,Electronic check,19.29,792.76,No
2362-PIHTM,Male,0,Yes,Yes,21,Yes,No,No,No internet service,No internet service,No internet service,No internet service,No internet service,No internet service,Two year,Yes,Credit card (automatic),22.29,463.12,No
0000-HSFCE,Male,0,No,No,8,Yes,No,DSL,No,No,Yes,Yes,No,Yes,Month-to-month,Yes,Mailed check,68.09,554.17,No
6155-KCVJJ,Female,0,No,No,38,Yes,Yes,No,No internet service,No internet service,No internet service,No internet service,No internet service,No internet service,Two year,Yes,Credit card (automatic),35.17,1335.36,No
4187-CXYOC,Female,1,No,No,67,Yes,No,DSL,No,Yes,No,No,Yes,No,Month-to-month,Yes,Electronic check,61.94,4143.77,Yes
2179-QHGGC,Male,0,No,Yes,56,Yes,Yes,No,No internet service,No internet service,No internet service,No internet service,No internet service,No internet service,Two year,No,Bank transfer (automatic),33.5,1866.85,No
0384-AOEMH,Female,0,No,No,67,No,No phone service,Fiber optic,No,Yes,No,No,Yes,No,One year,Yes,Bank transfer (automatic),85.28,5717.83,No
7480-DCBHW,Male,1,Yes,Yes,6,Yes,No,No,No internet service,No internet service,No internet service,No internet service,No internet service,No internet service,Month-to-month,No,Credit card (automatic),20.72,135.97,No
8135-KCHCN,Male,1,Yes,No,1,Yes,No,Fiber optic,No,No,No,No,Yes,No,Two year,Yes,Electronic check,84.13,90.90,Yes
1251-HQWBJ,Male,0,No,Yes,53,No,No phone service,No,No internet service,No internet service,No internet service,No internet service,No internet service,No internet service,Month-to-month,Yes,Bank transfer (automatic),18.25,967.07,No
5119-MXOBG,Male,0,No,Yes,36,No,No phone service,No,No internet service,No internet service,No internet service,No internet service,No internet service,No internet service,Month-to-month,Yes,Credit card (automatic),18.25,656.49,No
2767-WVGUG,Male,0,Yes,No,27,Yes,Yes,DSL,No,Yes,No,Yes,No,No,One year,Yes,Mailed check,66.28,1786.59,No
0084-MUSUS,Female,0,Yes,No,58,Yes,No,DSL,No,Yes,No,No,No,No,One year,No,Electronic check,51.62,2975.90,No
8850-WWJJD,Female,0,Yes,Yes,45,Yes,Yes,Fiber optic,Yes,No,No,Yes,No,No,One year,Yes,Mailed check,91.57,4114.03,No
7533-RNRNT,Female,0,No,No,62,Yes,No,Fiber optic,Yes,No,No,Yes,No,No,One year,No,Mailed check,83.68,5179.87,No
4753-MWHRL,Male,0,No,Yes,34,Yes,No,DSL,No,No,No,No,No,Yes,Month-to-month,Yes,Mailed check,57.58,1950.93,No
6117-BKILQ,Male,0,No,Yes,57,Yes,No,Fiber optic,Yes,Yes,No,Yes,No,No,Two year,No,Bank transfer (automatic),85.93,4904.18,No
8099-RVFQW,Female,0,Yes,No,12,Yes,No,DSL,No,Yes,No,No,Yes,No,Two year,No,Electronic check,59.96,720.92,No
7178-FELYK,Female,0,No,Yes,70,Yes,No,Fiber optic,No,No,No,No,Yes,No,Month-to-month,No,Electronic check,84.36,5896.29,Yes
8028-BLDDR,Male,0,No,No,5,Yes,No,Fiber optic,Yes,No,Yes,No,No,No,Month-to-month,No,Credit card (automatic),84.92,433.96,Yes
2205-PXLSE,Male,0,No,No,44,Yes,No,Fiber optic,Yes,No,No,No,No,No,Month-to-month,No,Bank transfer (automatic),77.98,3449.03,Yes
0969-AYXWJ,Male,0,No,Yes,4,Yes,Yes,DSL,No,Yes,No,Yes,Yes,Yes,Month-to-month,Yes,Mailed check,82.4,335.97,No
6444-AXLKQ,Male,0,No,No,37,Yes,No,DSL,No,Yes,Yes,No,Yes,No,Month-to-month,No,Bank transfer (automatic),66.98,2504.26,No
3884-TSSLE,Female,0,Yes,No,43,Yes,Yes,DSL,Yes,No,No,Yes,No,No,Two year,Yes,Electronic check,66.64,2866.05,No
9045-PGICO,Female,0,Yes,No,24,Yes,No,DSL,Yes,No,No,Yes,Yes,No,One year,Yes,Mailed check,66.96,1623.85,No
1286-IMREM,Male,0,Yes,No,14,Yes,Yes,DSL,No,No,No,Yes,Yes,No,Month-to-month,No,Electronic check,75.63,1066.06,No
3188-FKVXV,Female,0,Yes,No,71,Yes,Yes,Fiber optic,Yes,No,Yes,Yes,No,No,Month-to-month,No,Electronic check,99.34,7069.88,Yes
0361-IXHGD,Female,0,Yes,No,38,Yes,No,DSL,No,Yes,Yes,No,No,Yes,Two year,Yes,Mailed check,69.59,2639.61,No
1254-HVVAD,Male,0,No,No,47,Yes,Yes,DSL,No,No,Yes,No,No,No,Month-to-month,No,Bank transfer (automatic),65.12,3057.04,No
4280-VVJUL,Female,0,Yes,No,51,No,No phone service,No,No internet service,No internet service,No internet service,No internet service,No internet service,No internet service,Two year,Yes,Credit card (automatic),18.25,937.08,No
4945-XBVQD,Male,0,No,Yes,59,Yes,No,DSL,Yes,No,No,No,Yes,No,Two year,Yes,Bank transfer (automatic),62.33,3668.01,No
9282-OFQLV,Female,0,Yes,No,22,Yes,No,DSL,Yes,No,No,No,Yes,Yes,Month-to-month,Yes,Electronic check,73.17,1594.95,No
3783-ZZFAT,Male,0,No,No,68,Yes,Yes,Fiber optic,Yes,No,No,Yes,Yes,No,Month-to-month,Yes,Credit card (automatic),101.86,6907.00,No
6079-LVUJO,Male,0,Yes,No,51,Yes,No,Fiber optic,Yes,No,No,No,Yes,No,One year,No,Mailed check,86.82,4426.87,No
8145-GUYAW,Female,0,No,Yes,21,Yes,Yes,DSL,No,No,Yes,No,No,Yes,One year,Yes,Electronic check,74.68,1582.11,No
9638-LPPKU,Male,0,Yes,No,24,Yes,Yes,Fiber optic,Yes,Yes,No,No,No,No,Month-to-month,Yes,Bank transfer (automatic),94.16,2264.83,Yes
3632-IKHAW,Male,0,No,Yes,54,Yes,Yes,Fiber optic,No,Yes,No,No,No,Yes,Month-to-month,Yes,Mailed check,93.84,5057.56,Yes
8775-DHCIB,Male,0,No,No,63,Yes,Yes,Fiber optic,Yes,No,No,No,No,No,Month-to-month,No,Electronic check,87.62,5514.81,Yes
1693-ZHIWE,Male,1,No,No,64,Yes,Yes,No,No internet service,No internet service,No internet service,No internet service,No internet service,No internet service,One year,Yes,Electronic check,35.35,2260.95,No
7315-IQZLG,Female,0,Yes,No,3,Yes,Yes,No,No internet service,No internet service,No internet service,No internet service,No internet service,No internet service,Month-to-month,No,Electronic check,34.57,85.80,No
9898-JMSKM,Male,0,Yes,No,51,Yes,Yes,Fiber optic,No,No,No,Yes,No,No,Month-to-month,Yes,Mailed check,88.22,4501.90,No
4773-OKKAQ,Female,1,Yes,No,31,Yes,Yes,No,No internet service,No internet service,No internet service,No internet service,No internet service,No internet service,Two year,No,Credit card (automatic),36.06,1116.49,No
3575-YOINR,Female,0,Yes,No,52,No,No phone service,Fiber optic,Yes,Yes,No,Yes,No,No,Month-to-month,Yes,Bank transfer (automatic),82.19,4277.38,No
9014-TTIKX,Female,0,No,No,25,Yes,Yes,Fiber optic,No,No,No,No,No,Yes,Two year,Yes,Electronic check,92.52,2309.37,No
5015-BOZUN,Male,0,Yes,Yes,34,Yes,Yes,No,No internet service,No internet service,No internet service,No internet service,No internet service,No internet service,Month-to-month,No,Credit card (automatic),28.88,977.16,No
4555-RNJNM,Female,0,No,No,13,Yes,No,No,No internet service,No internet service,No internet service,No internet service,No internet service,No internet service,Month-to-month,Yes,Mailed check,22.98,280.93,No
2570-QPKMR,Male,0,Yes,No,33,Yes,Yes,No,No internet service,No internet service,No internet service,No internet service,No internet service,No internet service,Month-to-month,Yes,Credit card (automatic),36.74,1221.77,No
5832-PXZYL,Male,0,Yes,No,59,Yes,No,Fiber optic,Yes,No,No,No,No,Yes,Month-to-month,Yes,Credit card (automatic),87.97,5190.76,Yes
4812-WWFVR,Male,0,No,Yes,24,Yes,No,Fiber optic,No,No,No,No,No,Yes,Month-to-month,No,Credit card (automatic),83.42,2008.31,Yes
9532-BQKKU,Female,0,Yes,No,53,Yes,Yes,DSL,No,No,No,No,No,No,Month-to-month,Yes,Credit card (automatic),57.64,3043.34,No
1167-MJHDO,Male,0,Yes,No,26,Yes,No,Fiber optic,No,No,Yes,Yes,No,Yes,Month-to-month,Yes,Credit card (automatic),93.91,2450.21,Yes
0603-XRVVL,Female,1,No,Yes,20,Yes,Yes,Fiber optic,No,Yes,No,No,No,No,Two year,No,Electronic check,86.68,1739.15,No
8493-EJKUX,Male,0,Yes,No,47,Yes,Yes,DSL,No,No,No,No,No,No,Month-to-month,No,Credit card (automatic),61.56,2887.80,No
9716-HPVEY,Male,0,Yes,No,34,Yes,No,DSL,No,Yes,No,Yes,Yes,No,Month-to-month,Yes,Electronic check,70.18,2399.06,No
2938-VXWBS,Female,0,No,Yes,51,Yes,No,Fiber optic,No,No,No,Yes,Yes,Yes,Month-to-month,No,Mailed check,99.42,5059.89,Yes
0860-CTTUC,Male,0,No,No,69,No,No phone service,Fiber optic,No,No,Yes,Yes,No,Yes,Month-to-month,Yes,Electronic check,90.34,6243.01,Yes
2069-NQRMT,Male,0,No,Yes,25,Yes,Yes,Fiber optic,Yes,No,Yes,No,Yes,No,Month-to-month,No,Electronic check,102.94,2578.09,Yes
3413-ARAZZ,Female,0,No,No,14,Yes,No,Fiber optic,No,Yes,Yes,No,No,No,Month-to-month,Yes,Electronic check,81.67,1142.51,Yes
3369-KIIEZ,Female,1,No,No,4,Yes,Yes,No,No internet service,No internet service,No internet service,No internet service,No internet service,No internet service,One year,Yes,Credit card (automatic),33.74,141.93,No
0051-XMIDE,Female,0,Yes,No,32,Yes,No,Fiber optic,No,No,No,Yes,No,No,Month-to-month,No,Bank transfer (automatic),80.39,2581.72,No
7242-LZSSM,Female,0,Yes,No,24,Yes,Yes,Fiber optic,No,No,Yes,No,Yes,No,Month-to-month,Yes,Electronic check,97.44,2343.34,Yes
6669-HEUND,Female,0,No,Yes,51,Yes,No,Fiber optic,Yes,Yes,Yes,Yes,No,Yes,Month-to-month,No,Credit card (automatic),102.41,5233.34,No
6931-TMHIP,Male,0,Yes,No,43,Yes,No,No,No internet service,No internet service,No internet service,No internet service,No internet service,No internet service,Two year,Yes,Bank transfer (automatic),23.24,981.11,No
2683-ZOCEA,Male,1,Yes,No,19,Yes,No,No,No internet service,No internet service,No internet service,No internet service,No internet service,No internet service,Month-to-month,No,Electronic check,19.04,359.61,No
2773-BXXJD,Female,1,No,No,55,Yes,Yes,No,No internet service,No internet service,No internet service,No internet service,No internet service,No internet service,One year,No,Electronic check,30.93,1699.06,No
2180-WUXTW,Female,1,Yes,Yes,65,Yes,No,Fiber optic,No,No,No,No,No,Yes,Month-to-month,Yes,Electronic check,81.85,5311.33,Yes
4488-YVFEY,Male,0,No,Yes,7,No,No phone service,DSL,No,No,Yes,Yes,No,No,Two year,Yes,Electronic check,55.36,394.36,No
9766-FUTCS,Female,0,No,No,63,Yes,No,Fiber optic,No,Yes,Yes,No,No,No,Month-to-month,Yes,Bank transfer (automatic),83.81,5279.58,Yes
5352-DOIEM,Male,0,No,No,28,Yes,No,No,No internet service,No internet service,No internet service,No internet service,No internet service,No internet service,One year,Yes,Electronic check,20.9,580.05,No
6914-YPSNY,Female,1,Yes,No,47,Yes,No,DSL,No,No,No,Yes,No,No,One year,Yes,Electronic check,53.68,2524.33,No
5367-VUVUH,Male,0,No,Yes,18,Yes,No,DSL,No,No,Yes,No,Yes,No,One year,Yes,Bank transfer (automatic),63.2,1151.42,No
0699-BIQKJ,Male,0,Yes,No,8,Yes,No,No,No internet service,No internet service,No internet service,No internet service,No internet service,No internet service,Two year,No,Credit card (automatic),21.98,196.03,No
5803-PTOYU,Female,1,No,No,71,Yes,Yes,Fiber optic,Yes,No,No,Yes,No,Yes,Month-to-month,Yes,Electronic check,101.77,7239.15,Yes
4500-YSDQI,Female,0,No,No,14,Yes,No,Fiber optic,No,No,No,Yes,No,No,Two year,No,Credit card (automatic),82.73,1149.37,No
7176-FAOWZ,Male,0,No,Yes,67,Yes,No,Fiber optic,No,No,Yes,No,No,Yes,Month-to-month,No,Electronic check,84.44,5649.23,Yes
6801-IIMFF,Male,0,Yes,No,62,Yes,No,Fiber optic,Yes,No,Yes,Yes,No,Yes,One year,Yes,Mailed check,96.89,6006.07,No
3342-QQLPO,Female,1,No,No,37,Yes,No,No,No internet service,No internet service,No internet service,No internet service,No internet service,No internet service,Month-to-month,No,Bank transfer (automatic),24.63,915.25,No
6002-ZODDR,Female,0,No,No,46,Yes,Yes,Fiber optic,Yes,No,Yes,No,No,No,One year,No,Bank transfer (automatic),91.27,4206.35,No
0232-HNZAN,Male,0,No,No,12,Yes,No,Fiber optic,No,No,Yes,No,No,No,Month-to-month,No,Credit card (automatic),76.91,924.96,Yes
1637-SFYAQ,Male,0,Yes,Yes,45,Yes,No,Fiber optic,No,Yes,No,No,No,Yes,One year,No,Bank transfer (automatic),85.63,3854.34,No
7240-EPFHM,Male,0,Yes,Yes,35,Yes,Yes,DSL,Yes,No,No,No,Yes,Yes,Month-to-month,No,Mailed check,83.5,2929.16,No
2298-TDLWB,Female,0,No,Yes,9,Yes,No,Fiber optic,No,No,No,No,No,No,One year,Yes,Electronic check,73.73,657.77,No
7528-EHGNX,Female,0,No,No,54,Yes,No,DSL,Yes,No,Yes,Yes,Yes,No,Month-to-month,Yes,Bank transfer (automatic),70.84,3832.21,No
6216-SSRTP,Female,0,Yes,No,22,Yes,Yes,DSL,No,No,No,No,No,No,Month-to-month,No,Credit card (automatic),60.89,1338.52,No
7004-KELQF,Female,0,No,No,22,Yes,Yes,Fiber optic,Yes,No,No,No,No,No,Month-to-month,Yes,Credit card (automatic),86.07,1901.55,Yes
0484-VXARP,Female,0,No,No,67,Yes,No,Fiber optic,No,Yes,Yes,Yes,Yes,Yes,Month-to-month,No,Bank transfer (automatic),108.91,7278.93,Yes
8254-BOGDA,Male,0,No,Yes,43,Yes,Yes,No,No internet service,No internet service,No internet service,No internet service,No internet service,No internet service,Two year,Yes,Bank transfer (automatic),30.43,1305.57,No
3566-NWSVX,Male,0,Yes,No,4,Yes,No,Fiber optic,Yes,No,Yes,Yes,No,No,One year,No,Electronic check,89.11,357.48,No
3719-IYHZJ,Female,0,No,No,3,Yes,No,DSL,No,Yes,No,Yes,No,No,Month-to-month,Yes,Electronic check,59.03,190.79,Yes
0159-EIERZ,Male,0,No,No,29,Yes,Yes,Fiber optic,No,No,No,No,No,No,Two year,Yes,Bank transfer (automatic),81.54,2374.85,No
3800-LGCJB,Male,1,No,No,51,Yes,Yes,DSL,Yes,Yes,No,No,No,No,Month-to-month,No,Electronic check,68.75,3501.17,No
8217-JFVZK,Male,0,No,Yes,12,Yes,Yes,No,No internet service,No internet service,No internet service,No internet service,No internet service,No internet service,Month-to-month,Yes,Electronic check,33.69,413.94,No
6653-IVTLS,Male,0,Yes,No,17,Yes,No,Fiber optic,Yes,Yes,Yes,No,No,No,One year,Yes,Bank transfer (automatic),87.54,1496.45,No
3214-BVCFO,Male,0,No,No,31,Yes,No,Fiber optic,No,Yes,Yes,No,No,No,Two year,Yes,Electronic check,84.66,2630.11,No
9805-IDBDA,Female,0,Yes,Yes,32,Yes,Yes,Fiber optic,No,No,Yes,Yes,No,No,One year,No,Electronic check,91.22,2913.51,No
2989-UOVSP,Male,0,Yes,Yes,57,Yes,No,Fiber optic,No,No,Yes,No,No,No,Month-to-month,Yes,Credit card (automatic),80.48,4594.16,Yes
4753-BYMAQ,Female,1,Yes,Yes,61,Yes,No,DSL,Yes,No,No,No,No,No,Two year,No,Credit card (automatic),54.09,3308.97,No
3608-DSAJD,Female,0,Yes,No,70,No,No phone service,Fiber optic,Yes,Yes,No,No,No,No,Month-to-month,Yes,Electronic check,75.45,5287.36,Yes
8955-QJRVR,Male,0,No,No,13,Yes,Yes,Fiber optic,No,No,Yes,No,No,No,Two year,No,Mailed check,89.11,1151.91,No
2348-OODIZ,Male,0,No,No,13,Yes,Yes,Fiber optic,No,No,No,Yes,No,No,Two year,No,Credit card (automatic),87.57,1144.84,No
2708-IJRTM,Male,0,Yes,No,9,Yes,No,Fiber optic,Yes,No,No,No,Yes,Yes,One year,Yes,Credit card (automatic),96.83,883.55,No
7604-WOTOA,Male,0,No,No,58,Yes,No,No,No internet service,No internet service,No internet service,No internet service,No internet service,No internet service,Month-to-month,No,Credit card (automatic),24.54,1427.34,No
8417-KRCZA,Female,1,Yes,Yes,38,Yes,No,Fiber optic,No,Yes,Yes,Yes,No,No,Month-to-month,No,Electronic check,90.09,3431.77,Yes
1691-FSDMX,Male,0,Yes,No,45,Yes,No,Fiber optic,Yes,Yes,Yes,No,Yes,No,One year,Yes,Electronic check,93.34,4218.20,No
2950-WXNHS,Female,0,No,Yes,17,Yes,No,DSL,No,Yes,No,No,No,Yes,Month-to-month,Yes,Bank transfer (automatic),62.89,1078.11,No
9085-KYGQA,Female,0,Yes,Yes,18,Yes,Yes,Fiber optic,No,No,Yes,No,Yes,Yes,One year,Yes,Mailed check,107.74,1932.05,No
5481-XUBZK,Male,0,No,Yes,36,Yes,Yes,DSL,No,No,No,Yes,No,No,Month-to-month,Yes,Credit card (automatic),61.94,2231.24,No
5973-RKEOR,Female,0,Yes,Yes,2,Yes,Yes,Fiber optic,Yes,No,No,No,No,Yes,Month-to-month,No,Bank transfer (automatic),98.39,193.46,Yes
1598-MDVGK,Female,0,No,No,54,No,No phone service,No,No internet service,No internet service,No internet service,No internet service,No internet service,No internet service,One year,Yes,Mailed check,20.08,1086.05,No
5730-WCNFR,Female,0,Yes,Yes,6,Yes,No,DSL,No,No,Yes,No,No,Yes,One year,No,Credit card (automatic),60.41,379.51,No
8055-UPEQJ,Male,0,Yes,No,70,Yes,No,Fiber optic,No,Yes,No,Yes,No,No,Month-to-month,No,Credit card (automatic),81.5,5700.76,No
4162-MOTSC,Female,0,Yes,Yes,51,Yes,No,Fiber optic,Yes,No,No,No,Yes,Yes,Month-to-month,Yes,Electronic check,96.54,4910.87,Yes
3403-LXJWY,Male,0,No,Yes,53,Yes,No,DSL,Yes,Yes,Yes,No,No,No,Two year,No,Mailed check,64.15,3398.67,No
4937-YMWNW,Female,0,Yes,No,37,Yes,Yes,No,No internet service,No internet service,No internet service,No internet service,No internet service,No internet service,Month-to-month,No,Mailed check,31.86,1169.98,No
4390-JZGPA,Female,0,Yes,Yes,62,Yes,No,DSL,Yes,Yes,No,Yes,Yes,Yes,Month-to-month,Yes,Electronic check,84.53,5239.39,No
0485-SMCGV,Male,0,Yes,No,63,Yes,No,DSL,No,Yes,No,Yes,Yes,No,Month-to-month,Yes,Electronic check,69.84,4398.43,No
8549-WQLWP,Female,0,Yes,No,5,Yes,Yes,Fiber optic,No,No,No,No,Yes,Yes,Month-to-month,No,Electronic check,102.58,519.10,Yes
2858-OEWMN,Male,0,Yes,No,51,Yes,No,No,No internet service,No internet service,No internet service,No internet service,No internet service,No internet service,Month-to-month,Yes,Credit card (automatic),23.37,1182.45,No
3606-HUBEF,Female,1,Yes,Yes,43,Yes,No,Fiber optic,No,Yes,Yes,No,Yes,No,Two year,Yes,Bank transfer (automatic),92.73,3997.70,No
1550-QKJSN,Female,0,No,Yes,35,No,No phone service,No,No internet service,No internet service,No internet service,No internet service,No internet service,No internet service,Two year,No,Electronic check,22.07,760.76,No
9923-BIJKN,Male,0,Yes,No,36,Yes,No,Fiber optic,Yes,No,Yes,No,Yes,Yes,Two year,Yes,Bank transfer (automatic),101.09,3627.83,No
6652-VOXHK,Female,1,Yes,No,63,Yes,Yes,DSL,Yes,Yes,No,Yes,Yes,No,Month-to-month,No,Bank transfer (automatic),79.99,5036.93,No
8002-CJHOJ,Male,0,No,No,47,Yes,Yes,Fiber optic,Yes,No,Yes,Yes,Yes,No,Month-to-month,No,Mailed check,102.79,4839.26,No
0112-MVABP,Female,0,Yes,No,26,Yes,No,DSL,No,No,No,No,No,No,Two year,Yes,Mailed check,48.43,1240.40,No
0467-ZQGME,Male,0,No,No,64,Yes,Yes,DSL,Yes,Yes,Yes,No,Yes,Yes,Month-to-month,No,Bank transfer (automatic),93.48,5985.23,No
9026-ZQGUA,Female,1,Yes,No,0,Yes,Yes,DSL,No,Yes,No,No,Yes,Yes,Month-to-month,Yes,Credit card (automatic),80.73, ,Yes
0082-OUKZP,Male,0,No,No,47,Yes,Yes,DSL,Yes,Yes,Yes,Yes,No,No,Month-to-month,Yes,Credit card (automatic),76.48,3594.35,No
8587-XAYVP,Male,0,No,Yes,36,Yes,Yes,DSL,No,No,No,No,No,No,Two year,No,Bank transfer (automatic),59.98,2153.37,No
8225-IGNSS,Male,0,Yes,No,48,Yes,No,Fiber optic,Yes,No,Yes,Yes,Yes,No,Month-to-month,Yes,Credit card (automatic),99.65,4777.18,No
1824-NYHRS,Female,1,Yes,No,54,Yes,No,DSL,No,Yes,Yes,No,No,No,One year,No,Bank transfer (automatic),57.52,3102.85,No
1755-LOYHD,Male,0,Yes,No,38,Yes,Yes,DSL,No,Yes,Yes,Yes,Yes,No,Two year,Yes,Bank transfer (automatic),82.09,3132.07,No
3801-BMMVO,Female,0,No,No,35,Yes,Yes,DSL,No,No,No,No,Yes,No,Month-to-month,No,Credit card (automatic),67.01,2364.71,No
3922-CVNHW,Male,0,Yes,No,65,No,No phone service,No,No internet service,No internet service,No internet service,No internet service,No internet service,No internet service,Month-to-month,Yes,Credit card (automatic),18.71,1211.02,No
3391-QIBXO,Male,0,No,No,65,Yes,Yes,Fiber optic,No,No,Yes,Yes,No,No,Month-to-month,Yes,Credit card (automatic),93.74,6091.39,Yes
8378-ZZEPM,Male,1,No,No,67,Yes,No,Fiber optic,No,No,No,Yes,No,No,One year,Yes,Mailed check,79.59,5330.87,No
6930-CESLG,Female,0,Yes,Yes,1,Yes,No,Fiber optic,No,No,No,No,Yes,No,Month-to-month,No,Electronic check,84.36,89.03,Yes
8590-PWCUZ,Male,1,No,No,64,Yes,No,Fiber optic,Yes,No,No,Yes,No,No,Month-to-month,Yes,Credit card (automatic),81.44,5228.84,No
3944-VJLJM,Female,0,Yes,No,17,Yes,No,DSL,Yes,No,No,No,No,Yes,Month-to-month,Yes,Bank transfer (automatic),63.23,1070.51,No
5778-HMBLJ,Male,0,No,No,40,Yes,No,Fiber optic,Yes,Yes,No,Yes,No,No,One year,Yes,Bank transfer (automatic),88.95,3562.25,No
0911-LSZWR,Male,0,Yes,No,38,Yes,No,No,No internet service,No internet service,No internet service,No internet service,No internet service,No internet service,Month-to-month,No,Electronic check,21.93,832.87,No
0582-FCAMU,Male,1,Yes,No,25,Yes,No,Fiber optic,No,No,No,No,No,No,Month-to-month,No,Credit card (automatic),72.97,1810.29,Yes
9365-JGUOO,Female,0,Yes,No,2,Yes,Yes,No,No internet service,No internet service,No internet service,No internet service,No internet service,No internet service,Two year,No,Credit card (automatic),31.69,73.53,No
3665-XTZET,Male,0,No,No,48,Yes,No,DSL,No,No,No,No,No,No,Month-to-month,No,Mailed check,46.29,2228.57,No
0704-VFUCO,Female,1,No,No,27,Yes,No,No,No internet service,No internet service,No internet service,No internet service,No internet service,No internet service,Month-to-month,No,Mailed check,20.51,565.42,No
4715-YXNXH,Male,0,No,No,15,Yes,Yes,Fiber optic,No,Yes,No,Yes,No,No,Month-to-month,Yes,Credit card (automatic),90.69,1349.12,Yes
6751-BHKAV,Female,0,No,No,21,Yes,Yes,Fiber optic,Yes,Yes,Yes,No,Yes,Yes,Month-to-month,Yes,Electronic check,117.21,2465.60,Yes
5392-MCOPM,Female,0,No,No,48,Yes,No,Fiber optic,No,No,No,No,No,No,Month-to-month,No,Electronic check,71.75,3452.81,Yes
0234-SVKPU,Male,0,No,Yes,27,Yes,Yes,DSL,No,No,No,Yes,No,No,Month-to-month,Yes,Credit card (automatic),64.77,1753.34,No
2557-RQDWO,Male,0,Yes,No,15,Yes,No,Fiber optic,Yes,No,No,No,Yes,No,Two year,Yes,Bank transfer (automatic),86.53,1304.19,No
9224-UJSYD,Female,0,Yes,No,63,Yes,Yes,Fiber optic,No,No,Yes,Yes,No,No,Month-to-month,Yes,Electronic check,92.68,5852.70,Yes
2198-TPSWX,Female,1,Yes,No,59,Yes,Yes,DSL,No,Yes,Yes,No,No,No,Month-to-month,Yes,Bank transfer (automatic),68.4,4024.47,No
1644-SULRD,Female,0,Yes,Yes,65,Yes,No,DSL,Yes,No,No,No,No,No,Two year,Yes,Mailed check,51.31,3344.63,No
5093-FYNKK,Male,0,No,No,25,Yes,Yes,Fiber optic,No,No,No,No,No,No,Month-to-month,Yes,Mailed check,82.23,2055.51,Yes
1651-XWKUL,Female,0,No,No,41,Yes,No,No,No internet service,No internet service,No internet service,No internet service,No internet service,No internet service,One year,Yes,Electronic check,18.25,733.11,No
4688-IVJVS,Male,0,No,Yes,2,Yes,Yes,Fiber optic,Yes,No,No,No,Yes,Yes,Two year,Yes,Electronic check,110.14,197.71,Yes
0630-OHLVV,Male,0,Yes,No,20,Yes,No,DSL,Yes,No,No,Yes,No,No,Month-to-month,Yes,Mailed check,58.6,1165.93,No
1013-RPAWK,Female,0,No,Yes,31,Yes,Yes,No,No internet service,No internet service,No internet service,No internet service,No internet service,No internet service,One year,No,Bank transfer (automatic),38.61,1207.73,No
7535-CXZMM,Female,0,No,No,69,Yes,Yes,DSL,No,Yes,Yes,Yes,No,No,Month-to-month,No,Electronic check,72.74,5020.09,No
1405-BDVZK,Female,1,Yes,No,68,Yes,No,DSL,Yes,Yes,No,No,Yes,Yes,Month-to-month,No,Mailed check,79.29,5390.60,No
7753-HHZQT,Female,0,Yes,No,23,No,No phone service,Fiber optic,Yes,No,No,No,No,Yes,Two year,Yes,Bank transfer (automatic),84.92,1958.93,No
3667-PUWXI,Female,0,No,Yes,64,Yes,No,DSL,No,Yes,No,No,No,No,Two year,No,Mailed check,53.36,3416.56,No
2234-JQOWY,Female,0,No,No,22,Yes,No,Fiber optic,Yes,No,Yes,Yes,No,Yes,Month-to-month,No,Mailed check,95.02,2083.15,No
7436-UWLQQ,Female,1,No,No,7,Yes,Yes,DSL,No,Yes,No,Yes,No,Yes,Month-to-month,Yes,Electronic check,82.27,585.92,Yes
9211-GLZBT,Male,0,No,No,44,Yes,Yes,Fiber optic,No,No,Yes,No,Yes,No,One year,No,Electronic check,97.58,4276.19,No
1579-TOETC,Female,0,No,No,10,Yes,Yes,DSL,No,No,No,Yes,Yes,No,Month-to-month,No,Credit card (automatic),72.29,736.13,No
4877-HLXWH,Female,0,Yes,No,56,Yes,Yes,No,No internet service,No internet service,No internet service,No internet service,No internet service,No internet service,Two year,Yes,Credit card (automatic),33.3,1848.61,No
7796-QDMDE,Female,0,No,Yes,11,Yes,Yes,Fiber optic,No,No,Yes,Yes,No,No,Month-to-month,No,Credit card (automatic),96.34,1056.22,Yes
9531-FXXWV,Male,0,No,No,71,Yes,No,No,No internet service,No internet service,No internet service,No internet service,No internet service,No internet service,Month-to-month,Yes,Mailed check,24.71,1741.43,No
1645-JHNXC,Male,0,Yes,No,9,Yes,Yes,DSL,Yes,Yes,No,No,No,No,Month-to-month,Yes,Electronic check,69.8,621.11,No
6006-JYWJU,Female,0,No,No,62,Yes,No,Fiber optic,Yes,No,No,No,Yes,No,Month-to-month,Yes,Electronic check,87.57,5418.82,Yes
7185-MYPRS,Male,0,No,Yes,34,Yes,No,Fiber optic,No,Yes,No,No,Yes,No,Two year,Yes,Bank transfer (automatic),91.03,3103.46,No
7096-GMQIH,Female,0,No,Yes,37,Yes,Yes,No,No internet service,No internet service,No internet service,No internet service,No internet service,No internet service,Month-to-month,No,Bank transfer (automatic),32.54,1202.07,No
3941-MPILL,Female,0,Yes,Yes,20,Yes,No,Fiber optic,No,No,No,Yes,Yes,No,Month-to-month,No,Bank transfer (automatic),85.26,1707.89,Yes
5268-CPRPW,Female,0,Yes,No,50,Yes,No,No,No internet service,No internet service,No internet service,No internet service,No internet service,No internet service,One year,No,Electronic check,22.87,1130.90,No
6387-MMQQE,Male,0,No,No,17,Yes,Yes,DSL,No,No,No,Yes,No,No,Month-to-month,No,Credit card (automatic),62.98,1064.81,No
5289-NVDGH,Male,0,No,No,17,Yes,Yes,Fiber optic,No,Yes,No,No,No,Yes,Month-to-month,No,Bank transfer (automatic),96.04,1642.03,Yes
8557-UCCMV,Male,0,No,No,25,Yes,No,DSL,No,No,No,No,Yes,No,Month-to-month,Yes,Credit card (automatic),56.81,1423.43,No
1557-WHYFN,Male,0,No,No,19,Yes,No,DSL,No,Yes,Yes,No,Yes,Yes,Month-to-month,No,Bank transfer (automatic),76.6,1444.29,No
2920-ETYIU,Male,0,Yes,Yes,24,Yes,Yes,DSL,Yes,Yes,Yes,Yes,Yes,No,One year,Yes,Mailed check,90.52,2168.75,No
9365-DMMJR,Male,0,Yes,No,44,Yes,No,Fiber optic,No,No,No,No,No,Yes,Month-to-month,Yes,Electronic check,82.14,3616.21,Yes
0330-VDAAO,Female,0,Yes,No,57,Yes,Yes,Fiber optic,Yes,No,Yes,No,Yes,Yes,Month-to-month,No,Electronic check,114.27,6532.48,Yes
0797-RMWNH,Male,0,Yes,Yes,17,Yes,No,DSL,No,No,No,Yes,No,Yes,Two year,Yes,Electronic check,64.49,1107.70,No
7964-QYPWB,Female,0,No,Yes,47,Yes,Yes,DSL,Yes,No,No,No,Yes,No,Month-to-month,Yes,Credit card (automatic),74.83,3538.73,No
5106-MRNRM,Male,0,Yes,Yes,13,Yes,No,No,No internet service,No internet service,No internet service,No internet service,No internet service,No internet service,Two year,Yes,Mailed check,24.32,321.30,No
4460-HSTOI,Female,0,Yes,No,6,Yes,Yes,DSL,No,Yes,No,No,No,No,Two year,Yes,Credit card (automatic),63.63,378.75,No
3946-TAYTI,Female,0,Yes,Yes,37,Yes,Yes,DSL,No,No,No,Yes,Yes,Yes,Month-to-month,No,Electronic check,78.21,2901.43,No
5021-PIOLA,Male,0,Yes,No,63,Yes,Yes,DSL,No,No,No,No,No,No,Month-to-month,No,Electronic check,54.42,3447.97,No
8877-LAKHJ,Female,0,No,Yes,28,Yes,No,DSL,Yes,No,Yes,No,Yes,No,Month-to-month,Yes,Credit card (automatic),66.29,1846.33,No
2600-ZUUHW,Male,0,No,No,54,Yes,No,DSL,Yes,Yes,No,Yes,No,Yes,Month-to-month,No,Mailed check,71.82,3860.89,No
7551-FEMSV,Female,0,Yes,No,44,Yes,Yes,DSL,No,Yes,No,No,Yes,Yes,Month-to-month,No,Credit card (automatic),81.67,3572.84,No
7802-SKXQU,Female,1,Yes,No,18,Yes,No,DSL,No,No,No,No,No,Yes,Month-to-month,Yes,Mailed check,58.31,1066.66,No
2172-GQFSX,Male,0,No,Yes,1,Yes,No,Fiber optic,No,No,No,No,No,No,Two year,Yes,Electronic check,73.28,82.25,Yes
5156-ESTDV,Female,0,No,No,65,Yes,No,Fiber optic,No,No,Yes,Yes,No,No,Month-to-month,No,Electronic check,80.02,5204.29,Yes
9039-MTZQI,Female,1,Yes,Yes,35,Yes,No,DSL,No,No,No,No,Yes,No,Month-to-month,Yes,Electronic check,59.7,2083.78,Yes
3629-CNHXA,Female,0,Yes,No,55,Yes,No,DSL,No,Yes,No,Yes,No,No,Two year,Yes,Electronic check,58.62,3230.94,No
9170-LHXPR,Male,1,Yes,No,20,Yes,Yes,Fiber optic,No,No,Yes,No,Yes,No,Month-to-month,Yes,Mailed check,97.43,1952.42,Yes
3587-LXWNM,Female,0,Yes,No,62,Yes,Yes,DSL,No,No,No,Yes,No,No,Month-to-month,Yes,Credit card (automatic),63.03,3906.87,No
8129-XVJIZ,Female,0,No,No,1,Yes,No,Fiber optic,Yes,Yes,No,No,No,No,One year,Yes,Credit card (automatic),85.35,76.49,Yes
3792-CXECZ,Male,0,Yes,Yes,14,No,No phone service,Fiber optic,Yes,Yes,Yes,Yes,No,Yes,Month-to-month,No,Mailed check,98.21,1369.21,No
0284-LZOBW,Female,0,No,No,61,Yes,Yes,No,No internet service,No internet service,No internet service,No internet service,No internet service,No internet service,Two year,Yes,Bank transfer (automatic),34.15,2091.83,No
1363-WPWPA,Female,0,No,Yes,11,Yes,No,DSL,No,No,No,Yes,No,Yes,Month-to-month,No,Electronic check,60.3,661.93,No
5812-ZUYTQ,Male,0,No,No,2,Yes,Yes,No,No internet service,No internet service,No internet service,No internet service,No internet service,No internet service,Two year,No,Credit card (automatic),32.77,80.07,No
3540-TFOZZ,Female,0,Yes,No,3,Yes,No,Fiber optic,No,Yes,Yes,No,Yes,Yes,One year,No,Electronic check,102.09,316.15,Yes
3847-YZEFQ,Female,0,Yes,Yes,8,Yes,No,Fiber optic,No,Yes,Yes,No,Yes,No,Month-to-month,No,Bank transfer (automatic),91.88,728.62,Yes
6314-CVHWC,Male,0,Yes,Yes,45,Yes,Yes,DSL,No,No,Yes,No,Yes,No,Month-to-month,Yes,Mailed check,72.64,3264.30,No
7198-TQHWK,Male,1,No,No,41,Yes,Yes,DSL,Yes,No,Yes,No,No,Yes,One year,Yes,Bank transfer (automatic),78.55,3230.47,No
4946-EXMFE,Male,0,Yes,No,30,Yes,No,No,No internet service,No internet service,No internet service,No internet service,No internet service,No internet service,One year,No,Credit card (automatic),23.42,714.26,No
8107-SKLLG,Female,0,Yes,No,36,Yes,Yes,DSL,No,Yes,No,No,Yes,No,Month-to-month,No,Mailed check,73.66,2654.07,No
9759-IGZUX,Female,0,Yes,No,10,Yes,Yes,Fiber optic,Yes,Yes,Yes,No,Yes,No,Two year,No,Electronic check,103.19,1021.94,No
1638-LAWVH,Female,0,Yes,No,60,Yes,Yes,DSL,No,No,No,No,No,No,Month-to-month,No,Electronic check,58.67,3517.84,Yes
4008-JVJUO,Female,0,No,No,26,No,No phone service,Fiber optic,Yes,No,No,No,Yes,Yes,One year,No,Credit card (automatic),94.14,2438.69,No
0552-MPHOQ,Female,0,No,No,45,Yes,No,DSL,No,Yes,No,No,No,No,Month-to-month,No,Electronic check,50.67,2295.18,No
0590-FQPNM,Female,1,No,No,69,Yes,No,Fiber optic,No,No,No,No,No,Yes,Month-to-month,No,Mailed check,84.23,5813.33,Yes
5275-MQUXC,Female,0,No,No,42,No,No phone service,No,No internet service,No internet service,No internet service,No internet service,No internet service,No internet service,Two year,No,Credit card (automatic),20.09,841.42,No
5459-QWYBZ,Female,0,Yes,No,44,Yes,Yes,DSL,No,No,Yes,No,Yes,No,One year,Yes,Credit card (automatic),73.34,3220.62,No
4935-FRRDQ,Female,0,Yes,No,17,Yes,No,No,No internet service,No internet service,No internet service,No internet service,No internet service,No internet service,Month-to-month,Yes,Bank transfer (automatic),22.54,361.93,No
8662-KOLCQ,Female,0,Yes,Yes,49,Yes,No,DSL,Yes,No,No,Yes,Yes,No,Two year,Yes,Electronic check,67.99,3327.34,No
2233-CZPLH,Male,0,Yes,No,5,Yes,No,Fiber optic,Yes,No,Yes,No,No,No,Two year,Yes,Mailed check,81.03,405.28,No
7061-ACDMF,Female,1,No,Yes,12,Yes,Yes,DSL,Yes,Yes,Yes,Yes,Yes,No,Month-to-month,No,Credit card (automatic),87.17,1037.15,No
9437-PPDMZ,Male,0,No,No,11,Yes,Yes,Fiber optic,No,No,Yes,No,No,Yes,Month-to-month,Yes,Mailed check,98.62,1092.73,Yes
1257-XOKIG,Female,1,No,No,6,Yes,No,Fiber optic,Yes,No,No,Yes,Yes,Yes,One year,Yes,Credit card (automatic),105.84,623.23,No
1767-LSGJY,Male,0,No,No,13,Yes,No,Fiber optic,No,No,No,Yes,Yes,Yes,Two year,No,Electronic check,99.63,1296.93,No
2951-REUGB,Male,0,No,Yes,72,Yes,No,No,No internet service,No internet service,No internet service,No internet service,No internet service,No internet service,Month-to-month,Yes,Bank transfer (automatic),19.24,1390.86,No
6457-ZNLDW,Male,0,Yes,No,46,Yes,No,No,No internet service,No internet service,No internet service,No internet service,No internet service,No internet service,Month-to-month,No,Electronic check,21.02,964.66,No
5917-ZIEJT,Female,0,No,No,6,Yes,No,DSL,Yes,No,Yes,Yes,No,No,Month-to-month,No,Credit card (automatic),61.88,360.82,No
5729-KKQDD,Female,0,No,No,38,Yes,Yes,DSL,No,Yes,No,No,Yes,No,Two year,No,Credit card (automatic),73.91,2807.26,No
0824-VXFCV,Male,0,Yes,No,55,Yes,No,No,No internet service,No internet service,No internet service,No internet service,No internet service,No internet service,Two year,No,Electronic check,23.11,1260.40,No
0356-KMJCI,Female,0,Yes,Yes,18,Yes,No,DSL,No,Yes,Yes,Yes,Yes,No,Month-to-month,No,Mailed check,78.71,1415.56,No
6010-IIWJS,Male,0,Yes,No,26,Yes,No,No,No internet service,No internet service,No internet service,No internet service,No internet service,No internet service,Two year,Yes,Electronic check,24.31,634.82,No
4368-BMXPO,Female,0,No,No,60,Yes,Yes,DSL,No,Yes,No,No,Yes,No,Month-to-month,No,Electronic check,73.92,4434.46,Yes
8998-NZWIY,Male,0,Yes,No,65,Yes,No,No,No internet service,No internet service,No internet service,No internet service,No internet service,No internet service,One year,Yes,Mailed check,24.14,1561.31,No
2319-CKKUU,Male,0,No,No,51,Yes,No,DSL,Yes,No,Yes,No,Yes,No,Month-to-month,No,Bank transfer (automatic),68.38,3481.68,No
5660-BLYJR,Male,1,No,Yes,55,Yes,No,DSL,Yes,No,No,No,No,No,Month-to-month,No,Credit card (automatic),55.35,3059.68,No
5021-CUZPF,Male,0,No,No,13,Yes,No,Fiber optic,No,No,Yes,No,Yes,Yes,Two year,Yes,Credit card (automatic),97.55,1283.61,No
8936-VBZOH,Male,0,Yes,No,32,Yes,Yes,Fiber optic,No,No,No,No,No,No,Month-to-month,No,Electronic check,80.76,2581.44,Yes
6670-QXDUH,Female,0,Yes,No,11,Yes,Yes,Fiber optic,Yes,No,Yes,No,No,No,One year,Yes,Electronic check,93.91,1026.75,No
4935-OLEWP,Female,0,No,Yes,65,Yes,No,Fiber optic,Yes,No,No,Yes,Yes,No,Month-to-month,Yes,Electronic check,95.13,6182.08,Yes
9634-CODON,Male,0,Yes,No,23,Yes,Yes,No,No internet service,No internet service,No internet service,No internet service,No internet service,No internet service,Month-to-month,No,Electronic check,33.34,754.39,No
3294-EWTTY,Female,0,Yes,Yes,44,Yes,Yes,No,No internet service,No internet service,No internet service,No internet service,No internet service,No internet service,Two year,No,Mailed check,32.32,1415.03,No
5315-PREVD,Female,0,No,No,54,Yes,Yes,No,No internet service,No internet service,No internet service,No internet service,No internet service,No internet service,Month-to-month,Yes,Mailed check,38.17,2069.52,No
2615-DVTTO,Male,0,No,No,70,Yes,Yes,DSL,No,Yes,No,Yes,Yes,Yes,One year,Yes,Electronic check,85.56,6000.03,No
3862-SFFTO,Female,0,No,No,52,Yes,No,DSL,No,No,No,No,Yes,No,One year,No,Electronic check,58.01,3027.80,No
8383-RRETW,Female,0,No,Yes,65,Yes,Yes,Fiber optic,Yes,No,Yes,No,Yes,No,One year,Yes,Mailed check,104.4,6771.59,No
4593-LBMJI,Male,0,Yes,No,18,Yes,Yes,Fiber optic,No,No,No,No,No,No,Month-to-month,Yes,Electronic check,82.79,1493.50,Yes
9632-JCYUS,Female,0,No,No,50,Yes,Yes,DSL,Yes,Yes,No,No,No,No,Month-to-month,No,Electronic check,68.19,3412.62,No
4139-BBXQP,Male,0,No,No,65,Yes,Yes,DSL,No,No,No,Yes,Yes,No,Two year,No,Mailed check,72.43,4702.10,No
6470-KWUDG,Male,0,No,No,44,Yes,Yes,No,No internet service,No internet service,No internet service,No internet service,No internet service,No internet service,One year,Yes,Credit card (automatic),34.21,1516.95,No
9100-KAOUJ,Female,0,No,No,39,Yes,No,DSL,No,Yes,No,No,Yes,No,Two year,Yes,Bank transfer (automatic),63.42,2495.18,No
6197-DLSZK,Male,0,No,Yes,5,No,No phone service,Fiber optic,No,No,No,No,No,Yes,Month-to-month,Yes,Electronic check,78.69,390.63,Yes
7122-JQVBQ,Female,0,No,No,50,Yes,No,DSL,Yes,No,Yes,Yes,No,No,Two year,No,Bank transfer (automatic),61.66,3098.10,No
1535-YJJHA,Male,1,Yes,No,40,Yes,No,Fiber optic,No,Yes,No,No,Yes,No,Month-to-month,Yes,Mailed check,88.97,3547.49,Yes
7859-OEVPM,Male,0,No,No,46,Yes,No,No,No internet service,No internet service,No internet service,No internet service,No internet service,No internet service,Month-to-month,Yes,Electronic check,19.67,902.73,No
5831-KIPBZ,Male,0,Yes,No,16,Yes,Yes,DSL,No,No,Yes,Yes,No,No,Month-to-month,Yes,Mailed check,69.21,1108.80,No
8178-LZIJY,Male,0,Yes,No,22,Yes,No,Fiber optic,Yes,Yes,No,Yes,Yes,No,Month-to-month,Yes,Credit card (automatic),103.26,2288.32,No
1361-ASDXV,Female,0,Yes,Yes,39,Yes,No,No,No internet service,No internet service,No internet service,No internet service,No internet service,No internet service,Month-to-month,Yes,Electronic check,23.96,920.65,No
1814-TGXUJ,Female,0,Yes,No,72,No,No phone service,Fiber optic,No,No,No,No,No,No,Month-to-month,No,Mailed check,67.95,4909.45,Yes
4171-ZLVXF,Female,0,No,No,36,Yes,No,Fiber optic,Yes,No,Yes,Yes,No,No,Month-to-month,Yes,Mailed check,89.24,3197.11,No
3353-XYAMD,Female,0,Yes,Yes,57,Yes,Yes,Fiber optic,No,Yes,No,Yes,No,No,One year,Yes,Credit card (automatic),93.14,5318.55,No
3152-WMPED,Female,0,No,No,20,No,No phone service,Fiber optic,No,No,No,Yes,No,Yes,Two year,No,Bank transfer (automatic),86.36,1728.61,No
4726-NFLPQ,Female,0,Yes,No,26,Yes,No,No,No internet service,No internet service,No internet service,No internet service,No internet service,No internet service,Month-to-month,Yes,Mailed check,25.46,673.56,No
6608-VOLBE,Male,0,Yes,Yes,10,Yes,No,DSL,No,Yes,No,No,No,No,One year,No,Mailed check,52.62,527.26,No
3670-UCQSN,Female,0,No,No,38,No,No phone service,DSL,No,Yes,No,No,No,No,Month-to-month,No,Credit card (automatic),46.12,1754.89,No
5673-CEIFY,Female,0,Yes,Yes,62,Yes,Yes,No,No internet service,No internet service,No internet service,No internet service,No internet service,No internet service,Month-to-month,Yes,Electronic check,33.44,2064.40,No
5148-HWATL,Female,1,No,No,27,Yes,Yes,DSL,No,No,No,No,No,No,Two year,Yes,Electronic check,58.44,1591.93,No
6657-KVZPC,Female,0,No,Yes,46,Yes,No,No,No internet service,No internet service,No internet service,No internet service,No internet service,No internet service,Month-to-month,Yes,Credit card (automatic),23.82,1092.98,No
3209-UOAQB,Female,1,Yes,No,46,Yes,Yes,No,No internet service,No internet service,No internet service,No internet service,No internet service,No internet service,Month-to-month,Yes,Mailed check,35.18,1634.26,No
3572-ACCEL,Female,0,Yes,Yes,3,Yes,No,DSL,Yes,No,No,No,No,Yes,Month-to-month,No,Electronic check,66.66,199.50,Yes
3386-DSVSF,Female,0,Yes,Yes,60,Yes,Yes,Fiber optic,No,Yes,No,No,No,Yes,Two year,Yes,Credit card (automatic),97.28,5845.08,No
8534-MVKSH,Female,0,No,No,17,Yes,No,DSL,No,Yes,Yes,No,No,No,Two year,Yes,Bank transfer (automatic),55.26,925.15,No
3799-PSZWK,Male,0,No,Yes,49,Yes,No,Fiber optic,Yes,No,No,No,No,No,One year,Yes,Electronic check,75.95,3718.20,No
8372-PGSLO,Female,1,No,No,35,Yes,No,Fiber optic,No,No,No,No,No,Yes,Two year,Yes,Bank transfer (automatic),81.64,2852.54,No
6995-BKSFN,Male,0,Yes,No,0,Yes,No,Fiber optic,Yes,Yes,Yes,Yes,No,No,Two year,Yes,Electronic check,95.13, ,Yes
3509-ACHHT,Female,0,Yes,No,34,No,No phone service,DSL,Yes,No,No,No,No,No,Month-to-month,Yes,Mailed check,44.37,1508.50,No
5766-DYLZF,Female,0,Yes,No,4,Yes,Yes,Fiber optic,No,Yes,No,No,No,No,Month-to-month,Yes,Mailed check,88.3,337.96,Yes
2444-XPYMY,Female,0,Yes,Yes,5,Yes,Yes,Fiber optic,No,No,Yes,Yes,No,No,Two year,Yes,Bank transfer (automatic),90.57,454.87,No
5583-VDKQG,Female,0,Yes,No,59,Yes,Yes,Fiber optic,No,No,Yes,Yes,Yes,No,Month-to-month,Yes,Electronic check,102.63,6065.15,Yes
9586-MWRKO,Female,0,Yes,No,4,Yes,Yes,No,No internet service,No internet service,No internet service,No internet service,No internet service,No internet service,Month-to-month,No,Electronic check,32.04,139.13,No
8985-SADNN,Female,0,No,No,31,Yes,No,No,No internet service,No internet service,No internet service,No internet service,No internet service,No internet service,Month-to-month,Yes,Credit card (automatic),19.5,611.22,No
2023-MONXY,Female,1,No,Yes,38,Yes,Yes,No,No internet service,No internet service,No internet service,No internet service,No internet service,No internet service,Month-to-month,Yes,Credit card (automatic),34.19,1291.33,No
2594-VTZFW,Female,0,Yes,Yes,39,Yes,No,DSL,Yes,Yes,No,Yes,Yes,No,Month-to-month,No,Credit card (automatic),71.09,2785.80,No
8965-QRQIJ,Male,0,No,Yes,41,Yes,Yes,DSL,No,Yes,No,No,No,No,Month-to-month,Yes,Electronic check,63.54,2599.35,Yes
9861-FTAAL,Male,0,No,No,7,Yes,Yes,DSL,No,No,Yes,No,No,Yes,One year,Yes,Electronic check,76.74,547.27,No
4130-DKVZD,Male,0,No,No,28,Yes,No,Fiber optic,No,No,No,No,No,No,Month-to-month,Yes,Credit card (automatic),71.08,1988.01,Yes
0618-CHXSD,Female,0,Yes,Yes,59,Yes,No,Fiber optic,No,No,No,Yes,No,Yes,Month-to-month,Yes,Electronic check,89.15,5281.73,Yes
1381-PCODE,Female,0,No,Yes,22,Yes,Yes,DSL,Yes,Yes,No,No,No,Yes,One year,Yes,Bank transfer (automatic),76.52,1682.09,No
0696-IDVKB,Female,1,No,No,3,Yes,No,DSL,Yes,No,Yes,Yes,No,No,One year,Yes,Credit card (automatic),59.88,179.07,No
3194-GAZZW,Male,0,No,Yes,33,Yes,No,DSL,Yes,No,Yes,Yes,No,Yes,Month-to-month,No,Credit card (automatic),76.23,2512.09,No
9557-XVSER,Male,0,No,Yes,37,Yes,Yes,Fiber optic,No,No,Yes,No,No,No,Month-to-month,Yes,Mailed check,88.36,3264.65,Yes
4890-JELVG,Female,0,Yes,No,60,Yes,No,No,No internet service,No internet service,No internet service,No internet service,No internet service,No internet service,Month-to-month,Yes,Bank transfer (automatic),23.76,1422.45,No
8546-AKUOB,Male,0,Yes,Yes,26,Yes,No,Fiber optic,Yes,No,No,Yes,No,No,One year,No,Mailed check,80.19,2083.18,No
3645-RCGKR,Male,0,No,Yes,30,Yes,No,Fiber optic,Yes,No,No,No,No,Yes,Month-to-month,Yes,Electronic check,86.59,2600.24,Yes
5490-LZKDR,Female,0,Yes,No,2,Yes,Yes,Fiber optic,Yes,Yes,No,Yes,No,No,Two year,No,Bank transfer (automatic),97.06,182.68,No
3017-VBLFJ,Male,0,Yes,No,26,Yes,Yes,Fiber optic,No,No,Yes,No,Yes,No,One year,Yes,Credit card (automatic),97.87,2571.20,No
8684-WPNGS,Male,0,Yes,Yes,42,Yes,No,Fiber optic,No,No,No,Yes,Yes,No,One year,No,Mailed check,89.72,3777.06,No
6089-MVEWE,Female,1,No,No,59,Yes,No,DSL,No,Yes,No,No,Yes,Yes,Month-to-month,Yes,Mailed check,73.96,4363.84,No
9496-ZOGOC,Male,0,No,Yes,45,Yes,No,Fiber optic,No,No,No,No,Yes,Yes,Month-to-month,Yes,Mailed check,92.08,4130.13,Yes
2925-LOFMS,Female,0,No,No,36,No,No phone service,Fiber optic,No,No,No,No,No,Yes,Month-to-month,Yes,Credit card (automatic),76.42,2738.50,Yes
2776-ZTODS,Female,1,No,Yes,66,Yes,Yes,No,No internet service,No internet service,No internet service,No internet service,No internet service,No internet service,Month-to-month,Yes,Bank transfer (automatic),32.22,2138.10,No
4276-PMCPI,Male,0,No,No,5,Yes,No,DSL,Yes,No,No,Yes,No,No,Month-to-month,No,Mailed check,57.64,292.03,No
4866-FBIVX,Female,1,No,No,58,No,No phone service,No,No internet service,No internet service,No internet service,No internet service,No internet service,No internet service,Month-to-month,No,Bank transfer (automatic),18.25,1042.65,No
0409-KPNHX,Male,0,Yes,No,2,Yes,Yes,Fiber optic,No,Yes,No,No,No,Yes,Month-to-month,Yes,Electronic check,97.55,190.21,Yes
0818-QZNPN,Male,0,Yes,Yes,10,Yes,Yes,DSL,No,Yes,No,Yes,No,No,One year,No,Electronic check,70.29,691.51,No
8386-KFOEK,Female,0,No,No,26,Yes,No,DSL,No,Yes,No,No,No,No,Month-to-month,Yes,Mailed check,51.91,1360.82,No
8118-SXOIH,Male,0,No,Yes,1,Yes,Yes,DSL,Yes,No,No,Yes,No,No,Month-to-month,Yes,Bank transfer (automatic),66.25,76.85,No
3038-BPCZH,Female,0,Yes,No,63,Yes,No,No,No internet service,No internet service,No internet service,No internet service,No internet service,No internet service,Two year,Yes,Electronic check,23.71,1494.66,No
5764-YTVRO,Male,0,Yes,No,43,Yes,Yes,DSL,No,No,No,No,Yes,No,Month-to-month,Yes,Electronic check,66.49,2858.61,Yes
1196-MROLO,Female,0,No,Yes,54,Yes,Yes,No,No internet service,No internet service,No internet service,No internet service,No internet service,No internet service,Two year,Yes,Credit card (automatic),32.55,1768.67,No
1862-CGUZN,Female,0,Yes,No,39,Yes,No,No,No internet service,No internet service,No internet service,No internet service,No internet service,No internet service,Month-to-month,Yes,Electronic check,20.44,811.65,No
5780-SKWVW,Female,1,Yes,Yes,22,Yes,Yes,Fiber optic,No,No,No,No,No,Yes,Two year,Yes,Electronic check,93.18,2047.00,Yes
7521-LWAST,Female,0,No,No,63,Yes,No,DSL,No,No,No,No,No,Yes,Month-to-month,No,Mailed check,57.46,3625.47,No
0492-BCHPF,Female,0,Yes,Yes,56,Yes,No,Fiber optic,No,Yes,Yes,No,No,Yes,Month-to-month,No,Credit card (automatic),91.2,5108.88,Yes
6552-MNHLW,Female,0,No,No,9,Yes,Yes,No,No internet service,No internet service,No internet service,No internet service,No internet service,No internet service,One year,Yes,Electronic check,31.87,279.58,No
6549-HUYIA,Female,0,No,No,34,Yes,No,No,No internet service,No internet service,No internet service,No internet service,No internet service,No internet service,One year,No,Electronic check,22.38,755.69,No
5626-KKWMK,Female,1,No,No,5,Yes,No,Fiber optic,No,No,No,No,No,No,Two year,Yes,Electronic check,76.73,375.24,Yes
1604-YGWML,Male,0,No,No,53,Yes,Yes,Fiber optic,No,No,No,No,No,No,Month-to-month,No,Credit card (automatic),82.04,4350.04,Yes
1727-SJGRP,Male,0,No,No,66,Yes,Yes,Fiber optic,No,No,No,No,Yes,Yes,Month-to-month,Yes,Credit card (automatic),106.71,7042.20,Yes
3584-MYUZH,Male,0,Yes,No,55,No,No phone service,No,No internet service,No internet service,No internet service,No internet service,No internet service,No internet service,Month-to-month,Yes,Bank transfer (automatic),18.61,1026.36,No
0634-VUQIB,Male,1,No,Yes,59,Yes,Yes,No,No internet service,No internet service,No internet service,No internet service,No internet service,No internet service,Two year,Yes,Credit card (automatic),30.68,1821.90,No
8918-FKYFF,Male,0,Yes,Yes,13,Yes,Yes,DSL,No,Yes,Yes,No,No,No,Month-to-month,Yes,Credit card (automatic),68.43,888.62,No
1726-UCAXS,Male,0,Yes,Yes,45,Yes,No,No,No internet service,No internet service,No internet service,No internet service,No internet service,No internet service,Month-to-month,Yes,Credit card (automatic),23.57,1074.30,No
1037-MCADY,Male,0,Yes,No,15,Yes,Yes,No,No internet service,No internet service,No internet service,No internet service,No internet service,No internet service,Two year,Yes,Bank transfer (automatic),35.26,525.77,No
0181-SWSYP,Male,0,No,No,26,Yes,Yes,Fiber optic,No,Yes,No,No,No,No,Two year,Yes,Bank transfer (automatic),87.4,2271.60,No
5280-JSABP,Female,0,Yes,No,36,Yes,No,Fiber optic,Yes,Yes,Yes,No,Yes,Yes,Two year,No,Credit card (automatic),110.15,3968.50,No
7611-YMFUZ,Male,0,Yes,No,60,Yes,No,No,No internet service,No internet service,No internet service,No internet service,No internet service,No internet service,Two year,No,Bank transfer (automatic),24.9,1503.67,No
5869-JYTRX,Male,0,Yes,No,19,Yes,Yes,No,No internet service,No internet service,No internet service,No internet service,No internet service,No internet service,Month-to-month,No,Bank transfer (automatic),30.72,585.46,No
3837-IMIZD,Male,0,Yes,Yes,24,No,No phone service,Fiber optic,Yes,No,No,No,No,No,One year,Yes,Mailed check,70.79,1697.65,No
0283-EWETO,Male,0,No,No,49,No,No phone service,Fiber optic,No,No,Yes,No,No,Yes,Two year,Yes,Mailed check,79.57,3908.18,No
1139-MJIHC,Female,0,Yes,Yes,57,Yes,Yes,DSL,No,No,No,No,No,No,Month-to-month,No,Credit card (automatic),59.84,3401.55,No
8424-JMDXM,Female,0,No,No,36,Yes,Yes,DSL,Yes,Yes,No,No,No,No,Month-to-month,No,Credit card (automatic),65.4,2361.30,No
4978-TGBVX,Male,0,No,No,4,Yes,No,No,No internet service,No internet service,No internet service,No internet service,No internet service,No internet service,Month-to-month,No,Electronic check,25.33,107.38,No
6676-UWNZS,Male,0,No,No,53,Yes,No,DSL,No,No,Yes,No,Yes,No,Two year,Yes,Electronic check,65.74,3491.26,No
4681-TLWQM,Female,0,No,No,36,Yes,Yes,No,No internet service,No internet service,No internet service,No internet service,No internet service,No internet service,Month-to-month,Yes,Mailed check,37.33,1352.91,No
1896-JWFCZ,Female,0,Yes,No,9,Yes,Yes,Fiber optic,No,Yes,No,Yes,No,No,Month-to-month,Yes,Electronic check,94.25,851.86,Yes
2153-ESVSO,Female,0,Yes,No,8,Yes,Yes,DSL,Yes,No,No,Yes,No,No,Two year,No,Credit card (automatic),69.53,582.76,No
7838-LWCWN,Male,0,No,No,32,Yes,No,DSL,Yes,Yes,Yes,No,Yes,No,Month-to-month,Yes,Bank transfer (automatic),72.93,2337.30,No
0253-GSQYP,Female,0,No,No,23,Yes,No,DSL,No,No,Yes,Yes,No,No,Month-to-month,No,Credit card (automatic),55.03,1258.54,No
5727-RPTSJ,Female,0,No,No,69,Yes,No,No,No internet service,No internet service,No internet service,No internet service,No internet service,No internet service,Month-to-month,Yes,Bank transfer (automatic),20.68,1426.73,No
0691-DYFXR,Female,0,No,No,56,Yes,No,DSL,No,Yes,No,No,No,Yes,Month-to-month,Yes,Credit card (automatic),61.91,3461.76,No
6586-QNXKZ,Female,0,Yes,No,25,Yes,No,Fiber optic,Yes,No,No,Yes,No,No,One year,Yes,Electronic check,84.15,2098.92,No
2125-NSZPU,Female,0,Yes,No,38,Yes,No,Fiber optic,No,Yes,No,Yes,Yes,Yes,Month-to-month,Yes,Credit card (automatic),102.1,3875.36,Yes
5767-STPVG,Female,1,Yes,No,43,Yes,No,Fiber optic,Yes,No,No,Yes,Yes,No,Month-to-month,Yes,Bank transfer (automatic),91.9,3959.20,No
8077-VDCCV,Male,0,Yes,No,63,Yes,Yes,DSL,No,Yes,Yes,No,No,No,Month-to-month,No,Electronic check,71.48,4487.41,Yes
7605-GLWIK,Male,0,Yes,No,47,Yes,Yes,DSL,Yes,Yes,Yes,Yes,Yes,No,Two year,Yes,Credit card (automatic),86.55,4052.97,No
9401-DEIQC,Female,0,Yes,No,66,Yes,No,No,No internet service,No internet service,No internet service,No internet service,No internet service,No internet service,Month-to-month,No,Electronic check,20.64,1349.69,No
4232-TNPQX,Female,0,Yes,No,47,Yes,Yes,Fiber optic,No,No,Yes,Yes,Yes,Yes,Month-to-month,Yes,Bank transfer (automatic),114.94,5400.73,Yes
3611-VNROO,Female,0,No,No,39,No,No phone service,DSL,No,Yes,Yes,No,Yes,No,Month-to-month,Yes,Credit card (automatic),65.01,2520.21,No
5136-HOCOM,Male,0,Yes,Yes,45,Yes,No,Fiber optic,Yes,Yes,Yes,No,No,No,Month-to-month,Yes,Electronic check,90.05,4046.90,Yes
8177-TQMAB,Male,0,Yes,No,2,Yes,No,Fiber optic,No,Yes,Yes,No,No,Yes,Month-to-month,No,Credit card (automatic),91.81,196.47,Yes
8115-GWYFN,Male,0,No,No,13,No,No phone service,DSL,No,Yes,Yes,Yes,No,No,One year,Yes,Bank transfer (automatic),56.86,741.37,No
7510-ENYXT,Male,1,No,Yes,3,Yes,Yes,No,No internet service,No internet service,No internet service,No internet service,No internet service,No internet service,Two year,No,Electronic check,36.01,97.15,No
4452-EPRZQ,Female,0,No,No,11,No,No phone service,Fiber optic,No,Yes,No,No,No,Yes,One year,No,Electronic check,82.34,908.96,No
0961-DUGBF,Male,0,No,Yes,22,Yes,No,Fiber optic,No,Yes,No,No,No,No,Month-to-month,Yes,Bank transfer (automatic),78.41,1737.79,Yes
0684-ETPSI,Female,0,No,No,2,Yes,Yes,DSL,No,No,No,Yes,No,Yes,Month-to-month,Yes,Credit card (automatic),76.05,152.35,Yes
4784-JYBIK,Female,0,Yes,Yes,2,Yes,No,Fiber optic,No,No,No,No,Yes,No,Month-to-month,No,Mailed check,81.62,157.25,Yes
3555-BWFNA,Female,0,Yes,No,41,Yes,Yes,DSL,No,No,No,Yes,Yes,No,Month-to-month,No,Bank transfer (automatic),71.7,2939.19,No
1600-AXDDR,Female,0,No,No,18,No,No phone service,DSL,Yes,No,Yes,No,No,Yes,Month-to-month,No,Mailed check,62.44,1109.04,No
0986-DFPBW,Female,0,No,No,27,Yes,Yes,DSL,No,Yes,Yes,Yes,No,No,Month-to-month,Yes,Bank transfer (automatic),73.66,1978.01,No
1977-QMXRV,Female,0,Yes,Yes,37,No,No phone service,Fiber optic,No,Yes,No,No,No,Yes,One year,Yes,Credit card (automatic),80.71,2979.69,No
0469-QORWV,Female,0,Yes,Yes,8,Yes,Yes,Fiber optic,Yes,Yes,Yes,No,Yes,No,Month-to-month,Yes,Bank transfer (automatic),105.61,838.31,Yes
2919-DCGXR,Female,0,Yes,No,55,Yes,No,DSL,No,No,Yes,Yes,Yes,No,Month-to-month,No,Mailed check,67.09,3686.61,No
9675-VZADN,Male,0,No,Yes,16,Yes,No,Fiber optic,Yes,No,No,No,Yes,No,One year,Yes,Bank transfer (automatic),89.37,1419.67,No
0314-ZNIOL,Female,1,Yes,No,6,Yes,No,DSL,No,Yes,Yes,No,Yes,Yes,One year,Yes,Mailed check,78.88,480.64,No
9272-FTXFH,Male,0,No,No,71,Yes,Yes,No,No internet service,No internet service,No internet service,No internet service,No internet service,No internet service,One year,Yes,Bank transfer (automatic),32.31,2296.41,No
0500-XOGSV,Female,0,No,No,53,Yes,No,Fiber optic,Yes,No,No,Yes,Yes,No,Month-to-month,Yes,Mailed check,94.09,4983.61,No
8625-KTSIJ,Female,1,No,No,27,No,No phone service,Fiber optic,Yes,Yes,No,Yes,Yes,No,Month-to-month,No,Electronic check,90.64,2447.36,Yes
1016-ZQFNW,Female,0,No,Yes,65,Yes,No,DSL,No,No,Yes,No,No,No,Month-to-month,Yes,Mailed check,53.13,3449.26,No
8752-XWSYL,Female,0,Yes,No,27,Yes,No,No,No internet service,No internet service,No internet service,No internet service,No internet service,No internet service,Two year,No,Electronic check,22.97,605.61,No
1210-TUFEA,Female,0,No,Yes,24,Yes,No,No,No internet service,No internet service,No internet service,No internet service,No internet service,No internet service,Two year,No,Electronic check,25.65,610.16,No
2044-PLVHZ,Male,0,No,Yes,48,Yes,Yes,Fiber optic,No,No,No,Yes,Yes,Yes,Two year,Yes,Electronic check,108.76,5206.77,No
0390-YWGLU,Female,0,Yes,No,47,No,No phone service,DSL,No,Yes,No,No,No,No,One year,Yes,Credit card (automatic),44.0,2062.85,No
6136-SBJRQ,Male,0,Yes,Yes,46,Yes,No,Fiber optic,Yes,Yes,No,No,No,No,Month-to-month,Yes,Electronic check,80.48,3700.16,Yes
4558-TAVOU,Female,0,No,Yes,61,Yes,Yes,DSL,No,No,Yes,No,No,No,Two year,No,Bank transfer (automatic),63.77,3879.82,No
9521-FMAWW,Male,0,No,Yes,32,No,No phone service,Fiber optic,Yes,No,No,No,No,No,Month-to-month,Yes,Electronic check,69.12,2213.98,Yes
9690-ODMWY,Male,0,No,No,41,No,No phone service,No,No internet service,No internet service,No internet service,No internet service,No internet service,No internet service,Month-to-month,Yes,Credit card (automatic),18.25,757.43,No
4169-APWFW,Male,0,No,Yes,26,Yes,No,Fiber optic,Yes,No,Yes,No,No,No,Month-to-month,Yes,Credit card (automatic),81.93,2149.22,Yes
9226-BAIIW,Female,0,No,No,7,Yes,No,DSL,No,No,No,No,No,Yes,Month-to-month,No,Electronic check,57.91,411.96,Yes
6291-KGIAN,Male,0,Yes,No,61,Yes,No,Fiber optic,Yes,Yes,No,Yes,Yes,Yes,Two year,Yes,Credit card (automatic),106.68,6519.10,No
3569-GZBDU,Male,0,No,No,37,Yes,No,No,No internet service,No internet service,No internet service,No internet service,No internet service,No internet service,Month-to-month,No,Mailed check,24.79,915.57,No
0092-OJSLX,Female,0,No,Yes,3,No,No phone service,DSL,Yes,No,No,No,No,Yes,One year,Yes,Credit card (automatic),57.22,159.86,No
8019-BDRGM,Female,0,Yes,No,53,Yes,No,No,No internet service,No internet service,No internet service,No internet service,No internet service,No internet service,One year,Yes,Mailed check,23.92,1255.72,No
8659-AKJYE,Female,0,No,No,47,Yes,No,DSL,Yes,No,Yes,No,No,No,One year,Yes,Bank transfer (automatic),58.88,2764.99,No
4587-HNXAQ,Male,0,No,No,68,Yes,No,Fiber optic,No,No,No,No,Yes,No,Two year,No,Electronic check,80.56,5476.57,No
7481-YXIDQ,Female,0,No,No,15,Yes,Yes,Fiber optic,No,Yes,Yes,Yes,No,No,Month-to-month,No,Electronic check,98.57,1488.05,Yes
0417-ZKUUR,Female,0,No,No,60,Yes,No,Fiber optic,No,Yes,No,No,Yes,Yes,One year,Yes,Electronic check,96.86,5806.58,No
6790-RJPTE,Male,0,No,No,17,Yes,Yes,Fiber optic,No,No,No,No,No,Yes,Month-to-month,Yes,Electronic check,93.79,1595.03,Yes
1080-DRTXX,Female,0,Yes,No,44,Yes,No,Fiber optic,No,No,No,No,Yes,Yes,Month-to-month,Yes,Mailed check,90.82,3996.49,Yes
8462-ZTZYZ,Female,0,No,No,17,Yes,Yes,Fiber optic,Yes,Yes,No,Yes,Yes,No,Month-to-month,Yes,Credit card (automatic),107.38,1811.85,No
9014-CBAJS,Female,0,Yes,No,7,Yes,Yes,DSL,No,No,Yes,Yes,No,No,Two year,Yes,Electronic check,68.78,485.53,No
0007-CKQWZ,Female,0,Yes,No,28,Yes,No,Fiber optic,No,Yes,Yes,No,No,Yes,Month-to-month,No,Electronic check,93.65,2613.09,Yes
2733-UVGNN,Male,0,Yes,Yes,20,Yes,No,No,No internet service,No internet service,No internet service,No internet service,No internet service,No internet service,One year,No,Mailed check,21.16,415.93,No
3750-QYJVP,Female,0,Yes,No,53,Yes,No,DSL,Yes,No,No,No,No,No,Two year,Yes,Mailed check,53.57,2839.16,No
9765-PTPGI,Male,0,No,No,46,Yes,Yes,DSL,No,Yes,No,No,No,Yes,Two year,Yes,Bank transfer (automatic),73.82,3388.83,No
9960-ZYMTC,Female,0,Yes,No,65,Yes,No,Fiber optic,No,Yes,Yes,No,Yes,Yes,Month-to-month,Yes,Electronic check,100.17,6520.91,Yes
3391-NLQLZ,Male,0,No,Yes,67,Yes,No,Fiber optic,No,Yes,No,Yes,No,No,One year,Yes,Bank transfer (automatic),79.63,5344.51,No
0719-UPDHB,Male,1,No,No,47,Yes,No,DSL,Yes,No,Yes,No,Yes,No,Month-to-month,Yes,Electronic check,69.2,3248.71,No
9866-QPBTT,Female,0,No,No,22,Yes,No,Fiber optic,No,Yes,No,Yes,Yes,No,Month-to-month,Yes,Mailed check,90.64,1996.63,Yes
2671-DNPSB,Female,0,Yes,No,16,Yes,Yes,Fiber optic,No,No,No,No,No,Yes,Two year,Yes,Electronic check,93.2,1508.20,No
5351-LTVUS,Female,0,Yes,Yes,60,Yes,No,No,No internet service,No internet service,No internet service,No internet service,No internet service,No internet service,One year,Yes,Mailed check,22.67,1350.36,No
7625-TUKEP,Male,0,Yes,Yes,51,Yes,Yes,Fiber optic,No,Yes,No,No,Yes,Yes,Two year,Yes,Electronic check,106.95,5454.69,No
6429-EWUEI,Male,0,Yes,No,41,Yes,Yes,No,No internet service,No internet service,No internet service,No internet service,No internet service,No internet service,Month-to-month,No,Bank transfer (automatic),36.12,1468.86,No
2509-UHUYK,Female,0,Yes,Yes,50,No,No phone service,Fiber optic,No,No,Yes,No,Yes,No,Month-to-month,Yes,Bank transfer (automatic),80.94,4049.53,Yes
5797-CWNWN,Male,0,No,No,0,Yes,No,Fiber optic,No,No,Yes,No,No,No,Month-to-month,No,Bank transfer (automatic),76.36, ,Yes
9561-IJZQQ,Female,0,Yes,No,20,Yes,Yes,Fiber optic,No,No,No,No,No,No,Month-to-month,No,Bank transfer (automatic),84.31,1665.09,Yes
2206-DJMBJ,Female,0,Yes,No,56,Yes,Yes,No,No internet service,No internet service,No internet service,No internet service,No internet service,No internet service,Month-to-month,No,Electronic check,33.63,1884.88,No
4583-RESBL,Female,0,Yes,Yes,35,Yes,No,Fiber optic,No,No,No,No,No,No,One year,Yes,Mailed check,73.27,2571.27,No
0915-HSKYL,Female,0,No,Yes,1,Yes,No,Fiber optic,Yes,No,Yes,No,No,No,Two year,Yes,Mailed check,83.56,80.32,Yes
8179-KUDJU,Male,0,No,No,22,Yes,No,DSL,No,No,No,No,No,No,Two year,Yes,Bank transfer (automatic),46.85,1031.73,No
3739-LNPVR,Female,0,No,No,59,Yes,No,Fiber optic,No,Yes,Yes,Yes,Yes,No,Month-to-month,No,Credit card (automatic),95.88,5645.85,Yes
4541-GTXWG,Male,0,No,No,58,Yes,Yes,No,No internet service,No internet service,No internet service,No internet service,No internet service,No internet service,Month-to-month,No,Credit card (automatic),36.13,2097.17,No
8095-FVLVL,Female,0,No,No,65,Yes,Yes,Fiber optic,No,Yes,No,No,Yes,No,Month-to-month,Yes,Electronic check,95.73,6231.47,Yes
9695-QSRFX,Female,0,No,No,42,Yes,No,No,No internet service,No internet service,No internet service,No internet service,No internet service,No internet service,Month-to-month,No,Electronic check,19.02,810.95,No
2977-UXFUY,Male,1,No,Yes,58,No,No phone service,No,No internet service,No internet service,No internet service,No internet service,No internet service,No internet service,One year,Yes,Electronic check,18.25,1053.99,No
6701-XYTLP,Male,0,No,No,72,Yes,Yes,Fiber optic,No,No,Yes,No,No,No,One year,Yes,Credit card (automatic),89.61,6442.29,No
9983-JJZYK,Female,0,No,Yes,35,No,No phone service,DSL,No,No,Yes,No,No,No,One year,No,Mailed check,43.97,1524.28,No
6183-HWGHA,Female,1,No,No,59,Yes,Yes,DSL,No,Yes,Yes,No,Yes,No,One year,Yes,Bank transfer (automatic),76.31,4514.46,No
4110-EBTCS,Male,0,No,No,3,Yes,No,Fiber optic,No,Yes,No,No,No,No,Month-to-month,No,Mailed check,79.82,233.57,Yes
1517-HLUJW,Male,0,Yes,Yes,20,Yes,Yes,DSL,No,Yes,No,No,No,Yes,Month-to-month,No,Mailed check,70.48,1404.19,No
3019-ZDAOM,Male,0,Yes,Yes,3,Yes,Yes,DSL,No,Yes,No,No,Yes,No,Month-to-month,No,Bank transfer (automatic),73.36,197.65,Yes
7839-SRESZ,Female,0,Yes,No,3,Yes,Yes,DSL,Yes,Yes,No,No,No,No,Two year,Yes,Mailed check,68.01,200.83,No
6507-BUYHR,Female,1,No,No,32,Yes,Yes,Fiber optic,Yes,No,No,Yes,No,No,Month-to-month,No,Electronic check,93.12,3007.68,Yes
8495-MSCZH,Female,0,Yes,No,13,No,No phone service,No,No internet service,No internet service,No internet service,No internet service,No internet service,No internet service,Month-to-month,No,Bank transfer (automatic),19.23,268.96,No
9911-MEVLB,Female,0,Yes,No,8,Yes,Yes,DSL,No,No,No,No,No,No,One year,No,Credit card (automatic),55.48,444.33,No
4699-XLPWH,Male,0,No,Yes,63,Yes,No,Fiber optic,Yes,No,No,Yes,Yes,No,Month-to-month,Yes,Mailed check,94.82,5987.25,No
8449-TMIUN,Male,0,No,Yes,61,No,No phone service,Fiber optic,Yes,Yes,No,Yes,No,Yes,Two year,No,Credit card (automatic),90.6,5519.95,No
1976-HCOPD,Male,0,No,Yes,6,Yes,No,Fiber optic,Yes,No,Yes,Yes,Yes,No,Two year,Yes,Bank transfer (automatic),97.04,597.54,No
4503-KLZEW,Male,1,Yes,No,4,Yes,No,Fiber optic,No,Yes,Yes,No,No,Yes,Two year,Yes,Bank transfer (automatic),92.29,371.32,Yes
4067-MWPDH,Male,1,No,Yes,12,Yes,No,Fiber optic,Yes,Yes,No,Yes,No,No,Two year,No,Electronic check,88.84,1072.95,No
4989-EPAIL,Male,0,No,No,1,No,No phone service,Fiber optic,Yes,No,Yes,No,No,No,Month-to-month,Yes,Mailed check,74.85,69.46,Yes
4535-XCEBN,Female,0,No,No,11,Yes,No,No,No internet service,No internet service,No internet service,No internet service,No internet service,No internet service,Month-to-month,No,Bank transfer (automatic),26.24,293.83,No
1699-NKJFD,Female,0,No,No,6,No,No phone service,DSL,No,Yes,No,No,No,No,Month-to-month,No,Credit card (automatic),47.44,315.26,No
4067-IHESJ,Male,0,Yes,No,33,Yes,Yes,No,No internet service,No internet service,No internet service,No internet service,No internet service,No internet service,Month-to-month,Yes,Bank transfer (automatic),34.58,1151.52,No
8542-VSJLV,Male,0,No,No,20,Yes,Yes,Fiber optic,Yes,Yes,No,Yes,Yes,No,One year,No,Bank transfer (automatic),105.54,2105.30,No
3173-YWLBD,Female,0,Yes,Yes,59,Yes,No,Fiber optic,No,No,Yes,Yes,Yes,No,One year,Yes,Credit card (automatic),91.94,5402.81,No
4284-RKCYW,Male,0,Yes,No,9,No,No phone service,DSL,Yes,Yes,No,Yes,No,No,Month-to-month,Yes,Electronic check,53.47,474.22,No
1838-MROJP,Female,0,Yes,No,37,Yes,Yes,No,No internet service,No internet service,No internet service,No internet service,No internet service,No internet service,One year,No,Credit card (automatic),34.67,1283.76,No
3419-AGZQP,Female,0,No,Yes,57,Yes,No,DSL,Yes,No,No,No,No,No,Month-to-month,Yes,Mailed check,50.95,2898.43,No
7295-GZQFW,Male,1,Yes,No,55,Yes,No,Fiber optic,No,No,Yes,No,No,No,One year,Yes,Electronic check,75.68,4163.69,No
5308-DGWBQ,Male,0,No,Yes,43,Yes,Yes,No,No internet service,No internet service,No internet service,No internet service,No internet service,No internet service,One year,Yes,Electronic check,34.08,1463.63,No
7767-PSKBW,Female,1,Yes,No,63,Yes,No,Fiber optic,No,No,No,Yes,No,No,Month-to-month,No,Credit card (automatic),71.74,4529.86,Yes
7098-OMODP,Female,0,No,Yes,19,Yes,No,Fiber optic,No,No,Yes,Yes,Yes,No,Month-to-month,Yes,Credit card (automatic),92.55,1740.24,Yes
3250-VRYRW,Male,1,No,Yes,49,Yes,Yes,Fiber optic,No,Yes,No,Yes,Yes,No,Two year,Yes,Credit card (automatic),106.56,5220.32,No
0647-DLZWV,Female,0,No,Yes,53,Yes,Yes,Fiber optic,No,Yes,No,Yes,No,Yes,One year,No,Bank transfer (automatic),100.99,5356.58,No
4364-UOQRE,Male,0,No,Yes,45,Yes,Yes,Fiber optic,No,No,No,Yes,No,No,Month-to-month,Yes,Mailed check,86.22,3854.44,No
2133-TTSML,Female,0,Yes,Yes,39,Yes,Yes,Fiber optic,Yes,No,No,No,Yes,Yes,One year,No,Bank transfer (automatic),109.86,4274.28,No
6843-BBEWJ,Male,0,No,No,23,Yes,Yes,Fiber optic,No,Yes,No,No,Yes,No,Month-to-month,Yes,Electronic check,95.62,2211.17,Yes
9864-ZJJFS,Female,0,No,No,57,Yes,No,DSL,No,No,No,Yes,No,Yes,Month-to-month,No,Electronic check,65.85,3752.76,No
4700-GNUUQ,Male,0,No,No,30,Yes,No,Fiber optic,No,No,Yes,Yes,No,Yes,Month-to-month,No,Mailed check,95.18,2860.09,Yes
8049-YTHFK,Male,0,No,Yes,49,Yes,No,Fiber optic,No,Yes,Yes,No,No,No,Month-to-month,Yes,Credit card (automatic),84.04,4109.61,Yes
2310-MNXAK,Male,0,No,Yes,9,Yes,No,Fiber optic,No,Yes,No,Yes,Yes,No,Two year,No,Credit card (automatic),91.07,808.03,No
0399-FYAGZ,Male,0,Yes,Yes,13,Yes,Yes,DSL,Yes,No,No,No,Yes,Yes,Two year,No,Mailed check,82.8,1076.21,No
4763-TFVYE,Male,0,Yes,No,18,Yes,Yes,No,No internet service,No internet service,No internet service,No internet service,No internet service,No internet service,Month-to-month,Yes,Credit card (automatic),32.45,598.31,No
7415-YSAAM,Female,0,No,No,29,Yes,No,Fiber optic,No,No,No,No,Yes,No,Month-to-month,Yes,Electronic check,83.18,2407.90,Yes
2942-IHCYM,Female,0,Yes,Yes,56,Yes,Yes,DSL,No,No,No,No,Yes,No,Month-to-month,No,Electronic check,68.62,3842.14,Yes
5633-LMBUX,Male,0,No,No,15,Yes,No,Fiber optic,No,No,No,No,No,No,Two year,Yes,Credit card (automatic),71.94,1082.93,No
6652-UMQWI,Female,0,Yes,No,21,Yes,Yes,DSL,No,No,No,Yes,No,Yes,Month-to-month,No,Credit card (automatic),71.92,1519.58,No
0122-XGVJJ,Female,0,Yes,Yes,53,Yes,No,DSL,Yes,No,No,Yes,Yes,No,One year,No,Electronic check,69.45,3688.09,No
3801-DSQEG,Male,0,No,No,69,Yes,No,Fiber optic,Yes,Yes,No,Yes,Yes,Yes,Month-to-month,Yes,Credit card (automatic),112.64,7781.68,No
1456-QGDHM,Female,1,No,No,42,Yes,No,DSL,No,Yes,Yes,No,Yes,Yes,Month-to-month,Yes,Mailed check,75.56,3160.26,No
3584-LDXID,Female,1,Yes,Yes,18,Yes,Yes,Fiber optic,Yes,No,No,No,Yes,No,Month-to-month,No,Credit card (automatic),99.5,1792.26,Yes
2741-JYSLR,Female,0,Yes,Yes,4,Yes,No,Fiber optic,No,No,Yes,No,Yes,No,One year,Yes,Electronic check,89.06,354.86,Yes
0726-QAOIO,Male,0,Yes,No,70,Yes,Yes,Fiber optic,No,No,No,Yes,No,No,Month-to-month,No,Bank transfer (automatic),88.94,6220.26,No
7252-MLTAU,Female,0,No,No,19,Yes,Yes,DSL,No,No,No,No,Yes,Yes,Month-to-month,Yes,Credit card (automatic),78.48,1485.21,No
0096-VRPNR,Female,1,Yes,Yes,14,Yes,No,Fiber optic,Yes,No,No,No,Yes,Yes,One year,No,Credit card (automatic),96.9,1368.80,No
6017-VBGDR,Male,0,Yes,Yes,37,Yes,Yes,Fiber optic,No,Yes,No,Yes,Yes,Yes,One year,No,Mailed check,113.29,4181.28,No
5887-SCREN,Female,0,No,No,0,Yes,No,No,No internet service,No internet service,No internet service,No internet service,No internet service,No internet service,One year,No,Electronic check,22.41, ,Yes
3638-LBKNV,Male,1,No,Yes,4,Yes,No,Fiber optic,No,Yes,Yes,No,No,Yes,Two year,No,Credit card (automatic),94.11,356.26,Yes
6356-DOXYA,Female,1,No,No,53,Yes,Yes,No,No internet service,No internet service,No internet service,No internet service,No internet service,No internet service,Month-to-month,Yes,Mailed check,33.92,1790.76,No
6894-LRJFL,Male,0,Yes,No,60,Yes,No,No,No internet service,No internet service,No internet service,No internet service,No internet service,No internet service,Two year,No,Bank transfer (automatic),18.25,1082.06,No
6119-OLZQD,Male,0,Yes,Yes,16,Yes,Yes,Fiber optic,No,No,No,No,Yes,No,One year,Yes,Electronic check,93.37,1501.97,No
6826-GWBFR,Male,1,Yes,No,26,No,No phone service,DSL,Yes,Yes,No,Yes,Yes,No,Month-to-month,Yes,Credit card (automatic),68.46,1778.43,No
5921-LONFR,Female,1,No,No,69,Yes,No,No,No internet service,No internet service,No internet service,No internet service,No internet service,No internet service,Month-to-month,No,Electronic check,25.11,1739.89,No
4122-VVJSC,Male,0,Yes,No,24,Yes,No,No,No internet service,No internet service,No internet service,No internet service,No internet service,No internet service,Month-to-month,Yes,Bank transfer (automatic),23.02,545.39,No
0671-DJGXQ,Female,1,Yes,No,44,Yes,Yes,No,No internet service,No internet service,No internet service,No internet service,No internet service,No internet service,One year,Yes,Credit card (automatic),32.17,1406.49,No
3524-JIMSU,Female,0,Yes,Yes,1,Yes,No,No,No internet service,No internet service,No internet service,No internet service,No internet service,No internet service,Two year,Yes,Electronic check,24.87,37.89,No
7537-CCDYE,Female,0,No,No,21,No,No phone service,DSL,Yes,No,Yes,No,No,No,Two year,No,Bank transfer (automatic),51.51,1083.60,No
7527-LYHMD,Female,0,No,No,53,Yes,Yes,DSL,No,No,No,No,No,No,Two year,No,Credit card (automatic),54.95,2911.68,No
5037-QCQIB,Male,0,No,Yes,16,Yes,Yes,Fiber optic,Yes,Yes,No,No,No,No,Month-to-month,Yes,Credit card (automatic),94.25,1504.77,Yes
8313-KZVOK,Male,0,Yes,No,60,No,No phone service,Fiber optic,No,No,No,No,No,Yes,Month-to-month,No,Electronic check,80.61,4826.68,Yes
6229-LXETG,Male,0,No,Yes,65,Yes,No,No,No internet service,No internet service,No internet service,No internet service,No internet service,No internet service,Month-to-month,No,Credit card (automatic),22.29,1444.41,No
6884-MLMXJ,Female,0,No,No,25,Yes,No,DSL,No,No,Yes,No,No,Yes,Month-to-month,No,Credit card (automatic),61.5,1540.51,No
0875-PMCCX,Male,1,No,No,55,Yes,No,Fiber optic,Yes,Yes,No,No,Yes,No,One year,No,Mailed check,95.41,5263.38,No
4964-XJJTB,Female,0,No,Yes,32,Yes,Yes,No,No internet service,No internet service,No internet service,No internet service,No internet service,No internet service,Two year,Yes,Electronic check,34.03,1092.99,No
2761-FITYB,Female,0,Yes,No,0,No,No phone service,DSL,No,Yes,Yes,No,No,Yes,Month-to-month,Yes,Electronic check,62.45, ,Yes
1866-QMKFW,Male,1,No,Yes,39,Yes,No,DSL,No,No,No,No,Yes,Yes,Two year,No,Mailed check,68.5,2655.70,No
5515-TYOQH,Male,0,No,Yes,42,Yes,No,Fiber optic,No,No,No,Yes,No,Yes,Month-to-month,Yes,Mailed check,86.02,3614.64,No
4030-VROEG,Female,1,Yes,No,43,Yes,Yes,DSL,Yes,No,No,No,Yes,No,Month-to-month,Yes,Electronic check,73.66,3171.46,No
1554-ESJOJ,Female,0,Yes,No,61,Yes,Yes,DSL,No,No,No,Yes,Yes,Yes,Month-to-month,Yes,Electronic check,79.05,4836.67,No
1605-FCBBM,Male,1,No,Yes,35,Yes,Yes,Fiber optic,Yes,No,No,Yes,No,Yes,One year,Yes,Electronic check,101.28,3551.49,No
8464-GMTXZ,Male,0,Yes,No,55,Yes,No,DSL,No,Yes,No,No,Yes,No,One year,Yes,Electronic check,62.68,3443.72,No
9694-FEWBU,Male,0,No,No,38,Yes,Yes,Fiber optic,Yes,No,No,No,No,No,Month-to-month,Yes,Electronic check,88.32,3357.17,Yes
9285-ZSGDC,Female,1,No,Yes,12,No,No phone service,DSL,Yes,Yes,Yes,No,No,No,Two year,No,Mailed check,57.2,680.78,No
7305-ZKAUG,Female,0,Yes,Yes,38,Yes,Yes,No,No internet service,No internet service,No internet service,No internet service,No internet service,No internet service,One year,Yes,Bank transfer (automatic),34.94,1329.05,No
5131-ACCGA,Male,1,Yes,No,11,Yes,Yes,Fiber optic,No,Yes,No,Yes,No,No,Two year,Yes,Credit card (automatic),93.36,1054.94,No
8532-SBRLJ,Female,0,Yes,No,20,Yes,Yes,No,No internet service,No internet service,No internet service,No internet service,No internet service,No internet service,Two year,No,Mailed check,32.05,646.91,No
4811-FJRLD,Female,0,Yes,No,17,Yes,Yes,DSL,No,No,Yes,No,No,No,Month-to-month,No,Credit card (automatic),62.58,1041.27,No
5405-PQCJE,Male,0,No,No,12,Yes,Yes,DSL,No,Yes,No,Yes,Yes,No,Month-to-month,Yes,Electronic check,79.28,950.98,No
9495-LZHEO,Male,0,No,Yes,18,Yes,Yes,Fiber optic,No,No,No,No,No,No,One year,Yes,Electronic check,83.77,1520.23,No
0423-OMXPW,Female,0,Yes,Yes,34,Yes,Yes,DSL,No,No,No,No,No,No,Month-to-month,No,Electronic check,57.37,1956.79,Yes
4155-ZZFNY,Female,0,Yes,No,45,Yes,No,No,No internet service,No internet service,No internet service,No internet service,No internet service,No internet service,Month-to-month,Yes,Bank transfer (automatic),25.91,1169.93,No
7704-GFUHS,Male,0,Yes,Yes,56,Yes,No,DSL,No,No,Yes,No,Yes,No,Month-to-month,Yes,Electronic check,61.14,3429.55,Yes
5473-HZNRY,Male,1,Yes,Yes,33,Yes,No,DSL,No,No,No,No,No,Yes,Two year,Yes,Bank transfer (automatic),61.02,2011.92,No
8995-PDTMV,Male,0,No,Yes,61,Yes,No,No,No internet service,No internet service,No internet service,No internet service,No internet service,No internet service,Two year,No,Electronic check,20.13,1227.80,No
4566-IHPFP,Male,0,Yes,No,55,Yes,No,Fiber optic,No,No,No,Yes,Yes,No,One year,Yes,Electronic check,85.52,4701.27,No
5408-IYXMZ,Male,0,No,Yes,0,Yes,Yes,DSL,No,No,Yes,Yes,No,Yes,Month-to-month,No,Mailed check,75.74, ,Yes
2076-EJGJD,Female,0,Yes,Yes,56,Yes,Yes,Fiber optic,Yes,No,No,Yes,No,No,Two year,Yes,Bank transfer (automatic),95.39,5341.22,No
8918-IUAWJ,Male,0,No,Yes,27,Yes,No,Fiber optic,Yes,No,No,Yes,Yes,Yes,Month-to-month,Yes,Electronic check,101.83,2746.73,Yes
9385-CFZFU,Male,0,Yes,No,3,Yes,No,Fiber optic,No,No,Yes,No,No,Yes,One year,No,Electronic check,87.41,265.56,Yes
1991-WBLVE,Female,1,No,Yes,70,No,No phone service,DSL,No,Yes,No,No,Yes,Yes,Month-to-month,Yes,Bank transfer (automatic),65.22,4580.02,No
3673-AAQAU,Male,0,No,Yes,39,Yes,No,No,No internet service,No internet service,No internet service,No internet service,No internet service,No internet service,Month-to-month,Yes,Credit card (automatic),21.97,841.84,No
3826-KXVLM,Female,0,Yes,No,52,Yes,No,DSL,No,No,No,Yes,No,No,Two year,Yes,Mailed check,52.52,2733.18,No
9079-CXDPH,Male,0,No,No,38,No,No phone service,Fiber optic,No,Yes,Yes,No,No,No,One year,Yes,Bank transfer (automatic),79.18,3014.23,No
0258-BKAOZ,Female,1,No,Yes,34,No,No phone service,No,No internet service,No internet service,No internet service,No internet service,No internet service,No internet service,Month-to-month,Yes,Credit card (automatic),18.7,641.35,No
2342-MJKRB,Female,0,Yes,No,9,Yes,Yes,DSL,No,Yes,No,No,Yes,No,One year,Yes,Credit card (automatic),71.67,636.69,No
6891-WGGCL,Male,0,Yes,No,50,Yes,Yes,DSL,No,No,No,No,No,Yes,Month-to-month,No,Mailed check,65.3,3259.93,No
6090-EPOBI,Male,0,Yes,No,63,Yes,Yes,No,No internet service,No internet service,No internet service,No internet service,No internet service,No internet service,One year,No,Electronic check,32.49,2056.59,No
6331-UDMAX,Female,0,Yes,No,58,Yes,No,Fiber optic,Yes,No,No,No,Yes,Yes,Month-to-month,Yes,Credit card (automatic),101.61,5895.35,Yes
2538-WYPZS,Female,0,No,Yes,25,Yes,No,Fiber optic,No,Yes,No,No,No,No,Month-to-month,Yes,Credit card (automatic),78.62,1964.32,Yes
0425-XKMTE,Male,0,Yes,Yes,2,Yes,Yes,Fiber optic,No,Yes,Yes,No,Yes,Yes,Month-to-month,Yes,Mailed check,110.78,217.90,Yes
4333-DTURR,Female,0,No,No,16,Yes,Yes,DSL,Yes,No,No,Yes,No,Yes,One year,No,Credit card (automatic),74.9,1203.30,No
8151-UDLGO,Female,0,No,No,64,Yes,No,Fiber optic,Yes,Yes,Yes,No,Yes,No,Month-to-month,Yes,Bank transfer (automatic),96.01,6143.63,Yes
6594-QPSIN,Female,0,Yes,No,0,Yes,No,DSL,No,Yes,Yes,No,Yes,No,One year,No,Electronic check,67.38, ,Yes
0413-PNNAC,Male,0,Yes,No,56,Yes,No,DSL,No,No,Yes,No,No,Yes,Month-to-month,Yes,Electronic check,65.42,3673.49,Yes
9692-TBSIS,Female,0,No,No,10,Yes,No,Fiber optic,No,No,No,No,Yes,No,Month-to-month,No,Credit card (automatic),77.69,768.03,Yes
4136-NWLCE,Male,0,Yes,Yes,66,Yes,Yes,Fiber optic,No,Yes,No,No,No,No,Two year,Yes,Mailed check,88.56,5841.95,No
0999-KQEMJ,Female,0,No,Yes,54,Yes,Yes,Fiber optic,No,Yes,No,No,Yes,Yes,One year,Yes,Mailed check,106.06,5740.09,No
8003-DRIYR,Female,1,Yes,Yes,40,Yes,No,DSL,No,No,No,No,No,Yes,Two year,Yes,Mailed check,59.39,2376.12,No
8579-ODRRY,Male,0,No,Yes,58,Yes,Yes,Fiber optic,No,No,Yes,Yes,No,No,Month-to-month,Yes,Bank transfer (automatic),93.46,5406.68,Yes
0622-RJFMJ,Male,0,Yes,Yes,29,Yes,No,Fiber optic,No,Yes,No,No,Yes,Yes,Month-to-month,No,Mailed check,102.25,2982.04,Yes
1939-PYYFM,Male,0,No,No,24,No,No phone service,Fiber optic,No,No,No,No,No,No,Month-to-month,Yes,Electronic check,68.26,1640.94,Yes
3603-EHLBL,Female,0,Yes,Yes,70,Yes,No,No,No internet service,No internet service,No internet service,No internet service,No internet service,No internet service,One year,No,Electronic check,26.18,1839.30,No
4548-JACRL,Female,0,Yes,Yes,63,Yes,No,Fiber optic,Yes,No,Yes,No,No,No,Two year,No,Credit card (automatic),81.29,5113.48,No
2988-ZBCND,Male,0,Yes,No,24,Yes,Yes,Fiber optic,Yes,Yes,No,No,No,No,Month-to-month,No,Mailed check,92.41,2212.46,Yes
8262-WWIBV,Female,0,Yes,Yes,65,No,No phone service,Fiber optic,No,No,No,No,Yes,No,Two year,Yes,Electronic check,74.06,4811.16,No
8114-ZJLJX,Male,0,Yes,No,33,Yes,Yes,Fiber optic,No,No,Yes,No,No,No,One year,Yes,Bank transfer (automatic),88.31,2905.96,No
8146-FVWCM,Female,1,Yes,Yes,54,Yes,Yes,No,No internet service,No internet service,No internet service,No internet service,No internet service,No internet service,Month-to-month,Yes,Electronic check,32.48,1749.90,No
2987-UFKZQ,Male,0,Yes,No,57,Yes,No,Fiber optic,No,Yes,No,No,No,No,Two year,Yes,Electronic check,78.82,4482.63,No
9031-KGBZR,Male,0,No,No,53,Yes,Yes,Fiber optic,Yes,No,Yes,No,Yes,Yes,Two year,Yes,Credit card (automatic),112.67,5952.81,No
4373-NLVUR,Female,0,No,No,0,Yes,No,Fiber optic,No,No,No,No,Yes,No,Month-to-month,Yes,Electronic check,85.83, ,Yes
7188-STHYS,Male,0,No,Yes,17,Yes,Yes,Fiber optic,No,No,Yes,No,Yes,No,Two year,Yes,Electronic check,97.51,1643.97,No
4726-HZSRJ,Male,1,Yes,Yes,15,Yes,No,Fiber optic,Yes,Yes,No,No,No,Yes,Month-to-month,No,Electronic check,94.07,1402.33,Yes
6802-ESAOP,Male,0,Yes,No,55,Yes,No,DSL,No,No,Yes,No,No,No,One year,Yes,Bank transfer (automatic),56.26,3089.81,No
6697-EJUEQ,Male,0,No,Yes,30,Yes,Yes,DSL,No,No,No,No,No,Yes,Month-to-month,No,Electronic check,71.52,2140.90,Yes
9450-KWAKR,Male,0,Yes,No,47,Yes,No,DSL,Yes,No,Yes,No,No,No,Month-to-month,Yes,Bank transfer (automatic),58.8,2766.65,No
1496-AZPAQ,Female,0,No,No,33,Yes,Yes,Fiber optic,No,No,No,Yes,No,No,Month-to-month,Yes,Electronic check,88.28,2927.84,Yes
5105-NRFJX,Male,0,No,No,33,Yes,No,Fiber optic,No,Yes,No,Yes,No,No,One year,Yes,Mailed check,83.83,2762.75,No
1879-QWZFN,Female,0,No,No,59,Yes,Yes,Fiber optic,Yes,Yes,No,No,No,Yes,Two year,Yes,Credit card (automatic),106.25,6262.14,No
5559-GLCNV,Male,0,No,No,36,Yes,Yes,No,No internet service,No internet service,No internet service,No internet service,No internet service,No internet service,One year,No,Mailed check,33.2,1207.40,No
2667-RYMUI,Female,0,No,Yes,39,Yes,Yes,DSL,Yes,Yes,No,No,Yes,No,Two year,Yes,Electronic check,78.3,3053.80,No
9468-OTBYM,Male,0,No,No,16,Yes,No,No,No internet service,No internet service,No internet service,No internet service,No internet service,No internet service,Month-to-month,Yes,Electronic check,21.33,340.61,No
1291-CFCJX,Female,1,No,No,40,Yes,Yes,DSL,No,No,No,Yes,No,No,One year,No,Mailed check,61.44,2466.25,No
5602-CRGIT,Male,1,Yes,No,55,Yes,No,DSL,No,No,Yes,No,No,No,Two year,Yes,Electronic check,54.14,2969.06,No
4283-EARLM,Male,0,No,No,53,No,No phone service,DSL,Yes,Yes,Yes,No,No,Yes,Month-to-month,Yes,Bank transfer (automatic),66.2,3503.10,No
8147-CVDKW,Female,0,Yes,No,12,Yes,No,Fiber optic,No,No,No,No,No,Yes,Two year,Yes,Bank transfer (automatic),83.64,1002.73,No
9259-IKPJQ,Female,0,Yes,No,45,Yes,No,Fiber optic,No,No,No,Yes,No,Yes,Month-to-month,Yes,Bank transfer (automatic),87.43,3950.28,No
2176-BFSHZ,Female,0,No,No,71,Yes,Yes,No,No internet service,No internet service,No internet service,No internet service,No internet service,No internet service,Two year,Yes,Bank transfer (automatic),31.73,2233.22,No
2980-UCVZR,Male,1,No,Yes,16,Yes,No,Fiber optic,Yes,No,No,No,No,No,Month-to-month,No,Mailed check,76.31,1222.25,Yes
8564-YAUJF,Female,0,Yes,No,10,Yes,Yes,DSL,No,Yes,No,Yes,Yes,Yes,Month-to-month,Yes,Bank transfer (automatic),92.82,920.04,No
6307-ZTCLG,Male,0,Yes,Yes,39,Yes,Yes,DSL,No,No,No,Yes,No,No,Month-to-month,Yes,Credit card (automatic),64.09,2483.43,No
1756-EIUKE,Female,0,No,No,45,Yes,No,No,No internet service,No internet service,No internet service,No internet service,No internet service,No internet service,Two year,Yes,Electronic check,20.25,904.51,No
2017-AGNES,Male,0,Yes,No,64,Yes,Yes,DSL,No,No,No,No,Yes,No,Month-to-month,Yes,Electronic check,72.99,4671.33,Yes
6817-ICBGE,Male,0,Yes,Yes,31,Yes,No,No,No internet service,No internet service,No internet service,No internet service,No internet service,No internet service,Two year,No,Credit card (automatic),23.3,722.60,No
4943-MUTFT,Female,0,No,No,51,Yes,No,DSL,No,No,Yes,Yes,No,No,Month-to-month,No,Bank transfer (automatic),56.56,2878.28,No
1818-ZFIYC,Male,0,No,Yes,9,Yes,Yes,DSL,No,No,No,No,No,No,Month-to-month,No,Electronic check,57.6,524.01,Yes
0024-MSLPY,Male,0,No,No,58,Yes,Yes,DSL,No,Yes,Yes,No,Yes,No,One year,Yes,Credit card (automatic),81.22,4693.28,No
8224-BVGMY,Female,1,No,No,14,No,No phone service,DSL,Yes,Yes,Yes,No,No,No,Two year,Yes,Credit card (automatic),56.58,786.97,No
5243-EXHVA,Female,0,No,No,2,Yes,No,Fiber optic,No,No,No,No,No,No,Two year,Yes,Bank transfer (automatic),72.17,152.43,Yes
7713-PRTLM,Female,0,No,No,8,Yes,No,DSL,Yes,Yes,No,No,Yes,No,Month-to-month,Yes,Credit card (automatic),69.12,559.02,No
9687-POLIH,Female,0,No,No,7,Yes,No,No,No internet service,No internet service,No internet service,No internet service,No internet service,No internet service,Two year,Yes,Mailed check,22.54,179.28,No
1611-ODQEV,Female,0,No,Yes,7,Yes,No,DSL,No,No,No,No,No,No,Month-to-month,Yes,Mailed check,50.75,362.72,No
8971-QRGDZ,Male,0,No,No,15,Yes,No,Fiber optic,No,No,No,Yes,Yes,Yes,One year,No,Mailed check,96.47,1433.50,No
4629-RWUNO,Male,0,No,No,10,Yes,Yes,Fiber optic,No,No,No,Yes,No,Yes,Month-to-month,Yes,Credit card (automatic),96.63,976.29,Yes
0084-QWYKQ,Male,0,No,Yes,22,Yes,No,DSL,No,Yes,No,No,Yes,No,Month-to-month,No,Credit card (automatic),62.26,1365.11,No
9324-GXMRW,Male,1,No,No,55,Yes,Yes,DSL,No,Yes,Yes,No,Yes,No,Two year,Yes,Bank transfer (automatic),77.47,4276.06,No
0671-IAVQS,Female,0,Yes,No,55,Yes,No,Fiber optic,No,Yes,No,No,Yes,Yes,Month-to-month,No,Credit card (automatic),98.69,5440.58,Yes
5274-BTYDJ,Female,1,Yes,Yes,21,Yes,Yes,DSL,No,No,No,No,No,Yes,One year,Yes,Credit card (automatic),67.6,1405.12,No
9749-QPGPC,Male,0,Yes,Yes,17,Yes,No,Fiber optic,No,Yes,No,Yes,Yes,No,Two year,Yes,Mailed check,91.56,1559.27,No
9720-URKDP,Male,1,Yes,Yes,38,Yes,No,Fiber optic,No,No,No,No,Yes,Yes,Month-to-month,Yes,Bank transfer (automatic),94.01,3569.83,Yes
0857-TYBIU,Male,0,Yes,No,2,Yes,Yes,Fiber optic,Yes,No,No,No,Yes,No,Two year,Yes,Electronic check,96.43,189.70,Yes
5235-GAWAE,Male,0,Yes,No,7,Yes,Yes,Fiber optic,No,No,No,No,Yes,No,Month-to-month,No,Electronic check,94.68,680.44,Yes
5198-NZVGN,Male,0,No,No,4,Yes,No,DSL,No,No,No,No,No,No,Month-to-month,Yes,Bank transfer (automatic),44.16,177.87,No
9790-NHDZP,Female,0,Yes,Yes,4,Yes,Yes,Fiber optic,No,No,No,Yes,No,No,One year,Yes,Mailed check,88.49,363.38,No
7583-RNREZ,Male,0,Yes,Yes,18,Yes,No,DSL,No,No,No,No,No,No,Two year,Yes,Bank transfer (automatic),47.87,868.14,No
8273-VJVSU,Male,0,No,No,60,Yes,No,DSL,No,Yes,No,No,No,Yes,Month-to-month,Yes,Credit card (automatic),63.76,3823.48,No
2063-WSLOK,Male,0,Yes,No,45,Yes,No,DSL,No,No,No,No,No,No,Month-to-month,No,Mailed check,49.01,2207.69,No
4419-LBTOT,Male,0,Yes,No,17,Yes,No,DSL,No,No,Yes,No,No,No,One year,Yes,Credit card (automatic),53.07,885.99,No
3515-WZSKX,Female,0,Yes,No,60,Yes,Yes,Fiber optic,No,No,No,Yes,No,No,One year,Yes,Credit card (automatic),92.17,5525.54,No
1741-WRNVJ,Female,0,Yes,No,59,Yes,No,Fiber optic,Yes,No,Yes,No,No,No,Month-to-month,No,Electronic check,84.29,4972.08,Yes
2822-UGNXK,Male,0,No,No,1,No,No phone service,DSL,Yes,Yes,No,No,Yes,Yes,One year,Yes,Electronic check,76.68,75.36,No
6849-KOSPV,Male,1,No,No,49,Yes,No,DSL,Yes,Yes,No,Yes,No,No,One year,Yes,Electronic check,63.59,3114.17,No
4316-MEDNH,Female,0,No,Yes,62,Yes,No,DSL,No,Yes,No,Yes,Yes,No,Month-to-month,Yes,Mailed check,66.79,4134.42,No
8822-EUZRA,Female,0,No,No,70,Yes,Yes,Fiber optic,No,Yes,No,Yes,No,Yes,Two year,Yes,Mailed check,98.86,6917.99,No
7200-KBFVN,Female,0,Yes,No,48,Yes,Yes,No,No internet service,No internet service,No internet service,No internet service,No internet service,No internet service,Month-to-month,No,Credit card (automatic),33.74,1604.71,No
2311-OWQGN,Male,0,No,No,70,Yes,Yes,Fiber optic,No,No,Yes,No,Yes,No,One year,No,Mailed check,99.28,6968.99,No
0527-FRXEX,Male,0,No,No,17,Yes,No,No,No internet service,No internet service,No internet service,No internet service,No internet service,No internet service,Month-to-month,No,Mailed check,20.49,335.25,No
7517-OOKVV,Male,0,No,No,15,Yes,Yes,DSL,No,No,No,No,No,Yes,Month-to-month,Yes,Credit card (automatic),68.08,1017.60,No
7018-KHGWU,Male,0,Yes,Yes,45,Yes,No,DSL,No,Yes,No,Yes,Yes,No,Month-to-month,Yes,Mailed check,65.2,2940.06,No
1592-TJRNR,Male,0,Yes,Yes,24,Yes,No,No,No internet service,No internet service,No internet service,No internet service,No internet service,No internet service,Month-to-month,No,Bank transfer (automatic),24.66,604.79,No
7795-MUHDD,Male,0,Yes,No,7,Yes,No,Fiber optic,Yes,Yes,No,Yes,Yes,No,One year,Yes,Electronic check,99.35,708.66,No
4001-HGOZY,Male,0,Yes,Yes,63,Yes,Yes,Fiber optic,No,No,No,No,Yes,Yes,One year,No,Electronic check,99.33,6259.66,No
4167-GGNUR,Male,0,No,No,13,Yes,No,No,No internet service,No internet service,No internet service,No internet service,No internet service,No internet service,One year,No,Credit card (automatic),20.06,251.39,No
5391-LPYGF,Male,0,Yes,Yes,21,Yes,Yes,Fiber optic,No,No,No,No,No,No,Two year,No,Electronic check,78.89,1670.43,No
4299-TSPKH,Male,0,Yes,No,34,Yes,Yes,Fiber optic,No,No,Yes,Yes,Yes,No,Month-to-month,Yes,Mailed check,103.74,3525.84,Yes
2666-GNBJS,Male,0,No,No,50,Yes,No,Fiber optic,Yes,No,Yes,No,Yes,No,Month-to-month,Yes,Credit card (automatic),93.76,4674.25,Yes
9821-IPMJY,Female,0,Yes,No,42,No,No phone service,Fiber optic,No,No,No,No,No,Yes,One year,Yes,Mailed check,79.74,3348.77,No
3826-WOPHJ,Female,0,Yes,Yes,2,Yes,No,Fiber optic,No,Yes,Yes,No,Yes,No,Two year,Yes,Credit card (automatic),90.81,178.35,Yes
3224-ONAPJ,Male,0,No,No,72,Yes,No,DSL,No,No,Yes,Yes,No,Yes,Two year,Yes,Bank transfer (automatic),67.09,4822.42,No
2524-IRKPB,Male,0,No,No,54,Yes,Yes,No,No internet service,No internet service,No internet service,No internet service,No internet service,No internet service,Month-to-month,Yes,Electronic check,31.46,1700.69,No
5571-IOBAJ,Male,1,No,Yes,18,No,No phone service,No,No internet service,No internet service,No internet service,No internet service,No internet service,No internet service,Month-to-month,No,Electronic check,18.25,307.42,No
1674-VAOFL,Female,0,No,No,41,Yes,Yes,DSL,No,No,No,No,No,No,Two year,Yes,Credit card (automatic),56.12,2285.75,No
7203-AHEQH,Male,0,Yes,Yes,60,Yes,Yes,Fiber optic,No,Yes,No,No,No,No,Month-to-month,Yes,Credit card (automatic),85.42,5125.90,Yes
8918-XWCRG,Male,0,Yes,No,22,Yes,Yes,No,No internet service,No internet service,No internet service,No internet service,No internet service,No internet service,Two year,Yes,Electronic check,33.77,736.69,No
4531-YCWNX,Male,0,Yes,Yes,3,Yes,Yes,DSL,No,Yes,Yes,Yes,Yes,No,Month-to-month,No,Mailed check,85.92,256.34,No
1576-KCQNF,Female,0,No,No,64,Yes,No,DSL,Yes,Yes,No,Yes,No,No,Two year,No,Mailed check,64.76,4161.06,No
7547-BOLQA,Male,0,No,Yes,3,Yes,No,Fiber optic,Yes,Yes,No,Yes,No,No,Month-to-month,Yes,Mailed check,87.19,262.48,Yes
3580-QMUZU,Female,0,Yes,No,58,Yes,No,DSL,Yes,No,No,No,No,No,Month-to-month,Yes,Bank transfer (automatic),52.78,3045.84,No
4957-SYMAT,Male,1,Yes,Yes,29,Yes,Yes,No,No internet service,No internet service,No internet service,No internet service,No internet service,No internet service,Month-to-month,No,Electronic check,33.79,988.24,No
8798-QICKL,Female,1,No,No,32,Yes,Yes,No,No internet service,No internet service,No internet service,No internet service,No internet service,No internet service,Two year,Yes,Bank transfer (automatic),33.3,1063.54,No
9800-YKVDG,Female,0,Yes,No,32,Yes,Yes,Fiber optic,Yes,Yes,Yes,No,No,Yes,Two year,Yes,Electronic check,106.19,3412.44,No
4967-HAXVD,Male,1,No,No,19,Yes,No,No,No internet service,No internet service,No internet service,No internet service,No internet service,No internet service,One year,Yes,Mailed check,23.9,455.76,No
7235-KWDTP,Male,0,Yes,No,47,Yes,No,Fiber optic,Yes,No,No,No,No,No,Two year,Yes,Mailed check,79.03,3721.17,No
6570-ZGLGW,Female,0,No,No,26,Yes,No,DSL,Yes,Yes,No,No,Yes,Yes,Two year,Yes,Electronic check,76.12,1986.92,No
6997-IIBMM,Male,0,No,Yes,31,No,No phone service,DSL,Yes,No,Yes,No,Yes,No,Month-to-month,Yes,Credit card (automatic),63.25,1957.35,No
6638-XLQBM,Female,0,No,Yes,26,No,No phone service,No,No internet service,No internet service,No internet service,No internet service,No internet service,No internet service,Month-to-month,No,Bank transfer (automatic),18.25,460.03,No
1703-JLEIW,Female,0,Yes,No,24,Yes,No,Fiber optic,No,No,No,No,No,No,Month-to-month,No,Mailed check,73.95,1790.30,Yes
7864-MEPZK,Male,0,Yes,No,65,Yes,Yes,Fiber optic,No,No,Yes,No,Yes,No,Month-to-month,Yes,Electronic check,96.68,6291.52,Yes
5482-COGGF,Female,0,Yes,Yes,11,Yes,Yes,No,No internet service,No internet service,No internet service,No internet service,No internet service,No internet service,One year,No,Electronic check,36.86,409.81,No
2646-RVHQT,Female,0,No,Yes,45,Yes,No,DSL,No,No,Yes,No,No,Yes,One year,Yes,Bank transfer (automatic),60.21,2702.47,No
0097-WJQRT,Female,0,No,No,47,Yes,Yes,DSL,No,No,Yes,No,No,No,Month-to-month,No,Electronic check,66.63,3120.79,Yes
0277-HFFUI,Male,1,No,No,36,Yes,Yes,Fiber optic,No,No,No,Yes,No,Yes,Month-to-month,Yes,Bank transfer (automatic),96.33,3465.05,Yes
3960-OIGJP,Male,0,Yes,No,3,Yes,Yes,DSL,No,No,Yes,Yes,No,No,Month-to-month,Yes,Credit card (automatic),69.11,219.11,No
8615-ZLKTC,Female,0,Yes,Yes,60,Yes,No,Fiber optic,No,No,No,No,No,No,Month-to-month,No,Bank transfer (automatic),70.83,4258.66,Yes
1575-YERPH,Male,0,Yes,No,70,Yes,No,Fiber optic,No,No,No,No,No,Yes,Month-to-month,Yes,Mailed check,81.49,5686.05,Yes
8935-KJXYL,Male,1,No,Yes,46,Yes,No,Fiber optic,Yes,Yes,Yes,No,No,Yes,Two year,Yes,Bank transfer (automatic),96.2,4433.14,No
4534-WIZPV,Male,0,No,No,46,Yes,No,Fiber optic,No,No,No,No,No,No,Month-to-month,No,Electronic check,71.96,3297.70,Yes
5732-NGERB,Female,0,Yes,No,16,Yes,No,Fiber optic,Yes,No,No,Yes,No,No,Two year,Yes,Mailed check,81.1,1296.71,No
5705-LBRGZ,Male,0,No,Yes,31,Yes,Yes,No,No internet service,No internet service,No internet service,No internet service,No internet service,No internet service,Month-to-month,No,Mailed check,37.32,1154.16,No
0567-GVYCF,Male,0,Yes,No,9,Yes,Yes,Fiber optic,No,No,No,No,Yes,No,One year,Yes,Electronic check,95.06,884.36,Yes
3100-JCTRM,Male,1,No,No,49,Yes,No,DSL,Yes,No,Yes,No,Yes,No,Month-to-month,Yes,Mailed check,67.42,3287.29,No
0369-KFFIO,Female,0,Yes,No,58,Yes,Yes,Fiber optic,Yes,No,No,No,Yes,No,Month-to-month,Yes,Electronic check,99.99,5789.65,Yes
1340-HHVLU,Male,0,No,No,17,No,No phone service,Fiber optic,No,No,Yes,Yes,Yes,No,Two year,Yes,Credit card (automatic),92.52,1551.38,No
7221-USSOF,Male,0,No,Yes,65,Yes,No,Fiber optic,Yes,Yes,No,Yes,No,Yes,Two year,Yes,Mailed check,100.11,6512.31,No
7136-QQLMJ,Female,0,Yes,No,34,Yes,Yes,No,No internet service,No internet service,No internet service,No internet service,No internet service,No internet service,Month-to-month,Yes,Electronic check,36.03,1242.82,No
6600-DUETX,Male,1,Yes,No,5,Yes,No,Fiber optic,Yes,No,No,Yes,No,No,Month-to-month,Yes,Mailed check,85.51,438.30,Yes
6869-QGAGZ,Male,0,Yes,No,2,Yes,Yes,Fiber optic,Yes,No,No,No,Yes,No,Month-to-month,Yes,Bank transfer (automatic),100.91,184.28,Yes
7823-DYMWS,Male,0,Yes,No,70,Yes,Yes,Fiber optic,No,Yes,No,Yes,Yes,Yes,Two year,Yes,Mailed check,114.97,8049.59,No
9467-PALBG,Female,0,No,No,34,Yes,Yes,DSL,Yes,Yes,No,No,Yes,No,One year,Yes,Electronic check,75.93,2591.94,No
1681-GDKBP,Male,0,No,No,65,Yes,Yes,DSL,No,No,No,Yes,No,No,Month-to-month,No,Electronic check,66.07,4291.35,No
6404-LSGFH,Female,0,Yes,No,65,No,No phone service,No,No internet service,No internet service,No internet service,No internet service,No internet service,No internet service,Month-to-month,Yes,Electronic check,18.25,1174.29,No
4187-FZGYG,Male,1,No,No,50,Yes,No,Fiber optic,No,No,No,Yes,Yes,Yes,Month-to-month,No,Credit card (automatic),98.64,4941.14,Yes
2561-SDZFQ,Female,1,No,No,71,Yes,No,DSL,Yes,No,Yes,Yes,No,Yes,Month-to-month,Yes,Credit card (automatic),68.87,4893.08,No
8468-YAASF,Male,0,Yes,No,72,Yes,Yes,No,No internet service,No internet service,No internet service,No internet service,No internet service,No internet service,Month-to-month,Yes,Bank transfer (automatic),31.46,2279.09,No
1900-METAT,Female,0,Yes,No,33,Yes,No,DSL,Yes,No,Yes,No,No,No,Month-to-month,Yes,Credit card (automatic),60.49,2004.19,No
2180-WNDEZ,Female,1,No,Yes,38,No,No phone service,Fiber optic,No,No,No,No,Yes,Yes,Two year,Yes,Credit card (automatic),89.99,3452.48,No
4058-BWVED,Male,0,No,Yes,48,Yes,Yes,Fiber optic,No,No,Yes,Yes,No,Yes,Two year,No,Electronic check,104.61,5031.11,No
3534-MVEWY,Female,0,No,Yes,46,Yes,Yes,Fiber optic,No,Yes,No,No,No,No,Two year,Yes,Credit card (automatic),85.12,3912.98,No
9663-ANXDQ,Male,0,Yes,No,35,Yes,Yes,DSL,Yes,No,Yes,Yes,No,No,One year,Yes,Bank transfer (automatic),73.48,2557.53,No
4737-XCYSA,Female,0,Yes,Yes,21,Yes,Yes,Fiber optic,Yes,No,No,Yes,No,No,Month-to-month,No,Electronic check,92.9,1944.13,Yes
1591-VNQMA,Male,0,No,No,43,Yes,Yes,DSL,Yes,No,No,No,Yes,No,Month-to-month,Yes,Electronic check,74.46,3201.21,No
4987-COSQC,Female,0,No,No,66,Yes,Yes,Fiber optic,No,No,Yes,No,No,Yes,Month-to-month,Yes,Bank transfer (automatic),97.73,6454.12,Yes
0704-YWTKY,Male,0,No,No,60,Yes,Yes,No,No internet service,No internet service,No internet service,No internet service,No internet service,No internet service,Two year,No,Credit card (automatic),31.47,1899.05,No
8199-KFDXL,Female,0,Yes,No,8,Yes,No,DSL,Yes,No,No,Yes,Yes,Yes,One year,Yes,Electronic check,76.75,596.78,No
6698-MEFAF,Female,0,Yes,No,47,Yes,Yes,Fiber optic,Yes,No,Yes,No,No,No,Month-to-month,No,Bank transfer (automatic),87.91,4147.01,Yes
1587-YOZHS,Male,1,Yes,No,17,Yes,No,Fiber optic,No,No,Yes,No,No,No,Two year,No,Bank transfer (automatic),77.45,1311.49,No
7555-CJAND,Male,0,Yes,Yes,28,Yes,Yes,DSL,No,No,No,No,No,No,Month-to-month,No,Credit card (automatic),57.68,1606.21,No
9591-GGKDT,Female,1,Yes,No,47,Yes,Yes,Fiber optic,No,Yes,No,No,Yes,No,Month-to-month,Yes,Mailed check,95.22,4493.81,Yes
0189-XXIWI,Female,0,Yes,No,11,Yes,Yes,Fiber optic,No,No,No,No,Yes,No,One year,Yes,Electronic check,91.99,997.54,No
9152-KFCXK,Female,1,No,No,38,Yes,No,DSL,No,No,No,No,No,Yes,Month-to-month,Yes,Electronic check,63.29,2392.56,Yes
3958-RRGOR,Female,0,No,No,22,Yes,No,Fiber optic,No,No,No,Yes,No,No,Month-to-month,No,Mailed check,76.36,1671.14,No
1387-BHTBK,Male,1,Yes,No,18,Yes,No,No,No internet service,No internet service,No internet service,No internet service,No internet service,No internet service,Month-to-month,No,Bank transfer (automatic),25.03,448.16,No
9659-EKABX,Male,0,Yes,No,23,Yes,Yes,Fiber optic,No,No,Yes,Yes,No,Yes,One year,Yes,Credit card (automatic),103.07,2383.77,No
0214-TWUXD,Female,0,No,No,43,Yes,Yes,DSL,No,Yes,No,No,No,No,Month-to-month,No,Credit card (automatic),63.43,2739.24,No
5310-AXNDE,Male,1,Yes,Yes,48,Yes,Yes,Fiber optic,Yes,No,Yes,No,No,No,Two year,No,Bank transfer (automatic),94.8,4562.78,No
7677-VZBPF,Male,0,No,No,3,Yes,Yes,Fiber optic,No,Yes,No,Yes,Yes,No,One year,Yes,Credit card (automatic),98.3,294.40,No
0022-KEQZV,Female,0,No,No,61,Yes,No,DSL,Yes,No,No,No,No,No,Month-to-month,Yes,Mailed check,54.16,3302.58,No
6923-JJNLO,Female,0,Yes,Yes,17,Yes,No,Fiber optic,Yes,No,Yes,No,Yes,Yes,Two year,Yes,Electronic check,100.96,1718.85,No
9992-AXZJB,Female,0,No,No,59,Yes,No,Fiber optic,Yes,No,No,No,No,No,Month-to-month,Yes,Bank transfer (automatic),79.36,4686.61,Yes
0766-TIVBN,Male,0,No,No,63,Yes,No,Fiber optic,No,No,No,No,No,No,Two year,Yes,Credit card (automatic),73.75,4648.02,No
0083-USDHM,Male,0,Yes,No,19,Yes,No,Fiber optic,Yes,Yes,No,Yes,Yes,No,Month-to-month,No,Mailed check,94.62,1805.66,No
3885-RLJKG,Female,0,No,No,51,Yes,No,Fiber optic,No,No,No,Yes,No,Yes,Month-to-month,Yes,Bank transfer (automatic),91.08,4649.99,Yes
8526-PEPAS,Female,0,No,No,35,Yes,No,Fiber optic,No,Yes,No,Yes,No,No,Month-to-month,No,Credit card (automatic),84.47,2958.30,No
4625-EQZVH,Female,0,No,Yes,61,Yes,No,Fiber optic,No,No,No,Yes,No,No,Two year,Yes,Credit card (automatic),78.27,4768.74,No
0131-KYJXX,Male,0,No,No,47,Yes,No,No,No internet service,No internet service,No internet service,No internet service,No internet service,No internet service,Month-to-month,Yes,Bank transfer (automatic),27.53,1303.43,No
3438-MRXBP,Female,0,Yes,No,56,Yes,Yes,Fiber optic,No,Yes,No,No,No,No,Two year,Yes,Electronic check,86.42,4834.13,No
0928-CYGJA,Male,1,Yes,Yes,56,No,No phone service,Fiber optic,Yes,No,Yes,No,No,No,Month-to-month,Yes,Electronic check,77.58,4345.70,Yes
9482-YEIZV,Male,1,Yes,Yes,40,Yes,Yes,DSL,No,No,No,Yes,Yes,No,One year,No,Electronic check,75.13,2996.32,No
8667-WLYIF,Male,0,Yes,No,52,Yes,Yes,No,No internet service,No internet service,No internet service,No internet service,No internet service,No internet service,Month-to-month,No,Credit card (automatic),34.79,1801.04,No
6180-ASFEB,Female,0,Yes,No,61,Yes,No,DSL,No,No,Yes,Yes,No,Yes,Two year,Yes,Mailed check,69.01,4193.14,No
8933-UOHZD,Male,0,Yes,Yes,28,Yes,No,DSL,No,No,No,No,Yes,No,Two year,Yes,Credit card (automatic),56.28,1568.40,No
4352-HFJER,Male,0,Yes,Yes,38,Yes,No,No,No internet service,No internet service,No internet service,No internet service,No internet service,No internet service,Two year,Yes,Electronic check,23.71,899.37,No
9961-AGUAO,Male,1,Yes,No,9,Yes,No,DSL,No,Yes,Yes,No,No,Yes,Month-to-month,No,Credit card (automatic),73.89,661.45,Yes
3396-IBNPA,Female,0,No,No,60,Yes,Yes,No,No internet service,No internet service,No internet service,No internet service,No internet service,No internet service,Two year,No,Electronic check,35.35,2131.09,No
1695-TAMAE,Female,0,Yes,No,55,Yes,Yes,Fiber optic,No,No,Yes,Yes,No,No,Month-to-month,No,Credit card (automatic),94.45,5189.56,Yes
0600-BMNKJ,Male,0,No,No,8,Yes,No,DSL,No,No,Yes,No,No,Yes,One year,No,Bank transfer (automatic),69.78,560.91,No
2089-HUMRE,Male,0,No,Yes,49,Yes,Yes,Fiber optic,No,Yes,Yes,No,No,No,Two year,No,Credit card (automatic),95.27,4670.51,No
5038-BEADD,Male,0,No,No,11,Yes,Yes,DSL,No,No,Yes,No,Yes,No,One year,Yes,Electronic check,74.23,814.40,No
5982-IVWLJ,Male,0,No,No,1,Yes,Yes,Fiber optic,No,No,No,No,Yes,No,Month-to-month,Yes,Electronic check,92.44,89.80,Yes
1955-RBBJP,Male,0,No,No,72,Yes,No,No,No internet service,No internet service,No internet service,No internet service,No internet service,No internet service,Month-to-month,No,Mailed check,22.07,1592.67,No
0471-MOULH,Female,0,No,No,16,Yes,No,Fiber optic,Yes,No,Yes,No,No,No,One year,Yes,Bank transfer (automatic),80.61,1278.70,No
9412-OFKUK,Male,1,Yes,No,34,Yes,No,No,No internet service,No internet service,No internet service,No internet service,No internet service,No internet service,Month-to-month,Yes,Mailed check,22.86,785.64,No
3341-YRJBZ,Female,0,Yes,No,45,Yes,No,No,No internet service,No internet service,No internet service,No internet service,No internet service,No internet service,Month-to-month,No,Bank transfer (automatic),21.87,978.06,No
8296-DFNDZ,Female,1,No,Yes,66,Yes,Yes,Fiber optic,No,No,Yes,No,No,Yes,Month-to-month,No,Mailed check,97.69,6451.95,Yes
6022-QFKPY,Male,1,Yes,Yes,69,Yes,Yes,DSL,Yes,No,No,No,No,No,Two year,Yes,Electronic check,63.5,4381.20,No
7697-VYSZJ,Male,0,Yes,No,34,Yes,Yes,Fiber optic,Yes,No,Yes,No,No,Yes,One year,Yes,Credit card (automatic),101.89,3478.34,No
8368-BBPIM,Male,0,No,Yes,71,Yes,No,Fiber optic,No,No,No,No,No,Yes,Month-to-month,No,Electronic check,84.89,6029.90,Yes
2845-BHIPB,Female,0,Yes,No,33,Yes,Yes,Fiber optic,No,No,Yes,Yes,No,Yes,Month-to-month,Yes,Credit card (automatic),102.64,3403.72,Yes
5579-EIAIJ,Male,0,No,No,10,No,No phone service,Fiber optic,No,Yes,Yes,Yes,Yes,Yes,Month-to-month,Yes,Credit card (automatic),102.05,1022.94,Yes
6329-OKNFL,Female,0,Yes,Yes,2,Yes,No,Fiber optic,No,No,No,No,No,No,One year,No,Electronic check,74.49,153.65,Yes
0218-CRTON,Male,0,No,No,9,Yes,Yes,Fiber optic,Yes,No,No,No,No,Yes,Month-to-month,No,Bank transfer (automatic),98.21,874.41,Yes
1059-HJZRY,Male,0,No,No,11,Yes,No,DSL,No,No,No,No,No,No,Month-to-month,Yes,Bank transfer (automatic),45.81,509.94,No
2772-CLVQD,Female,0,No,No,50,No,No phone service,Fiber optic,No,No,No,No,No,No,Month-to-month,Yes,Credit card (automatic),65.02,3259.04,Yes
0284-LEKTC,Male,0,No,Yes,58,Yes,Yes,No,No internet service,No internet service,No internet service,No internet service,No internet service,No internet service,One year,Yes,Credit card (automatic),32.2,1856.66,No
4373-LHFOL,Female,0,No,No,1,Yes,No,DSL,No,Yes,No,No,Yes,Yes,One year,Yes,Credit card (automatic),76.21,63.75,No
4333-KMIDL,Male,0,No,No,1,Yes,No,DSL,Yes,Yes,Yes,Yes,Yes,No,Month-to-month,Yes,Electronic check,79.01,98.38,Yes
8959-MGZSX,Female,1,Yes,No,4,Yes,Yes,No,No internet service,No internet service,No internet service,No internet service,No internet service,No internet service,Month-to-month,Yes,Credit card (automatic),34.22,138.59,No
2094-BJVMZ,Female,0,No,No,21,Yes,Yes,DSL,Yes,Yes,No,No,No,No,Month-to-month,No,Mailed check,67.6,1423.21,No
8030-QXMOP,Male,1,Yes,No,32,Yes,No,DSL,No,No,Yes,No,No,Yes,One year,No,Electronic check,63.72,2051.75,No
1073-CLTPN,Male,0,Yes,No,68,Yes,Yes,Fiber optic,Yes,No,No,No,No,Yes,Month-to-month,Yes,Electronic check,99.65,6775.74,Yes
4002-VALOR,Male,0,Yes,No,27,Yes,No,DSL,No,No,No,No,No,No,Two year,Yes,Credit card (automatic),47.67,1279.12,No
6063-JNFNX,Female,0,No,No,57,Yes,Yes,Fiber optic,Yes,No,Yes,No,No,Yes,One year,Yes,Electronic check,100.22,5707.94,No
8583-VXYSB,Male,0,Yes,Yes,13,Yes,Yes,DSL,Yes,Yes,Yes,No,No,Yes,Month-to-month,Yes,Credit card (automatic),81.4,1067.25,No
5307-YNIBY,Male,0,No,No,49,Yes,No,Fiber optic,No,No,No,No,No,No,Month-to-month,No,Electronic check,71.4,3484.06,Yes
6468-HPVPM,Male,0,Yes,No,40,Yes,No,No,No internet service,No internet service,No internet service,No internet service,No internet service,No internet service,One year,No,Credit card (automatic),28.01,1120.53,No
3052-FVNDR,Female,1,Yes,No,14,Yes,No,Fiber optic,No,No,No,Yes,Yes,Yes,One year,No,Electronic check,98.63,1375.98,No
8129-QGOAY,Female,0,No,No,67,Yes,No,DSL,Yes,No,No,No,No,Yes,Month-to-month,Yes,Electronic check,62.51,4193.43,No
0462-YXOCO,Female,1,Yes,No,42,Yes,Yes,Fiber optic,Yes,Yes,No,No,Yes,No,Month-to-month,Yes,Electronic check,100.3,4220.21,Yes
4634-CIZIG,Male,0,Yes,Yes,54,Yes,No,Fiber optic,No,No,Yes,No,Yes,No,Month-to-month,Yes,Electronic check,89.62,4852.72,Yes
9166-UPIMS,Female,0,Yes,Yes,48,Yes,No,Fiber optic,No,No,No,No,No,Yes,Two year,Yes,Credit card (automatic),83.93,4030.03,No
3053-ARSIM,Female,0,No,No,17,Yes,No,No,No internet service,No internet service,No internet service,No internet service,No internet service,No internet service,Month-to-month,No,Bank transfer (automatic),23.27,402.29,No
7630-XDSIJ,Male,1,No,Yes,24,Yes,Yes,DSL,Yes,Yes,No,Yes,No,No,Month-to-month,Yes,Credit card (automatic),73.92,1762.62,No
3381-LPETY,Male,0,No,Yes,11,Yes,Yes,Fiber optic,Yes,Yes,Yes,Yes,No,No,Two year,Yes,Electronic check,100.72,1100.29,No
4881-YCTQN,Male,0,Yes,Yes,54,No,No phone service,DSL,No,Yes,No,Yes,No,Yes,Month-to-month,Yes,Electronic check,63.0,3415.08,No
0087-EEICS,Male,0,No,Yes,46,Yes,Yes,DSL,No,Yes,No,No,No,No,Two year,No,Credit card (automatic),63.22,2897.61,No
6851-PABNN,Female,0,No,No,66,Yes,Yes,Fiber optic,No,Yes,No,No,Yes,Yes,Two year,Yes,Mailed check,109.54,7252.62,No
0998-POZOL,Female,0,No,No,70,Yes,No,No,No internet service,No internet service,No internet service,No internet service,No internet service,No internet service,Month-to-month,Yes,Electronic check,24.98,1743.91,No
7627-BBJCW,Female,0,No,Yes,63,Yes,No,Fiber optic,Yes,Yes,No,No,No,No,Month-to-month,Yes,Mailed check,77.53,4884.78,Yes
0763-NUJAD,Female,0,No,No,59,Yes,Yes,DSL,Yes,Yes,Yes,No,No,No,Two year,Yes,Electronic check,72.55,4285.27,No
0090-GWTOM,Male,0,Yes,No,42,Yes,No,Fiber optic,No,No,No,Yes,No,Yes,One year,Yes,Credit card (automatic),89.79,3761.62,No
1277-KVOJI,Female,0,Yes,No,36,Yes,Yes,No,No internet service,No internet service,No internet service,No internet service,No internet service,No internet service,Two year,Yes,Bank transfer (automatic),36.38,1314.27,No
8300-LJERO,Male,0,No,Yes,31,Yes,No,DSL,No,No,No,No,No,Yes,Month-to-month,Yes,Electronic check,55.91,1743.30,Yes
5605-HLUNL,Male,0,Yes,No,51,Yes,Yes,DSL,No,No,No,No,No,Yes,Month-to-month,No,Mailed check,67.88,3456.17,No
6953-OGZIJ,Female,0,Yes,No,52,Yes,No,DSL,No,No,No,No,No,No,Month-to-month,No,Bank transfer (automatic),49.33,2557.70,No
9646-CRKOU,Male,0,Yes,No,55,Yes,Yes,Fiber optic,Yes,No,No,No,No,No,Month-to-month,No,Bank transfer (automatic),89.23,4919.06,Yes
3473-OIGJW,Male,0,Yes,No,71,Yes,Yes,DSL,Yes,No,No,Yes,No,No,Month-to-month,No,Electronic check,65.53,4642.95,No
7572-ZZAPV,Male,0,No,No,1,Yes,No,Fiber optic,No,No,Yes,No,No,Yes,One year,Yes,Electronic check,85.79,78.91,Yes
0811-GRZHF,Male,0,Yes,Yes,47,Yes,Yes,No,No internet service,No internet service,No internet service,No internet service,No internet service,No internet service,One year,Yes,Credit card (automatic),28.74,1360.69,No
6659-KYMIG,Male,1,No,Yes,15,Yes,No,No,No internet service,No internet service,No internet service,No internet service,No internet service,No internet service,One year,Yes,Credit card (automatic),22.09,338.74,No
8922-AUTBY,Female,1,Yes,Yes,35,Yes,No,Fiber optic,No,No,No,Yes,No,Yes,Month-to-month,Yes,Mailed check,86.33,3033.05,Yes
2754-ATSAU,Male,0,No,No,9,No,No phone service,DSL,Yes,No,Yes,Yes,No,No,Month-to-month,No,Credit card (automatic),53.72,473.28,No
5125-TIETB,Female,0,No,No,17,Yes,No,No,No internet service,No internet service,No internet service,No internet service,No internet service,No internet service,One year,Yes,Mailed check,23.87,395.84,No
5916-SIUXF,Male,0,No,Yes,1,Yes,No,No,No internet service,No internet service,No internet service,No internet service,No internet service,No internet service,Month-to-month,No,Electronic check,22.46,25.94,Yes
9722-UZSXZ,Male,0,Yes,Yes,39,Yes,Yes,DSL,No,No,Yes,Yes,No,No,Month-to-month,Yes,Bank transfer (automatic),69.16,2702.54,No
7139-QDLMD,Female,1,Yes,Yes,41,Yes,Yes,No,No internet service,No internet service,No internet service,No internet service,No internet service,No internet service,One year,Yes,Mailed check,33.74,1385.25,No
9821-YYQFZ,Female,0,Yes,No,24,Yes,Yes,No,No internet service,No internet service,No internet service,No internet service,No internet service,No internet service,One year,No,Credit card (automatic),34.64,842.19,No
7281-VAPGC,Male,0,Yes,No,0,Yes,Yes,No,No internet service,No internet service,No internet service,No internet service,No internet service,No internet service,Month-to-month,Yes,Credit card (automatic),32.36, ,Yes
6384-SOHFR,Female,0,Yes,Yes,15,Yes,Yes,DSL,No,Yes,Yes,Yes,Yes,Yes,Two year,No,Mailed check,92.98,1394.73,No
2796-JFNQI,Female,1,No,No,41,Yes,Yes,No,No internet service,No internet service,No internet service,No internet service,No internet service,No internet service,Two year,Yes,Electronic check,32.64,1339.48,No
2466-STZGX,Female,1,No,No,36,Yes,No,DSL,No,Yes,Yes,No,No,No,One year,Yes,Credit card (automatic),59.91,2169.38,No
1867-FFIDK,Male,0,Yes,Yes,36,Yes,Yes,DSL,Yes,No,No,No,Yes,No,Two year,Yes,Electronic check,74.43,2671.16,No
4803-GOYON,Female,0,Yes,Yes,70,Yes,No,DSL,Yes,No,No,No,Yes,No,Two year,No,Bank transfer (automatic),63.98,4481.70,No
9578-JDQNX,Female,1,No,No,5,Yes,No,Fiber optic,No,No,No,Yes,No,No,Two year,No,Bank transfer (automatic),75.3,380.15,No
1069-IYCVW,Female,0,No,No,21,Yes,No,DSL,No,Yes,Yes,Yes,No,No,Month-to-month,No,Credit card (automatic),66.99,1400.49,No
9817-NPGDR,Male,0,Yes,Yes,45,Yes,No,Fiber optic,No,Yes,No,No,No,No,Month-to-month,Yes,Electronic check,77.06,3467.83,Yes
7456-OZAXD,Female,0,No,No,39,Yes,No,Fiber optic,No,No,No,No,No,No,One year,No,Credit card (automatic),72.41,2823.73,No
8015-KJQDX,Female,0,No,Yes,53,Yes,Yes,DSL,Yes,Yes,No,No,No,No,Month-to-month,Yes,Mailed check,71.35,3775.33,No
9485-AVFMV,Male,0,No,Yes,45,Yes,No,No,No internet service,No internet service,No internet service,No internet service,No internet service,No internet service,Month-to-month,Yes,Mailed check,23.19,1030.52,No
7541-TNOZE,Female,1,No,Yes,35,Yes,Yes,DSL,Yes,No,No,No,No,No,Month-to-month,No,Credit card (automatic),62.25,2170.33,No
9316-JPJRQ,Male,0,Yes,No,40,Yes,Yes,DSL,No,No,No,Yes,No,Yes,Month-to-month,No,Mailed check,74.45,2978.08,No
4000-FYZMA,Male,0,No,No,66,No,No phone service,Fiber optic,Yes,Yes,Yes,No,No,No,Month-to-month,No,Electronic check,80.98,5340.03,Yes
4880-PHQOX,Male,0,Yes,No,22,Yes,No,DSL,No,No,Yes,Yes,No,Yes,Month-to-month,Yes,Electronic check,64.61,1407.56,No
0475-YAYAJ,Female,0,No,No,42,Yes,Yes,No,No internet service,No internet service,No internet service,No internet service,No internet service,No internet service,One year,Yes,Bank transfer (automatic),31.54,1341.42,No
9202-KRBIX,Female,0,Yes,No,60,Yes,No,DSL,No,No,Yes,Yes,Yes,No,Month-to-month,No,Credit card (automatic),71.52,4291.88,No
0300-LTRCK,Male,0,Yes,No,16,Yes,No,DSL,No,Yes,No,No,No,No,Month-to-month,Yes,Mailed check,51.25,819.35,No
8130-RENJO,Female,0,Yes,No,64,Yes,Yes,Fiber optic,No,No,Yes,Yes,Yes,No,Two year,Yes,Mailed check,102.29,6531.84,No
0635-XVPBA,Female,0,Yes,No,2,Yes,No,Fiber optic,Yes,Yes,No,Yes,No,No,Two year,Yes,Mailed check,88.34,186.65,No
7785-LQYOS,Male,0,Yes,No,29,Yes,No,DSL,No,No,Yes,No,No,No,One year,Yes,Credit card (automatic),54.14,1585.65,No
5998-MCUNU,Female,0,No,No,20,Yes,No,DSL,Yes,Yes,Yes,Yes,Yes,No,Two year,No,Mailed check,78.73,1577.92,No
9633-WYKPT,Female,0,Yes,No,15,Yes,No,Fiber optic,Yes,Yes,Yes,No,No,Yes,Month-to-month,Yes,Electronic check,96.18,1439.26,Yes
3556-QMKCI,Female,0,No,Yes,61,Yes,Yes,Fiber optic,No,Yes,No,Yes,No,Yes,Month-to-month,Yes,Bank transfer (automatic),106.12,6472.88,Yes
5542-ENQCD,Female,0,No,No,59,Yes,Yes,DSL,Yes,No,No,Yes,No,Yes,Month-to-month,No,Mailed check,77.77,4585.00,No
4983-SZQMZ,Male,1,Yes,No,8,Yes,No,No,No internet service,No internet service,No internet service,No internet service,No internet service,No internet service,Two year,Yes,Electronic check,25.36,197.02,No
5697-ALDKE,Female,0,Yes,No,65,Yes,No,DSL,No,No,Yes,No,Yes,No,Two year,Yes,Bank transfer (automatic),60.69,3941.87,No
1075-UIMKP,Male,0,No,No,25,Yes,No,Fiber optic,Yes,Yes,No,No,Yes,No,One year,No,Mailed check,93.91,2352.99,No
1979-MYQGX,Male,0,No,No,66,Yes,Yes,Fiber optic,No,No,Yes,Yes,Yes,No,Month-to-month,Yes,Credit card (automatic),104.19,6880.25,Yes
2326-ISMVH,Male,0,No,No,14,Yes,No,DSL,Yes,No,No,No,No,No,Month-to-month,Yes,Credit card (automatic),51.44,744.53,No
5161-RRKAN,Female,0,No,Yes,11,Yes,No,DSL,No,No,Yes,Yes,No,Yes,Month-to-month,Yes,Credit card (automatic),69.45,776.42,No
0642-QZFKQ,Male,0,No,No,18,No,No phone service,Fiber optic,No,Yes,No,No,Yes,No,Month-to-month,Yes,Credit card (automatic),80.18,1423.24,Yes
8106-VVEKD,Female,0,No,Yes,13,Yes,Yes,DSL,Yes,No,Yes,No,No,No,Month-to-month,No,Credit card (automatic),65.95,865.43,No
3297-WYQGZ,Male,0,Yes,Yes,14,Yes,No,DSL,No,Yes,No,Yes,No,No,One year,Yes,Mailed check,59.41,859.20,No
3604-SUTRK,Female,1,No,No,10,Yes,No,Fiber optic,No,No,Yes,No,Yes,Yes,Month-to-month,Yes,Electronic check,95.05,961.28,Yes
3209-HOEDZ,Male,0,Yes,No,62,Yes,No,Fiber optic,Yes,No,No,Yes,No,Yes,Two year,Yes,Electronic check,94.43,5847.60,No
4324-DOQLC,Male,0,Yes,No,42,Yes,Yes,No,No internet service,No internet service,No internet service,No internet service,No internet service,No internet service,Month-to-month,No,Bank transfer (automatic),30.85,1304.68,No
9976-RACUZ,Male,0,Yes,Yes,66,Yes,No,DSL,No,No,No,No,Yes,No,Two year,No,Bank transfer (automatic),59.52,3925.42,No
0224-SYADZ,Male,0,No,No,42,Yes,No,Fiber optic,No,Yes,No,No,Yes,No,One year,No,Bank transfer (automatic),84.47,3536.96,No
9301-AVPCW,Male,0,No,No,0,Yes,Yes,No,No internet service,No internet service,No internet service,No internet service,No internet service,No internet service,Month-to-month,Yes,Mailed check,32.39, ,Yes
4863-UEKUZ,Male,0,Yes,Yes,3,Yes,No,Fiber optic,No,Yes,No,Yes,No,No,Two year,Yes,Bank transfer (automatic),84.05,253.58,No
8925-XKIOW,Male,0,No,No,24,Yes,Yes,Fiber optic,Yes,No,No,Yes,No,No,Month-to-month,Yes,Mailed check,96.76,2335.94,No
2035-SNQVN,Male,0,Yes,No,52,Yes,No,No,No internet service,No internet service,No internet service,No internet service,No internet service,No internet service,Month-to-month,Yes,Mailed check,21.43,1126.47,No
0805-QLWSF,Male,0,Yes,No,34,Yes,No,No,No internet service,No internet service,No internet service,No internet service,No internet service,No internet service,Month-to-month,Yes,Electronic check,19.36,656.08,No
6004-FPYPN,Female,0,No,No,24,Yes,No,Fiber optic,Yes,No,No,No,No,No,Month-to-month,Yes,Mailed check,75.7,1811.59,Yes
0397-JIMCR,Female,1,Yes,No,2,Yes,Yes,Fiber optic,No,No,Yes,No,No,Yes,One year,Yes,Electronic check,99.23,213.70,Yes
3102-WMMAB,Female,0,Yes,No,50,Yes,Yes,DSL,No,No,No,Yes,No,No,One year,Yes,Credit card (automatic),66.9,3357.59,No
0747-CGXVM,Male,0,Yes,No,49,Yes,Yes,Fiber optic,No,No,Yes,Yes,Yes,No,One year,Yes,Bank transfer (automatic),101.66,4977.70,No
6174-GAEQH,Female,0,Yes,No,12,Yes,Yes,Fiber optic,Yes,No,No,Yes,No,No,Two year,No,Mailed check,94.91,1132.21,No
3314-AYEFB,Male,1,Yes,Yes,34,Yes,Yes,DSL,Yes,Yes,No,No,Yes,No,Month-to-month,Yes,Credit card (automatic),78.18,2659.11,No
9903-GVZAA,Female,0,Yes,No,54,Yes,No,Fiber optic,No,Yes,Yes,No,Yes,Yes,Month-to-month,Yes,Electronic check,103.9,5603.42,Yes
7346-XZWRT,Female,1,Yes,No,17,Yes,Yes,DSL,Yes,No,Yes,Yes,No,Yes,Two year,Yes,Electronic check,82.54,1418.61,No
9098-CSZIJ,Male,1,Yes,No,50,Yes,No,No,No internet service,No internet service,No internet service,No internet service,No internet service,No internet service,Month-to-month,Yes,Bank transfer (automatic),20.84,1039.71,No
2712-BARXI,Female,0,No,Yes,29,Yes,No,No,No internet service,No internet service,No internet service,No internet service,No internet service,No internet service,Month-to-month,Yes,Mailed check,25.58,759.46,No
1642-YOVKA,Male,0,No,No,39,Yes,Yes,Fiber optic,Yes,No,No,No,No,Yes,Month-to-month,Yes,Bank transfer (automatic),97.1,3776.89,Yes
4637-JEIYY,Female,0,Yes,No,29,No,No phone service,DSL,No,No,No,Yes,No,Yes,Month-to-month,No,Credit card (automatic),56.45,1626.60,No
0123-JIJFQ,Female,0,No,Yes,57,Yes,No,Fiber optic,No,No,No,Yes,No,No,One year,Yes,Credit card (automatic),78.39,4468.96,No
8533-CWSRZ,Female,1,Yes,Yes,64,No,No phone service,DSL,Yes,No,No,No,No,No,Month-to-month,No,Electronic check,47.74,3057.02,No
7370-EMYAM,Male,0,Yes,No,71,Yes,No,DSL,No,No,No,Yes,Yes,Yes,Two year,Yes,Electronic check,77.1,5473.88,No
3597-NCEGA,Female,0,No,No,11,Yes,Yes,No,No internet service,No internet service,No internet service,No internet service,No internet service,No internet service,Month-to-month,Yes,Mailed check,33.2,357.12,No
6778-FVBST,Male,0,No,Yes,7,Yes,Yes,DSL,No,No,No,Yes,No,No,Month-to-month,Yes,Electronic check,63.01,438.87,No
3709-PDKPT,Female,0,Yes,No,17,No,No phone service,Fiber optic,Yes,Yes,No,No,No,No,Month-to-month,No,Mailed check,80.04,1355.70,Yes
0245-IIIQL,Female,0,Yes,No,64,Yes,No,Fiber optic,No,Yes,Yes,Yes,No,Yes,Two year,Yes,Credit card (automatic),98.08,6260.63,No
8710-ALFIW,Male,0,Yes,Yes,9,Yes,No,DSL,No,No,Yes,Yes,Yes,Yes,Month-to-month,No,Mailed check,79.3,708.38,No
4101-ASVHC,Male,0,No,No,36,Yes,Yes,DSL,No,No,Yes,Yes,Yes,Yes,Month-to-month,Yes,Electronic check,88.71,3190.47,No
9894-WHSRR,Female,0,No,No,28,Yes,Yes,Fiber optic,Yes,No,Yes,No,No,No,Month-to-month,Yes,Electronic check,94.97,2644.09,Yes
4018-GPPOF,Female,0,Yes,No,45,Yes,Yes,DSL,No,No,Yes,No,Yes,No,Month-to-month,No,Credit card (automatic),75.14,3390.17,No
8648-FVPTP,Male,1,Yes,Yes,43,Yes,No,DSL,No,Yes,No,No,No,No,Month-to-month,No,Credit card (automatic),51.26,2221.09,No
0487-XELIC,Male,1,Yes,No,35,No,No phone service,Fiber optic,No,No,Yes,Yes,No,No,One year,Yes,Mailed check,75.82,2654.09,No
2085-RXLII,Female,0,No,Yes,17,Yes,No,Fiber optic,No,No,Yes,No,No,No,One year,Yes,Bank transfer (automatic),75.69,1273.23,No
1163-MQXBN,Male,0,Yes,No,31,Yes,Yes,Fiber optic,Yes,No,No,No,No,No,Month-to-month,Yes,Electronic check,88.77,2749.65,Yes
2426-GRMWV,Female,0,Yes,No,19,Yes,Yes,No,No internet service,No internet service,No internet service,No internet service,No internet service,No internet service,Month-to-month,Yes,Credit card (automatic),35.93,681.26,No
9881-WEVQW,Male,0,Yes,No,33,Yes,No,Fiber optic,No,No,No,Yes,Yes,Yes,One year,No,Electronic check,94.47,3119.69,No
5308-TBXRU,Male,0,Yes,No,72,Yes,No,No,No internet service,No internet service,No internet service,No internet service,No internet service,No internet service,Two year,Yes,Electronic check,26.72,1941.92,No
5700-LDUMI,Female,0,Yes,No,40,Yes,Yes,Fiber optic,No,Yes,No,No,Yes,No,Month-to-month,Yes,Mailed check,99.79,3980.81,Yes
6674-EQIFY,Female,0,No,No,34,Yes,No,DSL,No,No,No,No,No,No,Two year,Yes,Mailed check,45.62,1554.28,No
2419-PEOMM,Female,0,Yes,No,56,Yes,Yes,DSL,No,Yes,No,No,Yes,Yes,Two year,No,Electronic check,82.28,4615.77,No
7173-ZJAEM,Female,0,No,No,26,No,No phone service,No,No internet service,No internet service,No internet service,No internet service,No internet service,No internet service,One year,Yes,Bank transfer (automatic),18.25,482.07,No
0672-CGDCO,Male,0,No,No,17,Yes,No,Fiber optic,No,No,No,No,No,No,Two year,Yes,Bank transfer (automatic),75.47,1294.12,No
7261-KKQFH,Male,1,Yes,No,20,Yes,No,Fiber optic,Yes,Yes,No,No,No,No,One year,No,Credit card (automatic),84.49,1689.78,No
0982-CDKOA,Male,0,No,No,17,Yes,Yes,Fiber optic,No,No,No,No,No,No,Month-to-month,Yes,Credit card (automatic),82.33,1399.38,Yes
8293-ATMAE,Male,0,Yes,No,26,Yes,No,DSL,No,Yes,Yes,No,Yes,No,One year,No,Mailed check,67.96,1768.77,No
4673-GTSOV,Male,1,Yes,No,27,Yes,Yes,No,No internet service,No internet service,No internet service,No internet service,No internet service,No internet service,Two year,No,Mailed check,34.59,933.97,No
3284-MNWNV,Female,0,No,No,14,Yes,No,Fiber optic,No,No,Yes,No,No,No,Month-to-month,No,Credit card (automatic),77.48,1077.02,Yes
9465-ZBMMS,Female,1,No,No,44,Yes,No,DSL,Yes,No,No,No,No,No,One year,No,Electronic check,51.36,2261.92,No
1207-VPBHF,Male,1,Yes,No,46,Yes,No,No,No internet service,No internet service,No internet service,No internet service,No internet service,No internet service,Month-to-month,No,Electronic check,22.77,1052.51,No
6062-KHVDK,Male,0,Yes,No,35,Yes,Yes,Fiber optic,Yes,Yes,No,Yes,No,Yes,One year,Yes,Electronic check,108.61,3795.90,No
7891-PFUUZ,Female,0,Yes,No,18,No,No phone service,Fiber optic,No,No,No,Yes,No,No,Month-to-month,Yes,Credit card (automatic),70.91,1281.15,No
2774-XZXSR,Male,1,Yes,Yes,44,Yes,Yes,No,No internet service,No internet service,No internet service,No internet service,No internet service,No internet service,Month-to-month,No,Mailed check,32.39,1417.79,No
8183-LBJAD,Female,0,Yes,Yes,56,Yes,No,Fiber optic,No,No,No,No,No,Yes,Two year,No,Bank transfer (automatic),82.89,4638.52,No
8838-FAJNV,Male,0,Yes,No,28,Yes,No,DSL,No,No,No,Yes,Yes,Yes,Month-to-month,Yes,Electronic check,73.04,2043.54,No
8151-TPOPH,Male,1,No,No,15,Yes,No,No,No internet service,No internet service,No internet service,No internet service,No internet service,No internet service,Month-to-month,No,Electronic check,25.53,393.70,No
6860-RVWSY,Male,0,No,Yes,21,Yes,Yes,Fiber optic,Yes,No,No,No,No,Yes,One year,Yes,Credit card (automatic),99.13,2084.84,No
6550-PEZCW,Female,0,Yes,Yes,71,Yes,Yes,DSL,No,No,Yes,No,No,No,Two year,Yes,Bank transfer (automatic),63.97,4550.10,No
9246-NCMMJ,Female,1,No,No,54,Yes,Yes,No,No internet service,No internet service,No internet service,No internet service,No internet service,No internet service,Month-to-month,No,Bank transfer (automatic),30.78,1664.58,No
1573-YLOHG,Male,0,Yes,Yes,11,Yes,Yes,DSL,No,No,No,No,No,No,One year,No,Mailed check,57.02,632.25,No
6254-ASADJ,Male,0,Yes,No,15,Yes,Yes,Fiber optic,No,No,No,Yes,No,No,One year,No,Bank transfer (automatic),88.54,1325.62,No
2382-FFWYL,Female,0,No,No,54,Yes,No,DSL,No,No,No,No,No,No,Month-to-month,Yes,Bank transfer (automatic),47.86,2584.67,No
6074-IJMOL,Female,0,No,No,46,Yes,Yes,DSL,Yes,No,No,No,No,No,Month-to-month,No,Credit card (automatic),64.72,2987.24,No
4412-ZYGQS,Male,0,Yes,No,72,Yes,No,Fiber optic,No,Yes,Yes,Yes,Yes,No,Two year,Yes,Mailed check,99.32,7136.05,No
1087-EBAGK,Female,0,Yes,No,26,Yes,No,Fiber optic,No,No,No,Yes,Yes,Yes,Two year,Yes,Mailed check,93.88,2440.94,No
1016-GJVUC,Male,0,No,No,10,Yes,Yes,Fiber optic,Yes,No,Yes,No,No,No,Month-to-month,Yes,Bank transfer (automatic),93.49,936.71,Yes
2838-PTRDV,Male,0,No,Yes,14,Yes,Yes,Fiber optic,No,No,No,No,No,Yes,One year,Yes,Bank transfer (automatic),93.96,1320.63,No
5402-EVQNI,Male,0,Yes,Yes,52,Yes,No,Fiber optic,No,No,Yes,No,No,Yes,One year,No,Bank transfer (automatic),83.87,4363.17,No
2921-XOMSV,Female,0,Yes,No,32,Yes,No,DSL,No,Yes,No,No,No,No,Month-to-month,No,Mailed check,53.7,1719.29,No
1638-JIGOH,Female,1,No,No,70,Yes,No,No,No internet service,No internet service,No internet service,No internet service,No internet service,No internet service,Two year,No,Mailed check,28.51,1985.53,No
2419-PWMHI,Male,0,Yes,No,21,Yes,No,No,No internet service,No internet service,No internet service,No internet service,No internet service,No internet service,Month-to-month,Yes,Electronic check,21.98,456.32,No
6997-LYFLJ,Male,0,Yes,No,64,Yes,Yes,DSL,Yes,No,No,No,Yes,Yes,One year,No,Electronic check,82.05,5263.97,No
1138-GRHKG,Male,0,Yes,Yes,57,Yes,Yes,Fiber optic,Yes,Yes,No,Yes,No,No,Month-to-month,Yes,Credit card (automatic),98.45,5628.10,No
8720-BONRP,Male,1,No,No,26,Yes,Yes,Fiber optic,No,Yes,No,No,No,Yes,Month-to-month,Yes,Electronic check,100.07,2608.88,Yes
3538-TFFZK,Female,0,Yes,No,11,Yes,Yes,No,No internet service,No internet service,No internet service,No internet service,No internet service,No internet service,One year,Yes,Credit card (automatic),34.83,375.34,No
9072-MVCPO,Male,0,No,Yes,59,Yes,No,No,No internet service,No internet service,No internet service,No internet service,No internet service,No internet service,One year,Yes,Electronic check,21.38,1270.18,No
1408-WCTMV,Female,0,Yes,Yes,71,Yes,No,DSL,Yes,Yes,No,No,Yes,No,Month-to-month,No,Mailed check,68.66,4881.94,No
2658-LOUTC,Male,0,No,No,32,Yes,Yes,No,No internet service,No internet service,No internet service,No internet service,No internet service,No internet service,Month-to-month,No,Mailed check,32.26,1024.83,No
9022-WWMLA,Male,0,Yes,Yes,65,Yes,Yes,DSL,No,Yes,No,Yes,No,No,Month-to-month,No,Bank transfer (automatic),66.84,4344.51,No
2786-WOPKX,Female,0,Yes,Yes,8,Yes,No,Fiber optic,No,No,No,No,Yes,No,Two year,No,Credit card (automatic),84.72,710.14,No
5206-AQIZW,Female,0,No,No,25,Yes,No,DSL,No,Yes,No,Yes,No,No,One year,Yes,Electronic check,62.84,1577.01,No
3506-LVTWS,Female,0,No,No,44,Yes,No,Fiber optic,No,Yes,No,No,Yes,No,Month-to-month,Yes,Mailed check,87.57,3850.88,Yes
0320-RUOHA,Female,0,No,No,54,Yes,No,Fiber optic,Yes,No,No,Yes,Yes,No,One year,Yes,Electronic check,91.8,4947.80,No
3346-MXOFA,Female,0,Yes,Yes,51,Yes,No,Fiber optic,Yes,No,No,Yes,No,No,Two year,No,Mailed check,80.81,4122.57,No
6257-WPJVI,Female,0,Yes,No,8,Yes,Yes,DSL,No,No,Yes,Yes,Yes,Yes,Two year,No,Electronic check,90.26,729.33,No
8000-XLMLN,Male,0,No,No,6,Yes,No,No,No internet service,No internet service,No internet service,No internet service,No internet service,No internet service,One year,Yes,Credit card (automatic),27.35,190.19,No
9621-DSGZO,Female,0,No,No,56,Yes,No,DSL,Yes,No,No,Yes,No,No,Month-to-month,No,Mailed check,55.0,3088.35,No
7525-PBGKZ,Male,0,No,No,56,Yes,Yes,Fiber optic,No,No,Yes,Yes,No,No,Month-to-month,Yes,Electronic check,92.33,5174.34,Yes
6373-GDLEW,Female,0,No,Yes,36,Yes,No,No,No internet service,No internet service,No internet service,No internet service,No internet service,No internet service,Two year,Yes,Electronic check,18.6,680.78,No
9294-SUCZK,Female,0,Yes,No,72,Yes,No,No,No internet service,No internet service,No internet service,No internet service,No internet service,No internet service,One year,Yes,Mailed check,24.27,1729.91,No
6088-UIJMO,Female,0,No,Yes,29,Yes,Yes,No,No internet service,No internet service,No internet service,No internet service,No internet service,No internet service,Two year,Yes,Credit card (automatic),31.68,905.46,No
5427-TJMCV,Male,0,Yes,No,50,Yes,No,Fiber optic,Yes,Yes,Yes,Yes,No,No,Month-to-month,Yes,Bank transfer (automatic),91.05,4552.65,No
7854-LKBRI,Male,0,No,Yes,46,Yes,No,Fiber optic,Yes,Yes,No,Yes,Yes,No,Month-to-month,No,Electronic check,96.76,4453.82,Yes
1122-DWYRT,Female,0,No,No,53,Yes,No,Fiber optic,Yes,No,No,No,No,No,Month-to-month,Yes,Electronic check,75.31,3967.18,Yes
8190-ZXYWX,Female,0,No,No,22,Yes,No,Fiber optic,No,No,No,No,No,No,Two year,Yes,Bank transfer (automatic),75.43,1680.74,No
3317-BYNDQ,Male,0,No,Yes,57,Yes,No,Fiber optic,Yes,No,Yes,No,No,Yes,Month-to-month,Yes,Credit card (automatic),94.59,5383.63,Yes
3256-HBFVJ,Female,0,No,No,55,Yes,No,Fiber optic,Yes,Yes,Yes,No,No,No,Month-to-month,Yes,Electronic check,90.71,4975.72,Yes
4996-CTJIT,Male,0,No,No,30,Yes,No,DSL,Yes,Yes,Yes,Yes,No,No,Two year,Yes,Mailed check,66.95,2014.65,No
2143-HGFKL,Female,0,No,Yes,67,Yes,Yes,DSL,Yes,Yes,No,Yes,No,No,Month-to-month,Yes,Credit card (automatic),73.76,4964.30,No
1298-YUNCR,Male,0,Yes,No,61,Yes,Yes,Fiber optic,Yes,No,Yes,No,No,No,Month-to-month,No,Mailed check,93.89,5707.08,Yes
7596-QAZRZ,Male,0,No,Yes,59,Yes,Yes,DSL,No,Yes,Yes,No,No,Yes,Month-to-month,No,Mailed check,79.0,4667.78,No
2042-AHLVY,Female,0,Yes,No,36,Yes,No,Fiber optic,No,No,Yes,No,No,No,One year,Yes,Electronic check,77.04,2752.58,No
2880-SFHDE,Female,0,Yes,Yes,33,Yes,No,Fiber optic,No,No,Yes,No,No,Yes,Month-to-month,Yes,Bank transfer (automatic),89.18,2945.07,Yes
8566-DTDOU,Male,0,Yes,No,0,Yes,No,Fiber optic,No,No,Yes,No,No,No,One year,Yes,Electronic check,79.74, ,Yes
4781-GQPQT,Female,0,Yes,Yes,40,Yes,Yes,DSL,No,No,No,Yes,No,No,Month-to-month,Yes,Mailed check,63.48,2515.58,No
9611-AZBWI,Female,0,No,No,43,Yes,No,Fiber optic,Yes,No,No,No,No,Yes,Month-to-month,No,Electronic check,88.49,3795.64,Yes
5919-OJYWQ,Female,0,Yes,No,34,No,No phone service,Fiber optic,Yes,Yes,No,No,No,Yes,Month-to-month,Yes,Electronic check,91.59,3116.29,Yes
8138-PDPSA,Female,0,No,Yes,26,No,No phone service,No,No internet service,No internet service,No internet service,No internet service,No internet service,No internet service,Month-to-month,Yes,Electronic check,19.56,518.63,No
6593-VVMPT,Male,0,Yes,No,20,Yes,Yes,Fiber optic,Yes,Yes,Yes,No,Yes,No,One year,Yes,Electronic check,106.39,2136.46,No
5972-TJATK,Male,0,Yes,No,71,Yes,Yes,DSL,No,No,No,No,Yes,Yes,Month-to-month,No,Bank transfer (automatic),77.36,5501.10,No
9987-KDGJS,Male,0,No,No,22,Yes,No,Fiber optic,No,Yes,No,Yes,Yes,Yes,Month-to-month,Yes,Electronic check,106.3,2336.16,Yes
8931-ZURNZ,Male,1,No,Yes,40,No,No phone service,DSL,Yes,No,No,No,No,Yes,Month-to-month,No,Electronic check,63.33,2529.62,No
5905-DSBGI,Male,0,No,No,49,Yes,Yes,Fiber optic,Yes,Yes,No,No,No,No,One year,Yes,Mailed check,91.86,4505.40,No
2581-WUUKG,Female,0,Yes,No,21,Yes,No,No,No internet service,No internet service,No internet service,No internet service,No internet service,No internet service,Month-to-month,Yes,Mailed check,24.09,503.50,No
8389-YDSBI,Male,0,No,Yes,39,Yes,Yes,Fiber optic,No,Yes,No,No,No,No,Two year,Yes,Electronic check,88.79,3463.28,No
1544-TVEDI,Male,0,Yes,No,1,Yes,No,DSL,No,Yes,No,No,No,No,One year,No,Bank transfer (automatic),53.95,54.52,No
5999-SJFQE,Female,1,No,Yes,41,Yes,No,Fiber optic,Yes,No,No,No,No,No,Month-to-month,No,Electronic check,76.39,3142.34,Yes
9578-SRDHP,Male,0,No,No,29,Yes,Yes,No,No internet service,No internet service,No internet service,No internet service,No internet service,No internet service,Month-to-month,Yes,Electronic check,34.16,989.49,No
7232-JBDFK,Female,0,No,No,43,Yes,Yes,No,No internet service,No internet service,No internet service,No internet service,No internet service,No internet service,Month-to-month,No,Bank transfer (automatic),31.4,1353.66,No
4218-QIQOG,Male,0,No,No,9,Yes,No,No,No internet service,No internet service,No internet service,No internet service,No internet service,No internet service,Two year,No,Electronic check,19.49,174.45,No
5622-ADRZH,Female,0,No,No,62,Yes,Yes,Fiber optic,Yes,No,No,Yes,No,No,Month-to-month,No,Bank transfer (automatic),94.68,5849.14,No
2668-FAHAS,Male,0,No,Yes,23,No,No phone service,Fiber optic,Yes,No,Yes,No,No,No,One year,Yes,Electronic check,81.67,1883.01,No
4786-YKSUJ,Male,1,No,No,5,Yes,No,DSL,No,Yes,Yes,No,Yes,No,Month-to-month,No,Bank transfer (automatic),67.2,327.03,Yes
7076-QZJFQ,Male,0,Yes,No,44,Yes,No,No,No internet service,No internet service,No internet service,No internet service,No internet service,No internet service,Month-to-month,No,Credit card (automatic),23.03,1013.46,No
1419-QVPHX,Female,0,Yes,No,17,Yes,Yes,DSL,Yes,Yes,No,Yes,No,Yes,Two year,No,Bank transfer (automatic),81.18,1378.32,No
7520-REMJE,Female,0,Yes,No,15,Yes,No,DSL,Yes,No,No,No,No,No,Two year,Yes,Bank transfer (automatic),53.38,805.40,No
9008-BGJTG,Male,0,No,No,39,Yes,No,Fiber optic,No,No,Yes,Yes,No,Yes,Two year,No,Credit card (automatic),92.75,3603.85,No
7403-ZPSZO,Male,0,No,No,15,Yes,Yes,Fiber optic,No,No,No,No,No,No,Two year,No,Mailed check,81.29,1233.64,No
4995-BGMCO,Female,0,No,Yes,69,Yes,No,Fiber optic,No,Yes,Yes,Yes,Yes,No,Month-to-month,No,Mailed check,96.81,6683.10,Yes
0928-JOVFT,Female,0,No,No,12,Yes,No,Fiber optic,No,No,No,Yes,No,No,One year,Yes,Bank transfer (automatic),74.02,886.06,No
7468-UEDVR,Male,1,No,Yes,67,No,No phone service,Fiber optic,Yes,No,Yes,Yes,No,No,Month-to-month,Yes,Bank transfer (automatic),79.58,5332.82,No
2011-XXBMV,Female,0,Yes,Yes,49,Yes,No,Fiber optic,Yes,No,No,No,No,Yes,Two year,Yes,Bank transfer (automatic),84.05,4129.82,No
4244-ECCTW,Female,0,Yes,No,28,Yes,No,DSL,No,No,No,Yes,No,No,Month-to-month,Yes,Credit card (automatic),51.61,1445.65,No
1933-AZPHQ,Female,0,Yes,No,57,Yes,No,Fiber optic,No,No,No,No,Yes,No,Month-to-month,Yes,Electronic check,82.38,4695.46,Yes
7687-UXZLP,Female,0,Yes,No,6,Yes,Yes,Fiber optic,No,Yes,No,No,Yes,No,Month-to-month,Yes,Bank transfer (automatic),98.69,593.42,Yes
2963-EPIGT,Female,0,Yes,Yes,4,Yes,Yes,No,No internet service,No internet service,No internet service,No internet service,No internet service,No internet service,One year,Yes,Bank transfer (automatic),34.96,148.56,No
5969-IDPJS,Female,0,No,Yes,39,Yes,Yes,Fiber optic,No,No,No,No,No,No,Month-to-month,Yes,Bank transfer (automatic),80.1,3119.23,Yes
7080-BMXIG,Female,0,Yes,Yes,3,Yes,Yes,Fiber optic,No,Yes,No,No,Yes,Yes,Month-to-month,Yes,Credit card (automatic),110.01,331.92,Yes
2651-SKLZJ,Female,0,Yes,Yes,6,Yes,No,Fiber optic,No,Yes,No,Yes,No,No,Month-to-month,Yes,Electronic check,82.35,496.25,Yes
4931-DXEEL,Male,0,No,No,36,Yes,No,Fiber optic,No,Yes,No,Yes,No,No,Month-to-month,Yes,Credit card (automatic),84.3,3040.58,No
9275-BRIMG,Female,0,No,No,58,Yes,Yes,DSL,Yes,No,Yes,No,No,Yes,Month-to-month,Yes,Bank transfer (automatic),79.29,4608.75,No
9854-LALVF,Female,0,No,Yes,49,Yes,No,No,No internet service,No internet service,No internet service,No internet service,No internet service,No internet service,Two year,Yes,Electronic check,23.46,1150.32,No
2222-WJRZM,Female,0,Yes,No,68,Yes,Yes,No,No internet service,No internet service,No internet service,No internet service,No internet service,No internet service,One year,Yes,Bank transfer (automatic),33.8,2293.69,No
9129-WCWYZ,Female,0,No,No,28,Yes,No,No,No internet service,No internet service,No internet service,No internet service,No internet service,No internet service,Month-to-month,No,Bank transfer (automatic),24.39,689.71,No
3687-HINEU,Male,0,No,No,54,Yes,No,DSL,No,Yes,No,Yes,Yes,Yes,Month-to-month,No,Electronic check,83.05,4469.01,No
2474-DHGOF,Male,0,Yes,No,66,Yes,No,DSL,No,Yes,No,No,Yes,Yes,Month-to-month,Yes,Mailed check,78.63,5178.81,No
4491-DHXKQ,Male,0,No,No,29,Yes,No,No,No internet service,No internet service,No internet service,No internet service,No internet service,No internet service,One year,Yes,Electronic check,22.33,637.44,No
1489-KPLMP,Female,1,Yes,No,19,Yes,Yes,DSL,No,Yes,No,No,No,No,Month-to-month,No,Mailed check,65.85,1243.99,No
6940-POFLH,Male,0,No,No,66,Yes,No,Fiber optic,Yes,No,Yes,No,Yes,No,Month-to-month,Yes,Credit card (automatic),93.12,6132.01,Yes
6143-IJQLF,Male,0,No,No,60,Yes,Yes,DSL,No,No,No,No,No,No,Month-to-month,Yes,Electronic check,59.25,3564.57,Yes
2845-YYXYP,Male,0,Yes,No,43,Yes,No,Fiber optic,Yes,No,Yes,No,No,No,Month-to-month,No,Bank transfer (automatic),81.61,3505.81,Yes
3544-DBFIQ,Female,0,Yes,Yes,55,Yes,Yes,No,No internet service,No internet service,No internet service,No internet service,No internet service,No internet service,Month-to-month,Yes,Electronic check,35.37,1928.11,No
6520-TYORC,Female,0,Yes,Yes,59,No,No phone service,Fiber optic,Yes,No,No,No,No,No,Month-to-month,Yes,Electronic check,74.2,4365.77,Yes
1197-CGHSR,Male,0,No,No,40,No,No phone service,DSL,Yes,Yes,Yes,No,Yes,No,Month-to-month,No,Bank transfer (automatic),70.46,2821.54,No
7260-VLMYL,Male,0,Yes,No,39,Yes,No,Fiber optic,No,No,No,No,Yes,Yes,Month-to-month,No,Bank transfer (automatic),91.66,3558.40,Yes
2657-SSDSI,Female,0,Yes,No,49,Yes,Yes,DSL,Yes,Yes,No,No,No,Yes,One year,Yes,Bank transfer (automatic),72.58,3557.47,No
3577-PEUVJ,Female,0,Yes,Yes,9,Yes,Yes,DSL,Yes,No,Yes,No,No,No,Month-to-month,Yes,Mailed check,72.05,648.14,No
6963-FGEUR,Male,0,Yes,No,16,Yes,No,No,No internet service,No internet service,No internet service,No internet service,No internet service,No internet service,Month-to-month,No,Bank transfer (automatic),21.66,345.08,No
6503-SLOCW,Female,0,No,No,14,Yes,Yes,No,No internet service,No internet service,No internet service,No internet service,No internet service,No internet service,Month-to-month,No,Electronic check,32.8,459.11,No
9378-CETNZ,Male,0,No,No,52,Yes,No,Fiber optic,Yes,No,No,No,Yes,No,One year,Yes,Credit card (automatic),91.78,4761.55,No
5937-SEMPA,Female,1,Yes,No,72,Yes,Yes,Fiber optic,No,No,Yes,Yes,Yes,No,One year,Yes,Bank transfer (automatic),100.98,7265.28,No
5478-HXNMC,Male,0,Yes,Yes,50,Yes,No,No,No internet service,No internet service,No internet service,No internet service,No internet service,No internet service,Month-to-month,No,Bank transfer (automatic),24.16,1195.24,No
3348-YJLNA,Male,0,No,No,65,Yes,Yes,DSL,Yes,No,Yes,Yes,Yes,No,Month-to-month,Yes,Electronic check,87.18,5658.99,No
7016-OXQSW,Male,0,No,No,25,Yes,No,DSL,No,No,Yes,No,No,Yes,Month-to-month,No,Bank transfer (automatic),63.63,1584.21,No
8778-ZCXAP,Male,0,Yes,No,37,Yes,Yes,Fiber optic,No,Yes,No,Yes,Yes,No,Two year,Yes,Mailed check,107.24,3961.81,No
7670-VWNUU,Male,0,Yes,No,29,No,No phone service,DSL,No,No,No,No,No,No,Month-to-month,No,Credit card (automatic),43.19,1248.82,No
6256-ALRPL,Male,0,Yes,No,54,Yes,Yes,DSL,Yes,Yes,No,No,No,Yes,Two year,No,Credit card (automatic),80.12,4329.24,No
3795-AZUGO,Female,0,Yes,No,8,Yes,Yes,Fiber optic,Yes,Yes,No,No,No,No,Two year,No,Electronic check,92.76,740.72,No
5873-MLEGH,Female,0,No,No,15,Yes,No,Fiber optic,Yes,No,No,No,No,No,Month-to-month,Yes,Electronic check,76.48,1143.24,Yes
4893-THQHU,Male,0,Yes,No,23,Yes,No,DSL,No,No,No,Yes,Yes,No,Month-to-month,Yes,Electronic check,63.44,1450.23,No
0313-XUAGA,Female,0,Yes,Yes,19,Yes,Yes,Fiber optic,Yes,No,Yes,No,No,No,Two year,Yes,Credit card (automatic),88.49,1672.52,No
8225-PJVFQ,Female,0,No,No,61,Yes,Yes,Fiber optic,No,No,No,Yes,Yes,No,One year,No,Mailed check,96.09,5864.62,No
4570-USRKX,Female,0,No,No,51,Yes,Yes,DSL,Yes,No,No,Yes,No,No,Month-to-month,No,Credit card (automatic),67.65,3446.70,No
6964-LPYUR,Male,0,Yes,Yes,51,Yes,Yes,Fiber optic,Yes,No,No,No,Yes,No,Month-to-month,No,Mailed check,98.76,5035.12,Yes
2342-LWUEF,Male,0,Yes,No,42,Yes,No,No,No internet service,No internet service,No internet service,No internet service,No internet service,No internet service,One year,No,Credit card (automatic),26.53,1128.57,No
6997-IDUUH,Female,0,No,No,9,No,No phone service,Fiber optic,No,No,No,No,Yes,Yes,Month-to-month,Yes,Electronic check,87.46,775.49,Yes
8642-QKIEY,Female,0,Yes,Yes,65,Yes,Yes,Fiber optic,Yes,No,No,No,No,Yes,One year,No,Mailed check,96.54,6268.55,No
9343-BLAXT,Male,0,No,No,70,Yes,No,DSL,Yes,No,No,No,No,No,Two year,Yes,Electronic check,53.57,3763.52,No
4577-GDFPT,Male,1,Yes,Yes,64,No,No phone service,DSL,No,Yes,Yes,No,Yes,No,Month-to-month,No,Credit card (automatic),61.7,3946.99,No
6049-LPOJD,Female,0,Yes,Yes,14,Yes,No,DSL,Yes,Yes,No,Yes,Yes,Yes,Month-to-month,No,Mailed check,79.72,1115.53,No
6843-IUYXT,Female,0,Yes,No,49,Yes,No,Fiber optic,No,No,No,No,Yes,No,Month-to-month,No,Credit card (automatic),81.64,4019.76,Yes
6493-EEKIP,Female,0,Yes,No,40,Yes,Yes,Fiber optic,No,No,No,Yes,Yes,No,Month-to-month,Yes,Electronic check,95.79,3855.73,Yes
8531-NCRUF,Female,0,Yes,No,59,Yes,No,Fiber optic,Yes,Yes,No,No,No,Yes,Month-to-month,Yes,Electronic check,94.53,5589.64,Yes
4148-TZRSC,Female,0,No,No,32,Yes,Yes,DSL,Yes,No,No,No,No,Yes,Month-to-month,Yes,Credit card (automatic),71.56,2285.47,No
8300-WWBII,Female,1,No,No,51,Yes,Yes,DSL,No,No,Yes,No,No,No,Month-to-month,No,Mailed check,64.52,3293.55,No
4222-FDXMM,Female,1,No,No,37,Yes,No,Fiber optic,Yes,No,No,No,No,Yes,One year,Yes,Bank transfer (automatic),86.64,3190.57,No
4080-VACOZ,Female,0,No,No,63,Yes,Yes,No,No internet service,No internet service,No internet service,No internet service,No internet service,No internet service,Month-to-month,Yes,Mailed check,33.66,2121.61,No
4969-HLYVO,Female,0,No,Yes,9,Yes,Yes,Fiber optic,Yes,Yes,No,Yes,No,No,Month-to-month,Yes,Credit card (automatic),99.14,895.28,No
8789-TIOWU,Male,0,No,No,49,Yes,No,Fiber optic,Yes,Yes,No,No,No,Yes,Month-to-month,Yes,Bank transfer (automatic),91.64,4487.88,Yes
4019-SNHFL,Male,0,No,No,62,Yes,Yes,Fiber optic,No,No,No,Yes,Yes,Yes,Two year,Yes,Bank transfer (automatic),106.0,6572.40,No
9408-CSRTB,Male,0,Yes,No,58,Yes,Yes,No,No internet service,No internet service,No internet service,No internet service,No internet service,No internet service,Month-to-month,Yes,Bank transfer (automatic),34.52,2019.55,No
8967-SVOJV,Female,1,Yes,Yes,11,Yes,Yes,DSL,No,No,Yes,No,Yes,No,Two year,Yes,Electronic check,71.28,781.19,No
0522-SJOKO,Female,0,No,No,57,Yes,Yes,No,No internet service,No internet service,No internet service,No internet service,No internet service,No internet service,One year,Yes,Mailed check,30.12,1718.45,No
9743-MIYQB,Male,0,No,No,8,Yes,Yes,No,No internet service,No internet service,No internet service,No internet service,No internet service,No internet service,Month-to-month,Yes,Electronic check,31.29,251.89,No
7460-ZLUKL,Female,0,No,No,48,Yes,Yes,No,No internet service,No internet service,No internet service,No internet service,No internet service,No internet service,One year,Yes,Bank transfer (automatic),31.65,1525.75,No
2911-YDTWZ,Female,0,No,No,60,Yes,Yes,No,No internet service,No internet service,No internet service,No internet service,No internet service,No internet service,Month-to-month,No,Electronic check,35.14,2107.94,No
9122-FSUTS,Male,0,No,No,50,Yes,No,Fiber optic,No,No,No,No,Yes,No,Month-to-month,Yes,Electronic check,79.14,3955.12,Yes
7925-OWWRN,Male,0,Yes,No,44,Yes,No,DSL,No,Yes,Yes,No,No,No,Month-to-month,No,Electronic check,60.93,2690.82,Yes
2993-WBCGW,Male,0,No,No,66,Yes,No,No,No internet service,No internet service,No internet service,No internet service,No internet service,No internet service,Two year,Yes,Mailed check,21.4,1410.06,No
9202-EWTMM,Female,0,No,No,17,Yes,Yes,DSL,Yes,No,No,No,Yes,Yes,One year,Yes,Mailed check,83.51,1415.53,No
0512-DVVWE,Male,0,No,Yes,60,Yes,No,Fiber optic,Yes,No,No,No,Yes,No,Month-to-month,Yes,Electronic check,89.62,5379.46,Yes
6109-HALBJ,Male,0,Yes,No,49,Yes,Yes,Fiber optic,No,Yes,Yes,Yes,Yes,No,Month-to-month,No,Electronic check,107.54,5269.07,Yes
5092-GLHTL,Female,0,No,Yes,13,Yes,No,DSL,Yes,No,Yes,Yes,No,Yes,Month-to-month,No,Mailed check,71.04,922.47,No
2089-VFYAV,Male,0,No,No,9,Yes,Yes,Fiber optic,Yes,No,Yes,Yes,Yes,Yes,Two year,Yes,Electronic check,121.52,1101.51,No
4574-BLBZP,Female,0,No,Yes,5,Yes,Yes,No,No internet service,No internet service,No internet service,No internet service,No internet service,No internet service,One year,No,Electronic check,32.44,155.83,No
4292-HGALE,Female,0,Yes,No,2,Yes,No,DSL,Yes,Yes,No,No,Yes,Yes,Month-to-month,No,Credit card (automatic),77.19,145.63,Yes
8307-UBLAL,Female,0,No,No,1,Yes,Yes,DSL,No,Yes,Yes,No,No,Yes,Two year,No,Credit card (automatic),82.02,86.79,No
2803-XXZKM,Female,0,Yes,No,0,Yes,Yes,Fiber optic,Yes,Yes,Yes,No,Yes,No,Month-to-month,Yes,Electronic check,107.09, ,Yes
7973-HIGNB,Female,0,No,Yes,51,Yes,Yes,DSL,No,Yes,Yes,Yes,No,No,Two year,Yes,Electronic check,68.81,3515.83,No
8742-WNOBS,Male,0,No,No,12,Yes,Yes,No,No internet service,No internet service,No internet service,No internet service,No internet service,No internet service,Month-to-month,No,Bank transfer (automatic),36.2,435.55,No
8332-ECYOS,Male,0,Yes,Yes,31,Yes,No,No,No internet service,No internet service,No internet service,No internet service,No internet service,No internet service,Two year,No,Electronic check,20.82,634.39,No
1450-NVJCD,Female,0,No,Yes,24,Yes,No,Fiber optic,No,No,No,No,Yes,No,Two year,Yes,Credit card (automatic),86.92,2108.67,No
5785-PGOUY,Female,1,Yes,Yes,37,Yes,No,DSL,Yes,No,No,No,No,Yes,One year,No,Electronic check,63.39,2350.04,No
3954-AEMUN,Male,0,No,Yes,4,No,No phone service,Fiber optic,Yes,No,No,Yes,Yes,Yes,One year,Yes,Mailed check,97.89,395.78,No
8046-VVLWF,Male,0,No,No,17,Yes,Yes,Fiber optic,No,Yes,No,No,No,No,One year,No,Mailed check,85.37,1439.80,No
4948-NHNLJ,Female,0,Yes,Yes,9,Yes,Yes,Fiber optic,No,No,Yes,No,No,Yes,Month-to-month,Yes,Mailed check,99.13,887.92,Yes
3394-MSOHW,Male,0,No,Yes,52,Yes,Yes,No,No internet service,No internet service,No internet service,No internet service,No internet service,No internet service,Month-to-month,Yes,Bank transfer (automatic),30.96,1615.13,No
4924-CZEPQ,Female,0,No,No,33,Yes,No,No,No internet service,No internet service,No internet service,No internet service,No internet service,No internet service,Month-to-month,Yes,Electronic check,24.11,801.74,No
5933-PXBTO,Female,0,No,Yes,29,Yes,No,Fiber optic,Yes,No,No,No,No,No,One year,Yes,Bank transfer (automatic),78.22,2263.51,No
1092-LHFLG,Male,0,Yes,Yes,31,No,No phone service,Fiber optic,No,Yes,No,No,No,Yes,Month-to-month,No,Credit card (automatic),85.65,2674.22,Yes
1577-TVNEI,Female,0,No,Yes,10,Yes,Yes,Fiber optic,Yes,Yes,No,No,No,Yes,Month-to-month,No,Bank transfer (automatic),101.27,1017.68,Yes
7166-NNLAA,Female,0,Yes,No,29,Yes,No,No,No internet service,No internet service,No internet service,No internet service,No internet service,No internet service,Month-to-month,Yes,Mailed check,20.43,586.54,No
3436-PCGXV,Male,0,No,No,0,Yes,No,Fiber optic,No,Yes,Yes,Yes,No,Yes,Two year,Yes,Electronic check,96.77, ,Yes
5776-VFJPK,Male,0,No,Yes,5,Yes,No,Fiber optic,No,No,No,No,No,No,One year,Yes,Bank transfer (automatic),73.69,361.64,No
5704-SLXFR,Male,0,No,Yes,55,Yes,Yes,Fiber optic,Yes,No,Yes,No,No,No,Month-to-month,No,Mailed check,95.91,5267.01,Yes
6647-UQITM,Female,1,Yes,No,66,Yes,Yes,Fiber optic,No,Yes,Yes,Yes,No,No,One year,No,Credit card (automatic),97.04,6394.14,No
1381-DRESJ,Male,1,No,No,57,Yes,No,DSL,No,No,Yes,No,No,No,Month-to-month,No,Electronic check,52.58,2996.71,Yes
1849-EQVMW,Female,0,No,Yes,18,Yes,No,DSL,No,No,Yes,No,No,No,One year,No,Electronic check,53.29,962.26,No
0877-WESNI,Female,1,Yes,No,60,Yes,Yes,DSL,Yes,No,No,Yes,Yes,Yes,One year,Yes,Mailed check,86.25,5190.46,No
6997-NVNKN,Female,0,No,Yes,61,Yes,Yes,DSL,No,No,No,Yes,No,Yes,Month-to-month,No,Electronic check,70.38,4300.64,No
4726-RCMLO,Female,0,No,No,70,Yes,Yes,No,No internet service,No internet service,No internet service,No internet service,No internet service,No internet service,One year,Yes,Credit card (automatic),32.84,2310.61,No
1469-KOJOM,Male,0,No,No,34,Yes,No,DSL,No,No,No,No,No,Yes,One year,Yes,Electronic check,59.69,2024.43,No
0980-AOPLZ,Female,0,No,No,42,No,No phone service,No,No internet service,No internet service,No internet service,No internet service,No internet service,No internet service,Two year,Yes,Credit card (automatic),18.25,770.15,No
7558-ODXDB,Male,0,No,Yes,4,Yes,No,DSL,No,No,Yes,Yes,No,No,Two year,Yes,Electronic check,59.75,239.07,No
7638-IHNAW,Male,0,No,Yes,45,Yes,Yes,DSL,No,No,No,No,No,No,One year,Yes,Credit card (automatic),54.82,2455.39,No
4681-MDTRS,Male,0,No,No,34,Yes,No,No,No internet service,No internet service,No internet service,No internet service,No internet service,No internet service,Month-to-month,No,Electronic check,22.81,781.92,No
7859-RBWHX,Male,1,Yes,Yes,35,Yes,No,No,No internet service,No internet service,No internet service,No internet service,No internet service,No internet service,Month-to-month,Yes,Mailed check,18.64,663.52,No
5970-YLQMS,Male,0,No,No,3,Yes,Yes,DSL,No,No,No,Yes,Yes,No,Month-to-month,Yes,Electronic check,73.67,215.41,Yes
8488-FKQZW,Male,0,No,No,60,Yes,No,DSL,Yes,No,Yes,Yes,No,Yes,Two year,No,Electronic check,71.1,4277.95,No
5863-GBFFR,Male,0,No,Yes,1,Yes,No,DSL,No,No,No,No,No,Yes,Month-to-month,Yes,Bank transfer (automatic),59.58,64.09,Yes
3777-HABLO,Male,1,No,No,34,Yes,Yes,Fiber optic,Yes,No,No,Yes,No,No,Two year,No,Credit card (automatic),86.76,2947.59,No
3825-WHMWS,Male,1,Yes,Yes,45,Yes,Yes,DSL,No,Yes,No,No,Yes,No,One year,Yes,Bank transfer (automatic),75.1,3386.06,No
5493-APWXB,Female,0,No,No,3,Yes,Yes,DSL,Yes,No,No,Yes,No,No,One year,Yes,Credit card (automatic),65.05,210.17,No
6543-BJVER,Male,0,Yes,Yes,59,No,No phone service,No,No internet service,No internet service,No internet service,No internet service,No internet service,No internet service,Two year,Yes,Credit card (automatic),18.25,1095.63,No
9658-KZUYY,Female,1,No,No,47,No,No phone service,No,No internet service,No internet service,No internet service,No internet service,No internet service,No internet service,One year,No,Electronic check,18.25,859.61,No
0486-PFVKW,Female,0,No,No,3,Yes,Yes,No,No internet service,No internet service,No internet service,No internet service,No internet service,No internet service,Two year,No,Bank transfer (automatic),34.45,114.46,No
0305-TAILD,Female,0,Yes,No,69,Yes,No,Fiber optic,No,Yes,No,Yes,No,No,Month-to-month,No,Mailed check,83.45,5774.08,No
5678-YXPJK,Male,0,Yes,No,50,Yes,Yes,DSL,No,No,No,No,No,No,One year,Yes,Electronic check,59.66,2983.59,No
2140-CASDW,Male,0,No,No,16,Yes,No,Fiber optic,No,No,No,No,Yes,Yes,Month-to-month,No,Bank transfer (automatic),93.78,1505.66,Yes
4407-MTZER,Female,1,No,No,3,Yes,No,No,No internet service,No internet service,No internet service,No internet service,No internet service,No internet service,Two year,Yes,Mailed check,22.02,48.71,No
0815-QPQYT,Male,0,Yes,No,56,Yes,No,DSL,No,No,No,No,No,No,Month-to-month,No,Bank transfer (automatic),46.04,2570.98,No
8460-FXNQY,Female,0,Yes,No,6,Yes,No,No,No internet service,No internet service,No internet service,No internet service,No internet service,No internet service,Two year,Yes,Electronic check,24.15,145.17,No
2005-FANCW,Male,0,Yes,Yes,47,Yes,No,DSL,No,No,No,Yes,No,Yes,Month-to-month,Yes,Electronic check,64.05,2994.88,No
9222-WDTSJ,Male,0,No,Yes,32,Yes,No,DSL,No,Yes,No,No,Yes,No,Month-to-month,Yes,Mailed check,61.6,1965.57,No
8137-FGPGR,Female,0,No,No,67,No,No phone service,Fiber optic,No,No,Yes,No,No,Yes,Month-to-month,No,Electronic check,81.06,5443.82,Yes
3995-SITJM,Male,0,No,No,55,Yes,Yes,No,No internet service,No internet service,No internet service,No internet service,No internet service,No internet service,Month-to-month,Yes,Electronic check,33.62,1849.00,No
1505-MLJAH,Male,0,No,Yes,24,Yes,No,DSL,No,Yes,Yes,Yes,No,Yes,One year,No,Credit card (automatic),75.61,1827.86,No
4511-PLICV,Female,1,No,Yes,34,Yes,No,DSL,No,Yes,Yes,No,No,No,One year,Yes,Mailed check,58.02,1978.88,No
9439-BHJPW,Female,0,Yes,No,72,Yes,Yes,Fiber optic,No,No,Yes,No,Yes,Yes,Month-to-month,Yes,Bank transfer (automatic),107.53,7728.27,Yes
1576-OQURF,Male,1,No,No,38,Yes,No,No,No internet service,No internet service,No internet service,No internet service,No internet service,No internet service,Two year,No,Electronic check,22.45,845.32,No
6626-OUXPP,Male,0,No,Yes,22,Yes,No,DSL,No,Yes,No,Yes,No,No,One year,Yes,Mailed check,55.11,1212.57,No
7651-VMLOI,Female,0,No,Yes,10,No,No phone service,Fiber optic,Yes,Yes,No,Yes,Yes,No,One year,Yes,Credit card (automatic),95.35,958.09,No
1045-SXGBP,Female,0,Yes,No,21,Yes,No,No,No internet service,No internet service,No internet service,No internet service,No internet service,No internet service,Two year,Yes,Electronic check,22.54,476.61,No
6086-FMRCA,Female,1,Yes,No,46,No,No phone service,No,No internet service,No internet service,No internet service,No internet service,No internet service,No internet service,Two year,Yes,Electronic check,18.25,836.34,No
9485-ESUXR,Female,0,No,No,11,Yes,No,No,No internet service,No internet service,No internet service,No internet service,No internet service,No internet service,One year,No,Mailed check,19.63,213.16,No
4597-HOUYT,Male,0,Yes,Yes,34,Yes,No,No,No internet service,No internet service,No internet service,No internet service,No internet service,No internet service,Month-to-month,No,Bank transfer (automatic),24.51,838.76,No
8653-BXFCG,Female,0,No,No,33,Yes,Yes,DSL,No,No,No,Yes,Yes,No,One year,No,Electronic check,74.64,2448.57,No
9651-XQMAF,Female,1,No,No,0,Yes,Yes,DSL,No,No,No,No,No,No,Month-to-month,Yes,Credit card (automatic),58.33, ,Yes
4861-LGOCP,Female,1,Yes,No,31,Yes,Yes,No,No internet service,No internet service,No internet service,No internet service,No internet service,No internet service,One year,Yes,Bank transfer (automatic),34.24,1051.89,No
0727-WLOBQ,Male,0,No,Yes,3,Yes,No,Fiber optic,No,No,No,No,No,No,Month-to-month,Yes,Electronic check,72.73,222.66,Yes
6059-PZXWT,Female,1,No,No,23,No,No phone service,Fiber optic,Yes,Yes,No,No,No,No,One year,No,Mailed check,75.6,1733.35,No
0034-WNTJN,Male,0,Yes,No,70,Yes,No,Fiber optic,No,Yes,Yes,No,No,No,Month-to-month,Yes,Credit card (automatic),85.54,5991.51,Yes
0961-PRHJZ,Female,0,Yes,No,21,Yes,No,DSL,Yes,Yes,Yes,No,No,No,One year,No,Credit card (automatic),64.72,1360.48,No
9491-UXFCH,Male,0,Yes,Yes,34,Yes,No,Fiber optic,Yes,Yes,Yes,No,No,No,Two year,Yes,Credit card (automatic),86.22,2912.28,No
8411-GQJLB,Female,0,Yes,Yes,28,Yes,No,DSL,No,No,No,No,No,No,Month-to-month,Yes,Electronic check,49.83,1387.36,No
9303-MLKJO,Male,0,No,Yes,16,No,No phone service,Fiber optic,No,No,No,Yes,No,Yes,One year,No,Mailed check,85.24,1372.93,No
4804-BIFRN,Male,0,No,No,27,Yes,No,No,No internet service,No internet service,No internet service,No internet service,No internet service,No internet service,Two year,No,Mailed check,23.19,619.25,No
2702-JQKHA,Female,0,Yes,No,46,Yes,Yes,Fiber optic,Yes,No,No,Yes,Yes,No,Two year,No,Mailed check,102.04,4707.39,No
4364-XKQET,Female,0,No,No,40,Yes,No,Fiber optic,No,No,Yes,No,Yes,No,Month-to-month,Yes,Mailed check,88.86,3544.90,Yes
2492-PHMPC,Male,0,No,No,16,Yes,Yes,DSL,Yes,Yes,Yes,No,Yes,No,Month-to-month,No,Credit card (automatic),83.18,1348.35,No
0885-ZQXBI,Female,0,No,No,3,Yes,Yes,DSL,No,No,No,Yes,No,No,Month-to-month,No,Credit card (automatic),61.78,181.94,No
7248-MAYOD,Female,0,No,Yes,40,Yes,Yes,Fiber optic,Yes,No,Yes,No,No,No,Month-to-month,Yes,Electronic check,95.45,3825.56,Yes
3398-FXLTP,Male,0,Yes,No,5,Yes,Yes,Fiber optic,Yes,No,Yes,No,No,No,Two year,Yes,Credit card (automatic),94.64,480.25,No
2096-DNXPN,Female,0,Yes,No,43,Yes,Yes,DSL,No,Yes,No,Yes,Yes,No,Two year,No,Bank transfer (automatic),78.58,3394.62,No
2041-CVSCL,Female,1,Yes,No,23,Yes,No,No,No internet service,No internet service,No internet service,No internet service,No internet service,No internet service,One year,No,Electronic check,22.45,518.55,No
5498-AMCSK,Female,0,No,No,53,Yes,No,Fiber optic,No,Yes,No,Yes,Yes,Yes,Month-to-month,No,Electronic check,105.61,5604.11,Yes
5722-FHVML,Female,0,No,No,71,No,No phone service,Fiber optic,No,Yes,No,Yes,No,Yes,Month-to-month,No,Credit card (automatic),86.73,6153.35,No
9230-MXDVK,Male,1,No,No,30,Yes,No,DSL,No,No,No,No,No,No,One year,Yes,Mailed check,49.06,1469.84,No
2588-JCCTW,Male,0,No,No,8,Yes,No,No,No internet service,No internet service,No internet service,No internet service,No internet service,No internet service,Two year,No,Credit card (automatic),21.83,168.99,No
2977-FTKUL,Male,0,Yes,No,52,Yes,Yes,No,No internet service,No internet service,No internet service,No internet service,No internet service,No internet service,Month-to-month,Yes,Credit card (automatic),35.96,1865.18,No
1525-UNRNE,Male,0,No,No,1,No,No phone service,Fiber optic,No,Yes,No,Yes,No,Yes,One year,No,Bank transfer (automatic),87.07,58.90,Yes
4876-OOSZT,Female,0,Yes,Yes,19,Yes,Yes,DSL,Yes,No,No,Yes,No,No,Month-to-month,Yes,Electronic check,67.38,1278.52,No
5287-FTWOC,Male,0,No,Yes,3,Yes,No,DSL,No,No,Yes,Yes,No,No,Month-to-month,Yes,Electronic check,57.58,172.69,Yes
9702-KPEEZ,Female,0,Yes,Yes,43,Yes,Yes,Fiber optic,Yes,No,No,Yes,No,No,Month-to-month,Yes,Electronic check,91.26,3908.62,Yes
1974-GPWNE,Female,0,Yes,Yes,61,Yes,No,DSL,No,No,No,Yes,No,No,Month-to-month,Yes,Electronic check,56.74,3470.78,No
7833-PXQOD,Male,0,Yes,No,12,Yes,Yes,DSL,No,No,No,No,Yes,No,Month-to-month,Yes,Credit card (automatic),69.3,823.77,No
5354-PYPJI,Female,0,No,No,19,Yes,No,DSL,No,No,No,No,No,No,Month-to-month,Yes,Bank transfer (automatic),48.23,916.83,No
3379-DRMMN,Male,0,No,No,51,Yes,No,DSL,Yes,No,No,No,No,No,One year,Yes,Credit card (automatic),51.94,2656.72,No
1045-YEFFC,Female,0,Yes,Yes,5,Yes,No,No,No internet service,No internet service,No internet service,No internet service,No internet service,No internet service,Month-to-month,No,Credit card (automatic),24.12,116.59,No
3030-UHXEZ,Female,0,Yes,No,14,Yes,Yes,Fiber optic,No,No,No,No,No,Yes,Two year,No,Credit card (automatic),90.83,1272.85,No
1506-KDEFK,Male,0,Yes,Yes,71,Yes,No,DSL,No,No,No,No,Yes,Yes,Two year,Yes,Bank transfer (automatic),65.39,4642.95,No
0893-XUKXQ,Female,0,Yes,No,63,Yes,Yes,Fiber optic,No,No,No,Yes,Yes,No,Month-to-month,No,Mailed check,96.44,6078.14,Yes
7315-PBERC,Female,1,Yes,No,35,Yes,No,DSL,No,Yes,No,Yes,No,No,Two year,No,Bank transfer (automatic),59.59,2086.96,No
5052-GRNFH,Male,0,No,Yes,35,Yes,No,No,No internet service,No internet service,No internet service,No internet service,No internet service,No internet service,Two year,No,Bank transfer (automatic),24.72,863.98,No
0844-UFBFN,Male,0,No,No,2,No,No phone service,Fiber optic,No,No,Yes,No,No,Yes,Month-to-month,Yes,Mailed check,83.21,157.00,Yes
3788-XCZPK,Female,0,No,No,39,Yes,No,Fiber optic,No,No,No,Yes,Yes,Yes,Month-to-month,No,Bank transfer (automatic),97.59,3818.49,Yes
3084-VPSPK,Male,0,Yes,Yes,37,Yes,Yes,DSL,Yes,No,No,No,No,No,Two year,Yes,Bank transfer (automatic),62.92,2329.30,No
9760-ZUZIL,Female,0,No,No,44,Yes,No,Fiber optic,Yes,Yes,No,No,No,No,Month-to-month,Yes,Electronic check,84.34,3707.05,Yes
5790-JGSYF,Male,0,Yes,No,61,Yes,No,Fiber optic,Yes,No,Yes,No,No,No,Month-to-month,Yes,Electronic check,78.87,4796.86,Yes
4772-ROBNU,Male,0,Yes,No,65,Yes,No,Fiber optic,No,No,No,No,Yes,No,Month-to-month,Yes,Electronic check,83.82,5458.59,Yes
9679-OHMLH,Female,0,Yes,No,23,Yes,Yes,DSL,No,No,No,No,No,Yes,Month-to-month,No,Bank transfer (automatic),69.53,1588.72,No
9213-QSIWG,Male,0,No,No,5,Yes,No,Fiber optic,No,Yes,Yes,No,No,No,Month-to-month,Yes,Electronic check,84.52,427.18,Yes
0696-TGHPC,Female,0,No,Yes,1,Yes,No,Fiber optic,No,No,Yes,No,Yes,No,Two year,Yes,Credit card (automatic),88.64,86.57,Yes
9164-UEWYX,Male,0,No,No,25,Yes,Yes,DSL,Yes,No,No,No,Yes,No,Two year,Yes,Electronic check,74.12,1859.53,No
5685-QDXWP,Female,0,Yes,No,43,Yes,Yes,DSL,Yes,No,No,Yes,Yes,No,Month-to-month,Yes,Bank transfer (automatic),81.17,3505.97,No
2922-QJQVQ,Female,0,No,No,0,Yes,Yes,DSL,No,No,No,No,No,Yes,Two year,No,Credit card (automatic),66.69, ,Yes
4346-FLYVY,Male,0,No,No,1,Yes,Yes,No,No internet service,No internet service,No internet service,No internet service,No internet service,No internet service,One year,No,Credit card (automatic),32.91,22.99,No
3009-GPMCB,Male,0,Yes,No,10,Yes,No,Fiber optic,No,No,No,No,Yes,Yes,Two year,No,Credit card (automatic),92.62,915.00,No
5564-XGBQM,Female,0,Yes,No,29,No,No phone service,No,No internet service,No internet service,No internet service,No internet service,No internet service,No internet service,Month-to-month,No,Credit card (automatic),20.36,594.43,No
8449-TBERG,Male,0,No,No,33,Yes,No,DSL,Yes,Yes,No,No,No,No,Month-to-month,Yes,Bank transfer (automatic),57.35,1904.60,No
8850-PMVET,Female,0,No,Yes,60,Yes,No,No,No internet service,No internet service,No internet service,No internet service,No internet service,No internet service,Month-to-month,Yes,Bank transfer (automatic),21.24,1271.28,No
5551-NPWTM,Female,0,No,No,33,No,No phone service,No,No internet service,No internet service,No internet service,No internet service,No internet service,No internet service,Two year,No,Credit card (automatic),18.25,602.09,No
8914-NTYDH,Female,0,No,No,70,Yes,Yes,Fiber optic,No,No,No,Yes,No,No,Month-to-month,Yes,Credit card (automatic),84.94,5931.83,No
7557-JYUQA,Male,0,No,Yes,1,Yes,No,Fiber optic,No,No,Yes,No,Yes,No,One year,Yes,Electronic check,87.58,97.82,Yes
1994-DADDZ,Male,0,No,Yes,63,Yes,No,Fiber optic,Yes,Yes,No,No,Yes,No,Month-to-month,Yes,Electronic check,92.79,5846.42,Yes
3082-MDEMW,Female,1,No,No,2,Yes,No,DSL,No,Yes,No,No,No,No,Two year,No,Electronic check,50.39,110.72,No
5470-WFKPE,Male,0,Yes,No,65,Yes,Yes,DSL,No,Yes,Yes,No,No,No,Two year,Yes,Electronic check,66.79,4344.28,No
6208-RMZOC,Male,0,No,No,29,Yes,No,DSL,No,No,Yes,No,Yes,Yes,Two year,Yes,Credit card (automatic),72.27,2094.17,No
7982-VWOQN,Male,0,Yes,No,34,Yes,No,No,No internet service,No internet service,No internet service,No internet service,No internet service,No internet service,One year,No,Mailed check,24.71,850.31,No
6347-DTXOE,Female,0,Yes,No,21,Yes,No,Fiber optic,No,No,No,Yes,Yes,No,One year,Yes,Mailed check,86.31,1814.25,No
5406-FBKGV,Female,0,Yes,No,61,Yes,No,DSL,No,Yes,No,No,Yes,No,Month-to-month,Yes,Mailed check,60.69,3688.97,No
4741-VPNLQ,Male,0,No,Yes,53,Yes,Yes,Fiber optic,Yes,No,No,Yes,No,No,Month-to-month,No,Mailed check,92.38,4904.77,No
4561-AFCEL,Female,0,Yes,Yes,59,No,No phone service,DSL,No,No,Yes,Yes,Yes,No,Month-to-month,Yes,Electronic check,64.49,3818.85,No
1003-JPBQV,Female,0,No,No,37,Yes,Yes,DSL,Yes,Yes,No,No,No,Yes,Month-to-month,No,Bank transfer (automatic),77.6,2863.93,No
3965-UZMLL,Female,0,No,No,29,Yes,No,Fiber optic,No,No,Yes,No,Yes,No,Month-to-month,Yes,Credit card (automatic),88.91,2577.57,Yes
1488-BWZTM,Male,0,No,No,1,Yes,Yes,No,No internet service,No internet service,No internet service,No internet service,No internet service,No internet service,Month-to-month,Yes,Bank transfer (automatic),31.53,51.62,No
2028-NIGPC,Female,0,Yes,No,19,Yes,Yes,DSL,Yes,No,Yes,Yes,No,No,Month-to-month,No,Electronic check,73.68,1396.61,No
2366-LREWW,Female,0,No,No,43,Yes,Yes,Fiber optic,Yes,No,No,No,No,No,Two year,Yes,Electronic check,89.07,3819.53,No
5997-SOACR,Male,0,No,No,67,Yes,Yes,Fiber optic,No,No,No,Yes,No,Yes,Month-to-month,Yes,Electronic check,96.18,6438.15,Yes
1140-JTJER,Male,0,Yes,Yes,8,Yes,Yes,Fiber optic,Yes,No,No,Yes,Yes,No,Month-to-month,Yes,Bank transfer (automatic),101.48,808.96,No
4937-QLULZ,Female,1,Yes,Yes,13,Yes,No,Fiber optic,Yes,Yes,Yes,No,No,Yes,Month-to-month,Yes,Bank transfer (automatic),93.95,1232.77,Yes
0993-HAORA,Male,0,No,No,10,Yes,No,Fiber optic,Yes,No,No,Yes,Yes,No,Two year,No,Mailed check,93.99,935.61,No
6105-VJROQ,Female,0,Yes,No,9,Yes,No,Fiber optic,No,No,No,No,Yes,No,Month-to-month,No,Electronic check,81.45,740.84,Yes
9294-PFCIK,Male,0,Yes,No,70,Yes,No,DSL,Yes,No,No,Yes,No,No,Two year,Yes,Mailed check,57.49,4027.88,No
4195-XVDVX,Female,0,No,No,56,Yes,Yes,No,No internet service,No internet service,No internet service,No internet service,No internet service,No internet service,Month-to-month,No,Credit card (automatic),32.64,1828.48,No
7917-FPRQF,Male,0,No,Yes,5,Yes,Yes,DSL,No,No,No,Yes,No,No,Month-to-month,Yes,Electronic check,63.97,320.02,No
6949-XKMLI,Female,0,No,No,16,No,No phone service,DSL,No,No,No,No,No,Yes,Month-to-month,No,Credit card (automatic),51.85,807.04,No
3675-BGIEO,Female,0,Yes,No,12,Yes,No,No,No internet service,No internet service,No internet service,No internet service,No internet service,No internet service,Month-to-month,No,Credit card (automatic),22.67,277.06,No
1323-ZGZHQ,Female,0,Yes,No,58,Yes,Yes,DSL,Yes,No,No,No,No,No,One year,No,Bank transfer (automatic),65.44,3807.11,No
7460-BQEFZ,Female,1,Yes,No,46,No,No phone service,Fiber optic,No,No,No,Yes,No,Yes,Month-to-month,Yes,Electronic check,86.16,3957.43,Yes
8764-OSPYM,Male,0,No,No,3,Yes,No,DSL,No,Yes,No,No,No,Yes,Two year,No,Electronic check,64.11,204.21,No
4222-NPVQD,Female,0,No,Yes,25,Yes,Yes,DSL,No,Yes,No,No,No,Yes,Month-to-month,Yes,Credit card (automatic),75.47,1882.64,No
7241-OBKMW,Female,0,Yes,No,31,No,No phone service,No,No internet service,No internet service,No internet service,No internet service,No internet service,No internet service,Month-to-month,Yes,Bank transfer (automatic),18.68,578.32,No
9242-FMJSH,Male,0,No,Yes,55,Yes,Yes,Fiber optic,Yes,No,No,No,No,Yes,Month-to-month,Yes,Mailed check,97.59,5369.96,Yes
1277-QHJBL,Male,1,No,No,66,Yes,No,Fiber optic,Yes,No,No,No,No,No,Month-to-month,No,Electronic check,79.4,5254.12,Yes
6514-WXCQG,Female,0,Yes,No,10,Yes,No,No,No internet service,No internet service,No internet service,No internet service,No internet service,No internet service,Month-to-month,No,Mailed check,21.89,199.78,No
4460-HLNPJ,Male,1,No,No,57,Yes,No,Fiber optic,Yes,No,Yes,No,No,No,Month-to-month,Yes,Electronic check,81.07,4627.88,Yes
4799-UGZCB,Female,0,Yes,No,51,Yes,Yes,Fiber optic,No,Yes,No,No,Yes,No,Two year,No,Bank transfer (automatic),96.28,4913.43,No
5489-DCIXV,Male,0,No,No,28,Yes,Yes,No,No internet service,No internet service,No internet service,No internet service,No internet service,No internet service,Month-to-month,No,Bank transfer (automatic),30.89,870.86,No
0905-SSFMS,Male,0,No,No,1,Yes,Yes,Fiber optic,No,No,No,No,Yes,Yes,Month-to-month,Yes,Bank transfer (automatic),103.46,102.36,Yes
9543-XBOLG,Female,0,No,No,67,Yes,Yes,Fiber optic,No,No,No,No,No,Yes,Month-to-month,Yes,Electronic check,93.17,6239.26,Yes
3160-DYNTM,Female,0,Yes,No,48,Yes,No,DSL,No,No,No,No,Yes,No,One year,No,Bank transfer (automatic),53.3,2579.14,No
2991-NOCAZ,Female,0,Yes,Yes,20,Yes,Yes,DSL,No,No,No,No,No,No,Two year,No,Mailed check,57.49,1143.62,No
7022-MORNU,Female,0,Yes,No,16,Yes,Yes,No,No internet service,No internet service,No internet service,No internet service,No internet service,No internet service,One year,Yes,Mailed check,34.72,555.74,No
9227-DDSKA,Female,0,Yes,Yes,2,No,No phone service,DSL,Yes,No,No,Yes,Yes,No,Month-to-month,No,Electronic check,66.09,152.72,No
7064-TTXKN,Male,0,No,Yes,41,Yes,Yes,Fiber optic,No,No,No,Yes,No,Yes,Month-to-month,Yes,Electronic check,99.99,4109.18,Yes
5097-NRVIQ,Male,0,No,No,47,Yes,Yes,DSL,No,No,No,No,No,No,One year,Yes,Mailed check,55.2,2577.75,No
5791-EFUSD,Male,0,No,No,30,Yes,No,No,No internet service,No internet service,No internet service,No internet service,No internet service,No internet service,One year,Yes,Credit card (automatic),23.45,692.01,No
6389-RPEHN,Male,0,Yes,Yes,0,Yes,Yes,DSL,Yes,Yes,Yes,Yes,No,Yes,Month-to-month,Yes,Credit card (automatic),87.7, ,Yes
4977-YZFPD,Female,0,No,No,68,Yes,No,No,No internet service,No internet service,No internet service,No internet service,No internet service,No internet service,One year,Yes,Bank transfer (automatic),25.66,1754.87,No
2452-RPWKE,Male,0,Yes,Yes,0,Yes,No,Fiber optic,No,Yes,No,No,Yes,No,Month-to-month,No,Electronic check,85.39, ,Yes
8275-DLLYU,Male,0,No,No,35,Yes,No,DSL,No,Yes,No,No,No,No,One year,No,Mailed check,53.78,1883.15,No
9586-LERDB,Male,0,Yes,No,58,Yes,No,Fiber optic,No,No,No,Yes,No,No,Month-to-month,Yes,Bank transfer (automatic),80.57,4698.72,No
2923-FLSJA,Male,0,No,No,60,Yes,No,No,No internet service,No internet service,No internet service,No internet service,No internet service,No internet service,Two year,Yes,Mailed check,19.2,1154.00,No
0884-IWILW,Female,0,Yes,Yes,3,Yes,Yes,Fiber optic,Yes,No,Yes,Yes,Yes,No,Month-to-month,No,Mailed check,107.29,329.56,Yes
8176-FUTGC,Female,1,Yes,No,48,Yes,No,DSL,Yes,No,Yes,Yes,Yes,Yes,Month-to-month,No,Electronic check,80.79,3881.92,No
7101-YUXSG,Male,0,No,Yes,40,Yes,No,Fiber optic,No,No,No,Yes,Yes,Yes,Two year,No,Mailed check,99.31,3985.33,No
1764-DQELI,Male,1,No,No,59,Yes,Yes,DSL,Yes,No,Yes,Yes,Yes,No,One year,Yes,Credit card (automatic),83.57,4952.32,No
9381-TIDUH,Male,0,No,No,71,Yes,Yes,No,No internet service,No internet service,No internet service,No internet service,No internet service,No internet service,One year,No,Electronic check,34.71,2467.66,No
0088-TMBMI,Male,0,Yes,No,71,Yes,No,Fiber optic,No,No,Yes,Yes,No,No,Month-to-month,Yes,Electronic check,81.4,5795.24,Yes
3508-ECDAN,Female,0,Yes,No,20,Yes,No,Fiber optic,No,Yes,Yes,No,No,No,Month-to-month,Yes,Mailed check,82.56,1658.88,Yes
8731-NYDYJ,Male,0,Yes,No,39,Yes,No,Fiber optic,Yes,No,No,No,Yes,No,Month-to-month,No,Mailed check,87.47,3414.40,Yes
2669-MDRKY,Female,0,No,Yes,71,Yes,Yes,DSL,Yes,No,Yes,No,No,Yes,Month-to-month,Yes,Credit card (automatic),78.65,5584.92,No
3717-JEWGL,Male,0,Yes,Yes,39,Yes,No,DSL,No,No,No,Yes,No,Yes,Month-to-month,Yes,Electronic check,63.56,2466.49,No
8293-JDOJU,Female,1,No,No,26,Yes,No,Fiber optic,No,Yes,No,No,No,No,Two year,Yes,Mailed check,75.5,1981.15,No
5232-RZLYP,Male,1,No,Yes,41,Yes,Yes,Fiber optic,No,No,No,Yes,No,Yes,Month-to-month,Yes,Mailed check,98.32,4032.48,Yes
0176-AEJVU,Female,0,No,No,35,Yes,No,No,No internet service,No internet service,No internet service,No internet service,No internet service,No internet service,Month-to-month,Yes,Bank transfer (automatic),19.28,665.10,No
3068-VPSOZ,Female,0,No,Yes,10,Yes,Yes,DSL,No,No,Yes,Yes,Yes,No,Two year,No,Credit card (automatic),79.1,785.84,No
3940-UQIWS,Female,0,No,No,34,Yes,Yes,Fiber optic,Yes,Yes,No,Yes,Yes,No,Two year,No,Bank transfer (automatic),104.82,3553.10,No
8168-VZULG,Male,1,Yes,No,36,No,No phone service,No,No internet service,No internet service,No internet service,No internet service,No internet service,No internet service,Two year,No,Electronic check,19.26,699.39,No
5417-MWFEE,Male,0,Yes,No,11,No,No phone service,DSL,Yes,No,No,No,No,No,Two year,Yes,Bank transfer (automatic),46.53,526.96,No
8085-TZGIE,Female,0,Yes,Yes,49,Yes,No,Fiber optic,No,No,No,No,No,No,Month-to-month,Yes,Electronic check,74.08,3623.69,Yes
4767-KZRYS,Female,0,Yes,No,24,Yes,No,DSL,Yes,No,No,No,No,Yes,Month-to-month,Yes,Credit card (automatic),64.88,1546.10,No
5516-YZKAX,Male,0,Yes,No,62,Yes,No,No,No internet service,No internet service,No internet service,No internet service,No internet service,No internet service,Two year,Yes,Mailed check,21.04,1283.01,No
1071-FVEPH,Male,0,No,Yes,9,Yes,No,DSL,No,No,Yes,No,No,No,Two year,No,Mailed check,55.48,488.49,No
2936-PWPLN,Female,1,Yes,No,57,Yes,No,No,No internet service,No internet service,No internet service,No internet service,No internet service,No internet service,Month-to-month,Yes,Bank transfer (automatic),20.9,1179.68,No
7113-PMZIZ,Male,0,No,No,2,No,No phone service,No,No internet service,No internet service,No internet service,No internet service,No internet service,No internet service,Month-to-month,No,Bank transfer (automatic),18.26,55.15,No
8382-LUZYF,Female,1,No,No,68,Yes,Yes,No,No internet service,No internet service,No internet service,No internet service,No internet service,No internet service,One year,Yes,Credit card (automatic),31.38,2118.81,No
2985-TPTXW,Male,1,No,No,54,Yes,No,Fiber optic,Yes,No,Yes,Yes,Yes,Yes,Two year,Yes,Mailed check,104.6,5653.60,No
0572-YZBNV,Male,0,Yes,No,11,Yes,No,No,No internet service,No internet service,No internet service,No internet service,No internet service,No internet service,Month-to-month,Yes,Bank transfer (automatic),23.51,262.56,No
0140-HAYZC,Female,0,No,No,44,Yes,No,Fiber optic,No,Yes,No,No,No,No,One year,Yes,Credit card (automatic),79.92,3515.59,No
1083-LAAGR,Male,0,No,Yes,40,Yes,No,No,No internet service,No internet service,No internet service,No internet service,No internet service,No internet service,Month-to-month,No,Bank transfer (automatic),22.16,882.37,No
6698-MPGPM,Male,1,Yes,No,41,Yes,No,DSL,No,No,No,No,No,Yes,One year,Yes,Electronic check,59.51,2457.97,No
0773-MXTOX,Male,0,No,No,32,Yes,No,Fiber optic,No,No,No,Yes,No,Yes,Month-to-month,No,Credit card (automatic),85.88,2751.99,Yes
4351-RBYOZ,Female,0,Yes,No,69,Yes,No,Fiber optic,Yes,Yes,Yes,No,No,Yes,Month-to-month,No,Bank transfer (automatic),99.14,6826.84,Yes
2939-XTKZJ,Female,0,Yes,No,5,Yes,Yes,DSL,Yes,No,No,Yes,No,Yes,One year,Yes,Credit card (automatic),72.07,357.09,No
6483-SMRQF,Male,0,Yes,No,1,Yes,No,No,No internet service,No internet service,No internet service,No internet service,No internet service,No internet service,One year,Yes,Mailed check,25.48,24.31,No
9175-UMRGB,Female,0,Yes,Yes,25,Yes,No,DSL,No,Yes,No,Yes,Yes,No,Month-to-month,No,Electronic check,66.86,1664.77,No
4191-OGIEG,Male,0,No,No,47,Yes,No,Fiber optic,No,No,Yes,No,Yes,No,Month-to-month,Yes,Credit card (automatic),85.64,4025.61,Yes
3121-UVWSD,Female,0,Yes,Yes,56,No,No phone service,DSL,No,No,No,No,Yes,No,One year,Yes,Credit card (automatic),51.85,2911.96,No
7365-GQSVP,Female,0,No,No,68,Yes,Yes,DSL,No,No,Yes,Yes,Yes,Yes,One year,No,Mailed check,91.77,6242.08,No
2682-QJOFQ,Male,0,No,No,45,Yes,No,Fiber optic,Yes,No,Yes,Yes,No,No,Two year,Yes,Mailed check,88.91,4007.74,No
0781-YEHGW,Male,0,No,No,47,Yes,Yes,Fiber optic,No,Yes,No,No,Yes,No,Month-to-month,Yes,Electronic check,97.58,4591.94,Yes
3142-NIFQS,Male,0,Yes,No,40,Yes,No,DSL,Yes,No,Yes,No,Yes,No,One year,No,Credit card (automatic),73.24,2937.41,No
3853-QHNBK,Female,0,No,No,15,Yes,No,Fiber optic,No,Yes,No,Yes,No,No,Month-to-month,Yes,Mailed check,84.36,1280.56,Yes
7575-UUNJZ,Male,1,Yes,Yes,51,Yes,No,DSL,No,No,No,No,No,No,Month-to-month,No,Credit card (automatic),48.67,2474.51,No
7677-WBPIM,Male,0,No,Yes,11,Yes,No,No,No internet service,No internet service,No internet service,No internet service,No internet service,No internet service,Month-to-month,Yes,Bank transfer (automatic),25.21,260.46,No
6580-BMAZS,Male,0,No,Yes,14,Yes,Yes,Fiber optic,Yes,No,No,Yes,No,Yes,Two year,Yes,Electronic check,105.47,1483.41,No
4037-FQLAC,Female,0,Yes,Yes,20,Yes,Yes,Fiber optic,No,Yes,No,Yes,Yes,Yes,Month-to-month,Yes,Electronic check,111.74,2255.32,Yes
9772-GSDYP,Female,0,Yes,No,24,Yes,Yes,No,No internet service,No internet service,No internet service,No internet service,No internet service,No internet service,Month-to-month,Yes,Mailed check,30.85,741.74,No
3246-ETXDB,Female,0,No,No,71,Yes,Yes,Fiber optic,Yes,No,No,No,No,No,One year,Yes,Electronic check,86.03,6097.40,No
9512-QEYRW,Male,0,Yes,No,29,Yes,Yes,DSL,No,No,No,No,Yes,Yes,Month-to-month,No,Electronic check,78.13,2270.35,Yes
4175-TMTBC,Male,0,Yes,No,32,Yes,Yes,No,No internet service,No internet service,No internet service,No internet service,No internet service,No internet service,Month-to-month,No,Credit card (automatic),32.84,1034.70,No
6249-VFNDV,Female,0,Yes,No,65,Yes,Yes,DSL,No,Yes,No,No,Yes,Yes,One year,Yes,Bank transfer (automatic),81.76,5315.75,No
2663-BGCOA,Male,0,Yes,No,32,Yes,No,DSL,Yes,No,No,No,No,Yes,Month-to-month,Yes,Bank transfer (automatic),61.13,1937.26,No
1987-ONVNF,Female,0,Yes,Yes,27,Yes,Yes,DSL,No,Yes,Yes,No,No,Yes,Month-to-month,Yes,Bank transfer (automatic),80.48,2166.91,No
0132-QPHGT,Female,0,Yes,No,40,Yes,No,DSL,No,No,Yes,No,No,Yes,One year,Yes,Credit card (automatic),61.82,2495.28,No
8309-QQQDQ,Female,0,No,No,0,No,No phone service,DSL,Yes,No,No,Yes,Yes,Yes,Month-to-month,Yes,Electronic check,70.74, ,Yes
1361-HMWYV,Female,0,No,No,62,Yes,No,Fiber optic,Yes,No,No,No,No,No,Month-to-month,No,Bank transfer (automatic),77.3,4779.88,Yes
3536-ICCBA,Female,0,No,Yes,34,Yes,Yes,Fiber optic,No,No,No,Yes,Yes,No,One year,Yes,Mailed check,96.21,3275.85,No
0268-NBGQR,Male,0,No,Yes,47,Yes,Yes,Fiber optic,Yes,Yes,No,No,No,No,Month-to-month,Yes,Mailed check,91.4,4302.22,Yes
5471-APGVX,Male,0,Yes,No,38,Yes,No,DSL,No,No,Yes,No,No,No,Month-to-month,Yes,Bank transfer (automatic),52.97,2002.87,No
7175-IGRXI,Female,0,Yes,Yes,19,Yes,No,No,No internet service,No internet service,No internet service,No internet service,No internet service,No internet service,Month-to-month,Yes,Electronic check,24.13,474.82,No
6383-LDYXT,Male,0,No,No,37,Yes,No,Fiber optic,No,No,Yes,No,No,Yes,Month-to-month,No,Bank transfer (automatic),93.98,3471.75,Yes
7769-MVHWE,Female,1,No,No,22,Yes,No,No,No internet service,No internet service,No internet service,No internet service,No internet service,No internet service,Month-to-month,Yes,Mailed check,26.53,584.07,No
3178-TDURG,Male,0,No,Yes,11,Yes,No,DSL,No,Yes,No,No,No,No,Month-to-month,Yes,Electronic check,50.42,554.03,Yes
4537-HUPVP,Female,0,Yes,No,5,Yes,No,DSL,Yes,Yes,No,No,No,No,Month-to-month,No,Credit card (automatic),57.61,295.67,No
2088-CTGRL,Male,0,No,Yes,6,Yes,Yes,No,No internet service,No internet service,No internet service,No internet service,No internet service,No internet service,Two year,Yes,Electronic check,33.96,229.02,No
2570-TOABH,Female,0,No,Yes,50,Yes,Yes,DSL,No,Yes,No,Yes,No,Yes,Month-to-month,Yes,Mailed check,78.79,3930.64,No
5812-IIMFO,Female,0,Yes,No,13,No,No phone service,No,No internet service,No internet service,No internet service,No internet service,No internet service,No internet service,Two year,No,Electronic check,18.25,240.92,No
2416-ZKHFH,Female,0,No,No,15,Yes,No,Fiber optic,No,No,No,No,Yes,No,Month-to-month,Yes,Credit card (automatic),84.69,1282.50,Yes
1269-LQGVH,Female,0,Yes,Yes,22,Yes,No,No,No internet service,No internet service,No internet service,No internet service,No internet service,No internet service,One year,Yes,Bank transfer (automatic),21.12,454.31,No
6322-ODYIM,Female,0,No,Yes,17,Yes,Yes,Fiber optic,No,No,Yes,No,No,Yes,One year,Yes,Bank transfer (automatic),96.82,1642.53,No
1403-RHTPU,Male,0,Yes,Yes,6,Yes,Yes,No,No internet service,No internet service,No internet service,No internet service,No internet service,No internet service,Two year,No,Mailed check,32.32,202.87,No
3444-SWSRS,Female,0,Yes,No,67,Yes,Yes,DSL,Yes,Yes,Yes,Yes,No,Yes,One year,No,Credit card (automatic),86.71,5803.07,No
2732-JPETI,Male,0,No,No,24,Yes,Yes,Fiber optic,Yes,No,Yes,Yes,Yes,Yes,Month-to-month,No,Electronic check,120.9,2896.65,Yes
7674-TWQFO,Female,0,No,No,32,Yes,No,No,No internet service,No internet service,No internet service,No internet service,No internet service,No internet service,One year,Yes,Mailed check,23.92,736.82,No
7616-FETAR,Female,0,Yes,No,50,No,No phone service,No,No internet service,No internet service,No internet service,No internet service,No internet service,No internet service,Month-to-month,No,Electronic check,19.02,943.03,No
6924-XMHVU,Male,0,Yes,No,22,Yes,No,DSL,No,No,Yes,Yes,No,Yes,Month-to-month,Yes,Electronic check,66.86,1453.62,No
1801-MALTT,Female,0,Yes,No,49,Yes,No,DSL,No,No,No,Yes,No,No,Month-to-month,Yes,Mailed check,58.21,2852.05,No
4472-FMLSR,Female,0,No,No,20,Yes,Yes,Fiber optic,No,No,No,Yes,No,No,Month-to-month,Yes,Electronic check,85.41,1686.82,Yes
7086-LJLKD,Female,0,Yes,No,62,No,No phone service,DSL,No,No,Yes,Yes,No,No,Month-to-month,No,Bank transfer (automatic),54.75,3390.13,No
2588-TJEMI,Female,0,No,No,20,Yes,No,DSL,Yes,No,Yes,No,Yes,No,Two year,Yes,Electronic check,71.91,1439.79,No
1140-XULJB,Female,0,No,Yes,26,Yes,Yes,Fiber optic,No,No,No,No,No,Yes,Two year,Yes,Electronic check,93.84,2437.91,No
8167-VNKWK,Female,0,No,Yes,25,Yes,No,Fiber optic,No,Yes,Yes,Yes,Yes,Yes,One year,Yes,Bank transfer (automatic),108.41,2716.66,No
0360-MAKFT,Male,0,Yes,Yes,18,Yes,No,Fiber optic,No,Yes,No,No,Yes,No,Month-to-month,Yes,Electronic check,87.35,1577.78,Yes
2489-ZLJSE,Female,0,Yes,Yes,57,Yes,Yes,DSL,Yes,Yes,No,No,No,No,Month-to-month,Yes,Electronic check,69.28,3933.78,No
9489-TQJUA,Male,1,Yes,No,6,Yes,No,Fiber optic,No,Yes,No,No,No,No,Month-to-month,Yes,Bank transfer (automatic),77.92,467.33,Yes
5996-QZTYM,Female,0,Yes,No,14,Yes,Yes,DSL,No,No,No,No,Yes,No,Month-to-month,Yes,Electronic check,71.31,977.11,Yes
0874-FWTNV,Female,0,No,No,65,Yes,Yes,Fiber optic,Yes,Yes,No,Yes,No,No,Two year,Yes,Bank transfer (automatic),96.87,6294.70,No
6551-UCWDQ,Male,1,Yes,No,65,Yes,Yes,Fiber optic,Yes,No,No,Yes,No,No,Month-to-month,Yes,Credit card (automatic),91.55,5942.29,No
5567-CFZBN,Male,0,Yes,Yes,46,No,No phone service,Fiber optic,No,No,Yes,Yes,Yes,No,Month-to-month,No,Credit card (automatic),86.09,3956.61,No
8129-LLRIQ,Female,0,No,No,45,Yes,No,Fiber optic,No,No,No,No,Yes,Yes,Two year,No,Electronic check,96.16,4324.05,No
4047-HKXBH,Male,0,No,Yes,43,No,No phone service,Fiber optic,No,No,Yes,No,Yes,No,Month-to-month,No,Bank transfer (automatic),84.02,3617.55,Yes
4065-UQNNP,Female,0,Yes,Yes,8,Yes,Yes,DSL,No,Yes,Yes,No,No,Yes,Two year,Yes,Bank transfer (automatic),80.83,646.07,No
0596-ZZAYO,Female,0,No,No,70,Yes,Yes,Fiber optic,No,No,No,No,Yes,No,Month-to-month,Yes,Electronic check,92.38,6460.31,Yes
3419-MXBSO,Female,0,No,No,10,Yes,No,Fiber optic,No,Yes,No,No,No,Yes,One year,Yes,Electronic check,85.17,830.71,No
8153-WFZIY,Male,0,No,Yes,55,Yes,No,Fiber optic,No,Yes,Yes,Yes,No,Yes,Month-to-month,Yes,Electronic check,100.11,5512.44,Yes
9301-PXNZH,Male,0,No,No,3,Yes,No,No,No internet service,No internet service,No internet service,No internet service,No internet service,No internet service,Month-to-month,Yes,Mailed check,24.8,61.35,No
1306-TNHYY,Male,0,Yes,No,36,Yes,No,DSL,No,Yes,Yes,No,No,No,Month-to-month,Yes,Credit card (automatic),56.63,2022.51,No
2455-ZHFFD,Male,1,No,No,33,Yes,No,No,No internet service,No internet service,No internet service,No internet service,No internet service,No internet service,Month-to-month,Yes,Electronic check,21.04,683.15,No
6726-CHAAN,Female,0,No,No,46,Yes,No,Fiber optic,No,No,No,No,No,No,Month-to-month,Yes,Electronic check,71.63,3303.47,Yes
5983-FPUAF,Male,1,No,Yes,29,Yes,Yes,Fiber optic,No,Yes,No,No,No,Yes,Month-to-month,No,Bank transfer (automatic),97.55,2827.37,Yes
8221-DZSLB,Male,0,Yes,No,45,Yes,Yes,DSL,Yes,No,No,No,No,Yes,Two year,Yes,Mailed check,73.24,3301.68,No
0295-IKUOC,Male,0,Yes,Yes,69,Yes,No,Fiber optic,Yes,Yes,Yes,Yes,No,No,Month-to-month,No,Credit card (automatic),93.98,6473.52,No
4446-EGIUR,Female,0,Yes,Yes,32,Yes,Yes,Fiber optic,Yes,Yes,No,No,No,Yes,Two year,Yes,Mailed check,102.19,3267.55,No
4731-JSIYX,Female,0,No,Yes,49,Yes,No,No,No internet service,No internet service,No internet service,No internet service,No internet service,No internet service,Month-to-month,No,Electronic check,27.13,1348.24,No
7777-AFLYX,Female,1,No,Yes,14,Yes,No,Fiber optic,Yes,No,No,No,No,No,Month-to-month,Yes,Bank transfer (automatic),82.08,1145.76,Yes
2011-WVKRH,Male,0,No,No,19,Yes,No,Fiber optic,No,Yes,Yes,No,No,No,Month-to-month,Yes,Credit card (automatic),83.59,1577.53,Yes
8630-TDXDD,Female,0,Yes,No,39,Yes,Yes,DSL,Yes,No,Yes,Yes,Yes,No,Month-to-month,No,Bank transfer (automatic),83.68,3257.91,No
1963-FCGFC,Female,0,Yes,No,31,Yes,Yes,DSL,No,Yes,No,No,No,No,Month-to-month,No,Electronic check,61.79,1920.52,Yes
3948-FTKGR,Female,0,No,Yes,11,Yes,Yes,No,No internet service,No internet service,No internet service,No internet service,No internet service,No internet service,One year,Yes,Credit card (automatic),35.38,403.36,No
3433-MPYNK,Male,0,No,Yes,14,Yes,No,DSL,Yes,No,Yes,No,No,Yes,One year,Yes,Bank transfer (automatic),68.42,933.72,No
1577-GZKDG,Male,0,No,No,58,Yes,No,No,No internet service,No internet service,No internet service,No internet service,No internet service,No internet service,One year,Yes,Mailed check,20.22,1170.45,No
9551-XHGYX,Female,1,No,No,59,Yes,No,DSL,Yes,Yes,No,No,No,No,Month-to-month,Yes,Electronic check,56.81,3345.56,No
8851-LWSMG,Female,0,Yes,No,71,Yes,Yes,Fiber optic,Yes,No,Yes,No,No,No,Month-to-month,No,Mailed check,93.14,6609.46,Yes
8991-NMVFI,Female,0,No,No,3,Yes,Yes,Fiber optic,Yes,Yes,No,No,No,No,Two year,No,Bank transfer (automatic),95.23,276.58,No
8448-HGHVC,Female,0,No,No,26,Yes,Yes,No,No internet service,No internet service,No internet service,No internet service,No internet service,No internet service,One year,No,Credit card (automatic),28.23,724.54,No
6770-GSBNR,Female,0,Yes,Yes,57,Yes,Yes,Fiber optic,Yes,No,No,No,Yes,No,Month-to-month,Yes,Credit card (automatic),98.75,5616.43,Yes
7822-VZQVS,Male,1,No,No,52,Yes,Yes,DSL,No,No,Yes,Yes,No,No,Month-to-month,Yes,Mailed check,67.98,3526.07,No
3820-SGWKE,Female,0,Yes,No,38,Yes,Yes,Fiber optic,No,No,Yes,No,Yes,Yes,One year,Yes,Credit card (automatic),106.98,4063.09,No
0797-JLJMZ,Female,0,No,No,14,Yes,Yes,No,No internet service,No internet service,No internet service,No internet service,No internet service,No internet service,Month-to-month,No,Credit card (automatic),32.14,448.21,No
1923-QTPEC,Female,0,No,No,18,Yes,Yes,DSL,No,Yes,No,No,Yes,No,Month-to-month,No,Bank transfer (automatic),75.03,1355.46,No
9157-WQDSV,Male,0,Yes,No,13,Yes,No,DSL,No,No,No,Yes,No,Yes,Month-to-month,Yes,Credit card (automatic),62.99,820.32,No
8868-XUINW,Male,0,No,No,70,Yes,Yes,No,No internet service,No internet service,No internet service,No internet service,No internet service,No internet service,Month-to-month,Yes,Credit card (automatic),28.11,1968.65,No
4768-ZQMIO,Female,0,No,No,5,Yes,Yes,No,No internet service,No internet service,No internet service,No internet service,No internet service,No internet service,Two year,Yes,Mailed check,32.88,172.41,No
6004-XILFM,Male,1,No,No,33,Yes,No,DSL,No,No,Yes,No,No,No,Month-to-month,No,Credit card (automatic),54.1,1773.53,No
9755-DKURC,Male,0,Yes,No,24,Yes,Yes,Fiber optic,No,No,No,No,No,No,Month-to-month,Yes,Bank transfer (automatic),81.66,1953.40,Yes
2445-UFHOR,Male,0,No,Yes,40,Yes,Yes,DSL,Yes,Yes,Yes,Yes,No,No,Month-to-month,Yes,Bank transfer (automatic),74.5,2975.19,No
3540-ISRYW,Female,0,Yes,Yes,49,Yes,No,Fiber optic,No,No,No,Yes,Yes,Yes,Month-to-month,No,Electronic check,100.38,4917.39,Yes
4530-TIAZC,Female,1,Yes,No,41,Yes,Yes,DSL,Yes,No,No,Yes,No,No,Two year,No,Credit card (automatic),67.07,2758.25,No
4685-SMWNT,Female,0,Yes,No,66,Yes,No,DSL,No,Yes,No,No,No,No,One year,No,Bank transfer (automatic),53.44,3528.81,No
2663-LWNBA,Female,0,Yes,Yes,65,Yes,No,Fiber optic,No,Yes,No,No,Yes,No,Month-to-month,No,Electronic check,84.12,5478.90,Yes
1372-ZFVMI,Female,0,No,No,21,Yes,No,No,No internet service,No internet service,No internet service,No internet service,No internet service,No internet service,Month-to-month,Yes,Bank transfer (automatic),25.37,548.13,No
8385-PBZNF,Male,0,Yes,No,27,Yes,No,DSL,No,Yes,No,No,No,No,Month-to-month,Yes,Bank transfer (automatic),50.49,1358.66,No
1734-XNKXN,Male,0,Yes,Yes,0,Yes,Yes,DSL,No,No,No,Yes,Yes,No,One year,Yes,Mailed check,75.67, ,Yes
5306-HIBQT,Male,0,Yes,No,43,Yes,No,DSL,Yes,No,No,No,No,No,One year,No,Electronic check,51.71,2206.12,No
4904-FCOGF,Female,0,Yes,No,22,Yes,Yes,No,No internet service,No internet service,No internet service,No internet service,No internet service,No internet service,Month-to-month,Yes,Mailed check,33.79,755.33,No
3242-ZYIFM,Male,0,Yes,Yes,4,Yes,No,No,No internet service,No internet service,No internet service,No internet service,No internet service,No internet service,One year,Yes,Bank transfer (automatic),24.7,96.56,No
5331-ZDHMJ,Female,0,No,Yes,14,Yes,Yes,No,No internet service,No internet service,No internet service,No internet service,No internet service,No internet service,Month-to-month,No,Mailed check,30.49,424.21,No
1801-OBKNV,Female,0,No,Yes,68,Yes,No,Fiber optic,No,Yes,No,Yes,No,Yes,Month-to-month,Yes,Electronic check,94.16,6409.24,Yes
6284-EKTYX,Male,0,No,No,3,Yes,Yes,DSL,No,No,Yes,No,No,No,Month-to-month,No,Bank transfer (automatic),64.36,191.83,Yes
3318-CDNGZ,Male,0,No,Yes,43,Yes,Yes,DSL,Yes,No,No,No,No,Yes,Two year,No,Bank transfer (automatic),69.33,2980.11,No
7736-ZQVVV,Female,0,No,No,72,Yes,No,No,No internet service,No internet service,No internet service,No internet service,No internet service,No internet service,Month-to-month,No,Electronic check,22.06,1588.26,No
1744-BTYIV,Male,0,No,No,32,Yes,Yes,DSL,No,Yes,Yes,Yes,Yes,No,Two year,Yes,Mailed check,80.14,2555.03,No
8301-AHYPZ,Male,0,No,No,59,Yes,No,Fiber optic,No,Yes,No,No,No,No,Month-to-month,Yes,Mailed check,73.77,4344.44,Yes
5158-LSYRE,Male,0,Yes,No,69,No,No phone service,DSL,No,No,No,Yes,No,No,Two year,No,Credit card (automatic),47.54,3290.55,No
1698-GEOTT,Female,0,No,Yes,45,Yes,Yes,Fiber optic,Yes,No,No,No,Yes,No,Month-to-month,No,Electronic check,97.39,4393.05,Yes
9799-NZZJQ,Female,0,No,No,26,Yes,Yes,Fiber optic,No,No,No,Yes,No,Yes,Two year,Yes,Mailed check,96.59,2511.73,No
4186-PJXVI,Male,0,Yes,No,27,Yes,No,DSL,Yes,No,No,Yes,No,Yes,Two year,Yes,Electronic check,66.25,1786.48,No
5668-XQTGK,Male,0,No,No,45,Yes,Yes,Fiber optic,No,No,No,Yes,No,No,Two year,No,Bank transfer (automatic),84.73,3819.27,No
7623-LGHGF,Female,0,Yes,No,33,Yes,Yes,DSL,No,Yes,No,No,Yes,No,Month-to-month,No,Mailed check,73.0,2406.20,No
8867-VQQPV,Female,0,Yes,No,28,Yes,Yes,No,No internet service,No internet service,No internet service,No internet service,No internet service,No internet service,One year,Yes,Electronic check,34.21,959.40,No
1701-XVJBB,Female,0,No,No,54,Yes,Yes,Fiber optic,No,No,No,No,Yes,Yes,Month-to-month,Yes,Credit card (automatic),103.71,5619.17,Yes
6447-LWNYD,Female,0,Yes,Yes,56,Yes,Yes,DSL,No,No,No,No,No,No,Month-to-month,No,Credit card (automatic),54.67,3076.54,No
9312-AQGPE,Male,0,Yes,Yes,21,Yes,No,DSL,No,No,No,Yes,Yes,No,Month-to-month,Yes,Bank transfer (automatic),64.5,1342.10,No
2612-QPHRO,Female,1,No,No,14,Yes,Yes,DSL,No,Yes,Yes,No,Yes,No,One year,Yes,Electronic check,80.07,1122.67,No
6851-RYZXN,Female,0,Yes,Yes,26,Yes,No,DSL,No,No,No,No,No,No,Month-to-month,Yes,Credit card (automatic),52.75,1359.98,No
8331-NZAJT,Male,0,Yes,No,59,Yes,Yes,Fiber optic,Yes,Yes,No,No,Yes,Yes,Month-to-month,No,Electronic check,111.54,6587.99,Yes
9971-HAADG,Male,0,No,No,71,Yes,No,DSL,No,No,Yes,No,No,No,Month-to-month,No,Electronic check,54.26,3842.49,No
8416-KRYYS,Male,0,No,Yes,20,Yes,Yes,DSL,No,No,No,No,No,No,Month-to-month,No,Mailed check,61.19,1239.68,No
7320-EMTAJ,Female,0,Yes,No,71,Yes,No,DSL,No,Yes,Yes,Yes,No,No,Two year,No,Electronic check,64.2,4545.94,No
7772-FLGPI,Female,0,Yes,No,36,Yes,No,Fiber optic,No,No,Yes,Yes,No,No,Month-to-month,Yes,Mailed check,89.09,3196.63,Yes
4859-JJTPA,Male,0,No,No,23,Yes,No,Fiber optic,Yes,No,Yes,No,Yes,No,Month-to-month,Yes,Credit card (automatic),92.48,2114.01,Yes
0942-UUQNH,Female,0,Yes,Yes,47,Yes,Yes,DSL,No,No,No,Yes,Yes,No,Month-to-month,No,Electronic check,72.08,3381.50,No
4487-MQSGQ,Female,0,No,No,22,Yes,No,No,No internet service,No internet service,No internet service,No internet service,No internet service,No internet service,Month-to-month,No,Electronic check,19.34,429.38,No
0485-ZBYPV,Female,0,Yes,Yes,12,Yes,No,Fiber optic,No,No,No,Yes,Yes,No,Month-to-month,No,Bank transfer (automatic),87.9,1065.28,Yes
4425-OOPTM,Male,0,No,No,58,Yes,No,Fiber optic,Yes,No,No,No,No,Yes,Month-to-month,No,Bank transfer (automatic),88.09,5100.62,Yes
9128-KKYVJ,Male,0,Yes,Yes,4,Yes,Yes,DSL,No,Yes,Yes,No,No,No,Month-to-month,Yes,Bank transfer (automatic),68.6,282.07,Yes
9834-JVIEH,Female,0,No,No,14,Yes,No,Fiber optic,No,No,Yes,No,No,No,Month-to-month,Yes,Electronic check,79.08,1103.66,Yes
0490-ZVGNE,Female,0,Yes,No,23,Yes,No,Fiber optic,No,No,Yes,No,No,No,Two year,Yes,Credit card (automatic),77.65,1772.03,No
0594-FPKJO,Female,0,Yes,No,55,Yes,No,DSL,No,No,No,Yes,No,No,Two year,No,Bank transfer (automatic),53.63,2959.24,No
6612-LPFCB,Female,0,Yes,No,7,Yes,No,DSL,Yes,No,No,Yes,No,Yes,One year,Yes,Bank transfer (automatic),67.47,468.79,No
3498-CCVEV,Female,0,Yes,No,41,Yes,No,DSL,Yes,No,No,Yes,Yes,Yes,One year,No,Mailed check,79.16,3239.88,No
6247-TJBDR,Male,0,No,No,6,Yes,Yes,DSL,No,No,No,No,Yes,No,Month-to-month,Yes,Credit card (automatic),65.3,408.68,No
2339-IPZFY,Male,0,No,Yes,23,No,No phone service,Fiber optic,No,No,No,Yes,No,No,Month-to-month,Yes,Credit card (automatic),71.61,1654.78,No
3885-USNUO,Female,0,No,Yes,26,Yes,No,Fiber optic,No,Yes,No,No,No,Yes,Month-to-month,Yes,Electronic check,88.66,2329.75,Yes
2441-NPNIO,Male,0,No,No,2,Yes,No,Fiber optic,No,Yes,Yes,Yes,Yes,No,Month-to-month,No,Bank transfer (automatic),99.46,196.44,Yes
6543-HBHAZ,Female,0,Yes,No,47,No,No phone service,DSL,No,No,No,No,No,No,Two year,Yes,Electronic check,42.72,2010.73,No
0245-TPGGR,Female,0,Yes,Yes,21,No,No phone service,Fiber optic,Yes,No,No,No,No,Yes,Two year,No,Bank transfer (automatic),82.31,1717.58,No
1118-NEKHE,Female,0,Yes,Yes,39,Yes,No,Fiber optic,No,Yes,No,Yes,Yes,No,Two year,No,Bank transfer (automatic),92.55,3617.75,No
4053-OSVBX,Male,0,No,No,47,Yes,No,Fiber optic,Yes,No,Yes,No,No,No,Month-to-month,No,Mailed check,81.26,3813.19,Yes
0870-JYRSR,Male,0,Yes,No,48,Yes,Yes,DSL,Yes,No,Yes,No,Yes,Yes,Two year,Yes,Electronic check,87.54,4190.01,No
7191-PQGLB,Male,0,No,No,28,Yes,Yes,Fiber optic,Yes,No,Yes,Yes,No,No,One year,Yes,Mailed check,100.11,2795.62,No
9442-SMLCF,Male,1,No,No,16,Yes,No,DSL,No,Yes,No,Yes,No,No,Month-to-month,Yes,Credit card (automatic),57.79,925.20,No
3212-TFPTX,Male,0,No,No,6,Yes,Yes,Fiber optic,No,No,No,Yes,Yes,No,Month-to-month,Yes,Electronic check,97.44,610.04,Yes
2227-DABMZ,Male,0,Yes,No,42,Yes,No,DSL,No,No,No,No,No,No,Two year,No,Credit card (automatic),47.63,2001.90,No
1257-PLAIQ,Female,0,No,Yes,34,Yes,Yes,Fiber optic,Yes,No,Yes,No,Yes,No,Two year,Yes,Electronic check,106.62,3622.70,No
9126-YSXOI,Female,0,Yes,Yes,39,Yes,Yes,Fiber optic,Yes,No,No,No,Yes,Yes,One year,Yes,Bank transfer (automatic),109.74,4287.15,No
9633-DFDEI,Female,1,No,No,66,Yes,No,Fiber optic,No,Yes,Yes,No,No,No,Month-to-month,No,Mailed check,84.72,5593.46,Yes
6744-KWKMN,Female,0,No,No,5,Yes,No,Fiber optic,No,No,No,No,Yes,No,Two year,No,Electronic check,84.08,404.42,Yes
7812-LLRJG,Male,0,Yes,No,1,Yes,Yes,No,No internet service,No internet service,No internet service,No internet service,No internet service,No internet service,Month-to-month,No,Credit card (automatic),34.12,36.91,No
1113-QRCWJ,Male,0,Yes,No,38,Yes,No,No,No internet service,No internet service,No internet service,No internet service,No internet service,No internet service,Month-to-month,No,Credit card (automatic),24.74,952.98,No
0522-DTWCH,Female,1,Yes,No,32,Yes,No,DSL,No,No,No,No,No,No,Month-to-month,Yes,Mailed check,51.49,1645.40,No
7614-FPJDM,Male,0,No,No,22,Yes,Yes,Fiber optic,Yes,No,No,Yes,No,No,One year,Yes,Mailed check,93.4,2057.40,No
9486-RKQBC,Male,0,Yes,Yes,32,Yes,Yes,Fiber optic,No,No,No,No,Yes,Yes,Month-to-month,Yes,Bank transfer (automatic),103.43,3311.48,Yes
1298-TYKSA,Male,1,No,Yes,29,Yes,No,DSL,No,Yes,Yes,No,No,No,Month-to-month,No,Electronic check,60.77,1772.87,Yes
4991-DBRMS,Male,1,Yes,No,8,No,No phone service,DSL,No,Yes,No,No,Yes,No,Month-to-month,Yes,Credit card (automatic),58.31,461.61,Yes
4319-RFWJV,Male,0,No,No,70,Yes,Yes,No,No internet service,No internet service,No internet service,No internet service,No internet service,No internet service,One year,No,Credit card (automatic),35.07,2452.32,No
6052-QXDZX,Male,0,No,No,61,Yes,No,No,No internet service,No internet service,No internet service,No internet service,No internet service,No internet service,Month-to-month,Yes,Mailed check,22.3,1362.56,No
9339-DFIUL,Female,0,Yes,No,71,Yes,Yes,DSL,No,No,Yes,No,No,No,One year,Yes,Credit card (automatic),60.25,4272.27,No
9773-ZYYEF,Male,1,No,No,70,Yes,No,DSL,Yes,Yes,Yes,No,Yes,No,Month-to-month,Yes,Credit card (automatic),70.42,4921.34,No
4278-ODYIG,Male,0,No,No,24,Yes,Yes,DSL,No,No,No,No,Yes,No,Two year,Yes,Electronic check,71.45,1721.20,No
7242-GFSYQ,Female,0,Yes,Yes,46,Yes,No,Fiber optic,No,No,Yes,No,Yes,Yes,Month-to-month,Yes,Electronic check,103.68,4779.30,Yes
9296-CCRYK,Female,0,No,No,50,Yes,Yes,Fiber optic,Yes,No,No,Yes,Yes,No,One year,Yes,Electronic check,103.1,5148.76,No
3951-YOGJU,Female,0,Yes,No,27,Yes,Yes,Fiber optic,No,No,No,No,Yes,No,Month-to-month,Yes,Bank transfer (automatic),91.93,2477.62,Yes
6396-RWDTQ,Female,0,No,No,35,Yes,No,DSL,No,Yes,Yes,Yes,No,Yes,Month-to-month,No,Credit card (automatic),73.71,2579.86,No
2441-DAOYA,Female,0,Yes,No,60,Yes,Yes,Fiber optic,No,No,No,Yes,No,Yes,Month-to-month,No,Electronic check,96.67,5805.80,Yes
5620-GSMZL,Female,0,Yes,No,66,Yes,No,Fiber optic,Yes,No,Yes,Yes,No,No,Two year,No,Credit card (automatic),92.01,6069.17,No
5535-JTXIB,Female,1,Yes,No,32,Yes,Yes,Fiber optic,No,Yes,Yes,No,No,Yes,Month-to-month,Yes,Electronic check,101.47,3242.33,Yes
6884-AVOHA,Female,0,Yes,No,61,Yes,Yes,Fiber optic,No,No,No,No,No,No,Month-to-month,No,Bank transfer (automatic),80.39,4908.56,Yes
1041-PZJDA,Female,0,Yes,Yes,25,Yes,Yes,DSL,No,No,No,Yes,No,No,Month-to-month,Yes,Bank transfer (automatic),63.28,1571.52,No
6741-XQGQF,Male,0,Yes,No,63,Yes,Yes,Fiber optic,Yes,No,No,No,No,Yes,Month-to-month,Yes,Electronic check,99.38,6258.11,Yes
5411-YUUWF,Male,0,No,No,54,Yes,No,Fiber optic,No,No,No,No,No,Yes,One year,No,Electronic check,82.92,4443.83,No
1043-LSBZB,Female,0,Yes,No,5,Yes,No,Fiber optic,Yes,No,No,No,Yes,Yes,Month-to-month,Yes,Mailed check,100.82,504.81,Yes
3132-IGMLC,Female,0,Yes,No,66,Yes,Yes,DSL,No,No,No,No,Yes,Yes,Two year,No,Credit card (automatic),78.17,5159.83,No
7865-DUHCB,Female,0,No,No,13,Yes,No,No,No internet service,No internet service,No internet service,No internet service,No internet service,No internet service,Month-to-month,No,Bank transfer (automatic),22.26,291.36,No
2670-MGILN,Male,1,No,No,48,Yes,No,No,No internet service,No internet service,No internet service,No internet service,No internet service,No internet service,Month-to-month,No,Bank transfer (automatic),28.32,1337.92,No
2273-NHESD,Female,0,Yes,No,49,Yes,No,Fiber optic,Yes,No,No,No,No,Yes,Month-to-month,Yes,Electronic check,88.82,4344.68,Yes
3756-YFCOC,Male,1,Yes,No,16,Yes,Yes,Fiber optic,No,No,Yes,Yes,Yes,No,Month-to-month,Yes,Electronic check,101.69,1633.65,Yes
2910-PPJAD,Male,0,Yes,No,54,Yes,Yes,Fiber optic,Yes,No,Yes,No,No,No,Month-to-month,Yes,Mailed check,90.89,4931.12,Yes
2487-LYPME,Male,0,No,No,59,No,No phone service,Fiber optic,Yes,No,Yes,No,No,No,Two year,Yes,Electronic check,75.74,4474.38,No
7342-USUKU,Male,0,No,No,45,Yes,No,Fiber optic,No,No,No,No,No,No,Two year,Yes,Mailed check,67.09,3038.66,No
5809-NFAVB,Female,0,Yes,No,62,Yes,No,Fiber optic,No,No,No,No,No,No,One year,No,Credit card (automatic),75.52,4696.29,No
7295-FTUBZ,Female,0,No,No,47,Yes,Yes,No,No internet service,No internet service,No internet service,No internet service,No internet service,No internet service,Two year,No,Bank transfer (automatic),32.74,1541.66,No
9796-ZFWQN,Female,0,Yes,No,61,No,No phone service,Fiber optic,No,Yes,Yes,No,Yes,No,Month-to-month,No,Mailed check,89.5,5469.38,Yes
4601-ILSVG,Female,0,Yes,No,15,Yes,No,No,No internet service,No internet service,No internet service,No internet service,No internet service,No internet service,Month-to-month,No,Mailed check,23.42,369.45,No
8431-SPOEK,Female,0,No,Yes,64,Yes,Yes,Fiber optic,No,Yes,No,No,No,No,Two year,Yes,Bank transfer (automatic),83.19,5324.99,No
1303-PWONL,Male,0,Yes,Yes,47,Yes,No,DSL,No,Yes,No,No,No,No,Month-to-month,No,Credit card (automatic),52.53,2457.82,No
2975-VNQUS,Male,0,No,Yes,53,Yes,No,DSL,No,No,No,Yes,No,No,Two year,No,Credit card (automatic),52.69,2797.07,No
9076-WLJNJ,Female,0,No,No,61,Yes,No,Fiber optic,Yes,No,No,No,No,Yes,Two year,No,Bank transfer (automatic),90.85,5539.59,No
9358-ONSID,Male,0,No,Yes,5,No,No phone service,No,No internet service,No internet service,No internet service,No internet service,No internet service,No internet service,Month-to-month,Yes,Mailed check,19.9,94.78,No
4659-HXHSO,Male,0,Yes,No,32,Yes,No,Fiber optic,No,Yes,No,No,Yes,No,Month-to-month,No,Bank transfer (automatic),87.66,2805.73,Yes
9568-ZZLPD,Female,0,Yes,No,70,Yes,No,Fiber optic,No,Yes,Yes,No,No,No,Two year,Yes,Electronic check,82.93,5797.91,No
4705-ODUKE,Male,0,Yes,No,71,Yes,Yes,DSL,Yes,No,Yes,No,No,No,Month-to-month,No,Electronic check,66.49,4716.06,No
1713-MEAVR,Male,0,Yes,Yes,41,Yes,Yes,DSL,No,No,No,No,Yes,Yes,Month-to-month,Yes,Credit card (automatic),76.19,3118.18,No
4578-PVULT,Female,0,No,No,29,Yes,No,DSL,Yes,No,Yes,Yes,Yes,No,Month-to-month,No,Bank transfer (automatic),71.5,2068.98,No
1164-WMQQP,Male,0,No,Yes,6,Yes,No,Fiber optic,No,No,No,No,No,Yes,Two year,No,Electronic check,82.59,490.76,Yes
4172-QRZZW,Female,0,Yes,Yes,39,No,No phone service,No,No internet service,No internet service,No internet service,No internet service,No internet service,No internet service,Month-to-month,No,Mailed check,18.25,725.59,No
5769-MHSFW,Male,0,No,No,60,Yes,No,DSL,Yes,No,No,No,No,No,Month-to-month,Yes,Electronic check,52.44,3134.34,No
9006-MCSOE,Male,0,No,No,13,Yes,Yes,DSL,Yes,No,No,No,Yes,Yes,Month-to-month,No,Credit card (automatic),83.68,1098.66,No
5125-CEISM,Female,0,No,No,60,Yes,Yes,Fiber optic,No,No,Yes,Yes,No,No,Two year,Yes,Electronic check,92.12,5548.95,No
5445-FQKOI,Male,0,No,No,63,Yes,No,DSL,No,Yes,No,No,Yes,Yes,Month-to-month,Yes,Mailed check,74.39,4676.71,No
4076-GUAYY,Male,0,No,No,54,Yes,No,Fiber optic,No,No,No,No,Yes,No,Two year,Yes,Credit card (automatic),86.94,4694.12,No
7427-QSLWO,Female,0,Yes,No,66,Yes,No,No,No internet service,No internet service,No internet service,No internet service,No internet service,No internet service,One year,No,Electronic check,25.5,1681.88,No
3645-PGOMZ,Male,1,No,Yes,43,Yes,No,Fiber optic,Yes,No,No,No,Yes,Yes,One year,No,Credit card (automatic),95.94,4108.56,No
6666-COCGR,Male,1,No,Yes,57,Yes,No,DSL,No,Yes,No,No,Yes,No,One year,Yes,Electronic check,61.85,3530.31,No
1235-HZZGT,Female,1,Yes,No,33,Yes,Yes,DSL,Yes,No,No,Yes,No,No,Month-to-month,No,Electronic check,70.52,2330.29,No
1135-SVUUB,Female,0,Yes,Yes,56,Yes,Yes,Fiber optic,Yes,No,No,No,No,Yes,One year,No,Electronic check,94.73,5315.99,No
7416-MIIQG,Male,0,Yes,No,28,Yes,Yes,No,No internet service,No internet service,No internet service,No internet service,No internet service,No internet service,Month-to-month,No,Credit card (automatic),32.41,911.59,No
8501-DNDBH,Male,0,Yes,No,36,Yes,Yes,No,No internet service,No internet service,No internet service,No internet service,No internet service,No internet service,Month-to-month,No,Electronic check,33.09,1193.17,No
1238-JQHNU,Female,0,No,No,67,Yes,No,DSL,Yes,No,No,Yes,No,No,Two year,Yes,Credit card (automatic),57.45,3842.32,No
6747-JHIRC,Male,0,Yes,Yes,61,Yes,Yes,DSL,Yes,Yes,No,No,No,Yes,Month-to-month,Yes,Electronic check,77.55,4712.19,No
0340-HBQRE,Female,0,No,No,0,Yes,Yes,Fiber optic,Yes,Yes,No,No,No,No,Month-to-month,Yes,Credit card (automatic),93.65, ,Yes
8811-SWCQN,Male,0,No,Yes,71,Yes,No,DSL,No,No,No,No,No,No,Two year,Yes,Credit card (automatic),48.11,3421.87,No
5203-AQRZH,Female,1,No,Yes,51,Yes,Yes,DSL,No,Yes,No,No,No,Yes,Month-to-month,No,Electronic check,71.37,3655.37,Yes
1199-HLVPL,Female,0,Yes,No,56,Yes,No,DSL,No,No,No,No,No,Yes,One year,Yes,Mailed check,61.49,3429.16,No
3202-LIUVE,Female,0,No,No,56,Yes,Yes,Fiber optic,No,No,No,Yes,No,No,Two year,Yes,Electronic check,87.98,4934.06,No
0903-OSHWO,Female,1,No,No,65,Yes,No,DSL,No,No,No,No,No,Yes,Two year,Yes,Electronic check,58.74,3817.42,No
6796-JRDOK,Male,0,Yes,Yes,60,Yes,No,Fiber optic,No,No,Yes,No,No,No,Month-to-month,No,Mailed check,77.38,4633.12,Yes
5225-ANPAU,Male,1,Yes,Yes,51,Yes,No,Fiber optic,Yes,No,No,No,No,No,One year,No,Mailed check,78.07,3996.72,No
0971-PFJJE,Female,1,No,No,48,Yes,No,DSL,Yes,No,No,Yes,No,Yes,Month-to-month,No,Bank transfer (automatic),66.49,3194.52,No
9302-LTRLB,Female,0,No,No,22,Yes,Yes,No,No internet service,No internet service,No internet service,No internet service,No internet service,No internet service,One year,Yes,Electronic check,30.5,673.52,No
1091-VSZUA,Female,0,No,Yes,68,Yes,No,DSL,Yes,Yes,No,No,Yes,No,One year,Yes,Credit card (automatic),69.36,4701.32,No
7383-BSULJ,Male,0,No,No,20,Yes,Yes,Fiber optic,Yes,Yes,No,No,Yes,Yes,Month-to-month,No,Mailed check,111.18,2240.11,Yes
5636-OZCWT,Female,0,No,No,57,Yes,Yes,DSL,Yes,Yes,No,No,No,No,Month-to-month,Yes,Bank transfer (automatic),67.42,3835.93,No
7867-HRIFD,Male,0,Yes,No,8,Yes,Yes,No,No internet service,No internet service,No internet service,No internet service,No internet service,No internet service,One year,No,Mailed check,36.57,295.90,No
4946-IGITJ,Male,0,Yes,Yes,70,Yes,Yes,Fiber optic,No,Yes,Yes,Yes,No,Yes,Month-to-month,No,Electronic check,110.57,7749.80,Yes
9357-NIAQM,Female,0,Yes,No,57,Yes,Yes,Fiber optic,No,No,Yes,Yes,No,No,One year,Yes,Credit card (automatic),91.46,5216.85,No
7682-ZLUCO,Male,0,Yes,No,47,Yes,No,Fiber optic,No,No,No,Yes,No,No,Two year,No,Bank transfer (automatic),78.86,3714.94,No
4903-FBWHA,Male,0,Yes,Yes,60,Yes,Yes,DSL,Yes,No,No,No,No,No,One year,Yes,Credit card (automatic),60.15,3619.38,No
3343-IWMRQ,Female,0,Yes,Yes,36,Yes,No,Fiber optic,Yes,Yes,No,Yes,Yes,No,Month-to-month,Yes,Credit card (automatic),100.57,3643.96,No
8051-PTVEV,Male,0,No,Yes,4,Yes,No,Fiber optic,Yes,Yes,No,No,No,No,Month-to-month,Yes,Mailed check,83.18,319.82,Yes
2416-CQXXC,Female,0,Yes,No,32,Yes,No,DSL,Yes,No,Yes,No,No,No,Month-to-month,Yes,Bank transfer (automatic),60.34,1930.95,No
6872-ORJWG,Male,0,No,Yes,64,Yes,Yes,No,No internet service,No internet service,No internet service,No internet service,No internet service,No internet service,Month-to-month,No,Credit card (automatic),33.56,2163.19,No
8437-NDTNL,Female,0,No,No,6,Yes,No,Fiber optic,Yes,Yes,Yes,Yes,No,Yes,Month-to-month,Yes,Bank transfer (automatic),102.17,612.62,Yes
1036-YIZQU,Male,0,No,No,41,Yes,No,Fiber optic,Yes,No,No,No,No,Yes,Month-to-month,No,Bank transfer (automatic),87.45,3563.18,Yes
6695-PKZTC,Male,0,No,Yes,59,No,No phone service,DSL,Yes,No,No,Yes,Yes,No,Month-to-month,Yes,Electronic check,62.23,3685.98,No
8937-MQGFM,Male,0,Yes,No,3,Yes,Yes,DSL,Yes,No,Yes,No,Yes,No,Month-to-month,Yes,Electronic check,78.89,238.17,Yes
0347-DCBTJ,Female,0,No,No,3,Yes,No,Fiber optic,Yes,No,No,No,No,No,Month-to-month,Yes,Bank transfer (automatic),76.47,219.30,Yes
3946-YRUPK,Male,0,Yes,Yes,17,Yes,No,No,No internet service,No internet service,No internet service,No internet service,No internet service,No internet service,Month-to-month,No,Mailed check,23.02,393.72,No
9820-RNVUA,Male,0,No,No,49,Yes,No,DSL,No,No,No,No,Yes,Yes,Month-to-month,Yes,Bank transfer (automatic),68.24,3349.15,No
0335-VZNVA,Male,0,No,Yes,12,Yes,No,DSL,No,No,Yes,No,No,No,Month-to-month,Yes,Bank transfer (automatic),49.83,589.86,No
9866-KWBBF,Female,0,Yes,No,30,Yes,Yes,Fiber optic,No,No,No,Yes,No,Yes,Month-to-month,No,Electronic check,95.78,2872.26,Yes
6232-GGDWE,Female,0,No,Yes,41,Yes,Yes,DSL,Yes,Yes,No,No,Yes,No,Month-to-month,No,Credit card (automatic),74.65,3067.18,No
0936-MPPBR,Female,1,No,No,69,Yes,Yes,DSL,No,No,No,No,Yes,No,Two year,No,Electronic check,67.41,4641.88,No
0197-KXXOP,Male,0,No,No,10,Yes,Yes,Fiber optic,No,Yes,Yes,No,No,No,Two year,Yes,Bank transfer (automatic),92.82,935.75,No
0093-FHMBS,Male,0,Yes,No,20,Yes,No,DSL,No,Yes,Yes,Yes,Yes,No,Month-to-month,Yes,Bank transfer (automatic),74.46,1506.22,No
5931-GTXXW,Female,1,No,No,25,Yes,No,Fiber optic,Yes,No,No,No,No,No,Two year,Yes,Electronic check,76.25,1887.79,No
9836-JZOLA,Female,0,Yes,Yes,14,Yes,Yes,No,No internet service,No internet service,No internet service,No internet service,No internet service,No internet service,Two year,No,Credit card (automatic),30.33,426.58,No
3184-SDFZQ,Male,0,Yes,No,23,Yes,Yes,No,No internet service,No internet service,No internet service,No internet service,No internet service,No internet service,Two year,Yes,Electronic check,31.93,739.19,No
6766-IMTNP,Male,0,No,No,59,Yes,Yes,Fiber optic,No,No,No,No,No,No,One year,No,Electronic check,83.77,4943.96,No
6841-UTHOU,Male,0,No,No,71,Yes,No,DSL,No,No,Yes,No,No,Yes,Month-to-month,Yes,Bank transfer (automatic),66.42,4723.96,No
8829-VFDKJ,Female,0,Yes,No,34,Yes,Yes,Fiber optic,Yes,No,No,Yes,No,No,Month-to-month,No,Electronic check,93.2,3172.11,Yes
2064-NZGQX,Male,0,Yes,No,27,Yes,No,Fiber optic,No,Yes,No,No,Yes,No,Month-to-month,Yes,Electronic check,85.93,2329.83,Yes
2622-ZYRTV,Female,0,No,No,28,No,No phone service,Fiber optic,Yes,No,No,Yes,No,No,Two year,No,Electronic check,78.81,2215.01,No
2996-GECRO,Female,0,Yes,No,51,Yes,Yes,Fiber optic,Yes,Yes,Yes,No,No,No,Month-to-month,No,Electronic check,98.21,4998.57,Yes
3377-UMVHO,Female,0,Yes,Yes,61,Yes,Yes,No,No internet service,No internet service,No internet service,No internet service,No internet service,No internet service,Month-to-month,Yes,Electronic check,33.07,2002.30,No
0433-KRJQO,Female,0,Yes,Yes,55,No,No phone service,DSL,No,Yes,No,No,No,No,Month-to-month,No,Electronic check,45.32,2480.26,No
5647-IKBMD,Male,0,No,No,1,Yes,No,DSL,No,Yes,Yes,Yes,Yes,Yes,Month-to-month,Yes,Mailed check,83.79,100.39,Yes
8425-CUCFJ,Female,0,No,No,64,Yes,No,Fiber optic,Yes,No,No,No,Yes,No,One year,Yes,Mailed check,87.06,5565.23,No
4825-XGVRW,Male,0,No,Yes,62,Yes,Yes,Fiber optic,Yes,No,Yes,Yes,Yes,No,Month-to-month,Yes,Bank transfer (automatic),107.04,6637.88,No
7083-XZGNM,Female,0,Yes,Yes,59,Yes,Yes,Fiber optic,No,Yes,No,Yes,Yes,Yes,Two year,Yes,Mailed check,114.8,6782.79,No
9610-DPPRH,Female,0,No,No,65,Yes,Yes,Fiber optic,Yes,No,No,Yes,No,No,Two year,Yes,Credit card (automatic),94.16,6119.49,No
9675-ALYFM,Female,0,No,Yes,13,Yes,Yes,Fiber optic,Yes,No,Yes,Yes,No,Yes,One year,No,Credit card (automatic),105.73,1382.47,No
9007-VHXKN,Female,0,Yes,No,27,Yes,Yes,Fiber optic,Yes,Yes,No,No,No,No,One year,Yes,Mailed check,96.01,2598.92,No
7966-JDYRY,Male,0,Yes,No,43,Yes,Yes,DSL,No,No,Yes,No,No,No,One year,Yes,Credit card (automatic),65.1,2793.05,No
9213-URQJU,Male,1,No,No,59,No,No phone service,DSL,No,No,No,No,No,No,Month-to-month,No,Credit card (automatic),41.31,2425.67,No
8498-NMZFS,Male,0,Yes,Yes,20,Yes,No,Fiber optic,No,No,No,Yes,Yes,Yes,Month-to-month,No,Bank transfer (automatic),93.63,1881.52,Yes
3302-CNQMI,Male,0,No,No,33,Yes,Yes,No,No internet service,No internet service,No internet service,No internet service,No internet service,No internet service,One year,Yes,Electronic check,33.71,1117.12,No
0801-BNVWQ,Female,0,No,No,53,Yes,No,Fiber optic,No,No,Yes,Yes,Yes,Yes,Month-to-month,Yes,Mailed check,103.53,5481.54,Yes
2178-BBZIT,Male,0,No,No,38,Yes,Yes,Fiber optic,Yes,No,No,No,No,No,Month-to-month,Yes,Electronic check,86.14,3283.88,Yes
4859-LYIGL,Male,0,No,No,3,Yes,Yes,Fiber optic,No,No,No,Yes,No,No,Month-to-month,Yes,Bank transfer (automatic),91.65,273.44,Yes
9844-LXZTI,Female,0,Yes,Yes,27,Yes,No,No,No internet service,No internet service,No internet service,No internet service,No internet service,No internet service,Month-to-month,No,Electronic check,22.78,618.02,No
6623-WKULC,Female,0,No,Yes,38,Yes,No,Fiber optic,No,Yes,No,No,Yes,No,Month-to-month,Yes,Mailed check,87.93,3344.44,Yes
0659-WOBMD,Female,1,No,Yes,64,Yes,Yes,DSL,No,No,Yes,Yes,No,No,Two year,No,Credit card (automatic),68.68,4391.30,No
1760-BBDCQ,Male,0,No,Yes,44,Yes,Yes,Fiber optic,No,No,No,No,No,No,One year,Yes,Credit card (automatic),85.45,3750.99,No
1808-WBBUE,Male,0,Yes,Yes,71,Yes,No,Fiber optic,No,Yes,Yes,Yes,No,No,One year,Yes,Electronic check,88.58,6303.39,No
3992-TJTRU,Female,0,No,Yes,60,Yes,No,No,No internet service,No internet service,No internet service,No internet service,No internet service,No internet service,Two year,Yes,Mailed check,23.16,1405.51,No
4490-FKBGT,Male,0,No,No,59,Yes,No,DSL,Yes,Yes,No,No,No,No,One year,No,Electronic check,55.11,3243.48,No
4441-USDMR,Female,0,Yes,No,15,Yes,No,DSL,Yes,No,No,Yes,No,No,One year,Yes,Electronic check,57.96,867.75,No
3872-QAFST,Female,0,No,No,50,Yes,Yes,Fiber optic,No,No,No,No,Yes,No,Month-to-month,Yes,Electronic check,95.69,4791.45,Yes
0704-VORGP,Male,0,Yes,No,44,Yes,Yes,DSL,No,No,Yes,No,No,No,Two year,No,Mailed check,61.67,2717.76,No
6033-UAAGI,Female,0,No,Yes,30,Yes,Yes,No,No internet service,No internet service,No internet service,No internet service,No internet service,No internet service,Month-to-month,Yes,Electronic check,33.26,1013.65,No
0155-BIDMW,Male,0,No,No,6,Yes,No,Fiber optic,Yes,Yes,Yes,Yes,No,No,One year,Yes,Electronic check,86.83,526.45,No
5276-YPCQR,Female,1,Yes,No,50,Yes,No,Fiber optic,Yes,No,No,No,No,No,Month-to-month,No,Credit card (automatic),80.85,4045.22,Yes
0491-PSHOJ,Female,0,Yes,Yes,4,Yes,No,Fiber optic,Yes,No,No,Yes,No,No,One year,Yes,Mailed check,82.79,313.29,No
4349-VLWMI,Female,0,Yes,Yes,65,Yes,No,Fiber optic,No,No,No,No,No,Yes,One year,Yes,Bank transfer (automatic),82.67,5355.41,No
0384-XLATP,Female,0,No,No,40,Yes,Yes,No,No internet service,No internet service,No internet service,No internet service,No internet service,No internet service,Month-to-month,No,Bank transfer (automatic),34.04,1355.44,No
8003-NSGCA,Male,0,No,Yes,67,Yes,No,DSL,No,No,No,No,No,Yes,Month-to-month,Yes,Electronic check,58.59,3921.35,No
9193-QQHWN,Female,1,Yes,No,9,Yes,No,DSL,Yes,Yes,No,No,No,Yes,Two year,Yes,Electronic check,68.84,621.05,No
7352-XDCTF,Female,0,Yes,No,64,Yes,Yes,Fiber optic,No,No,No,No,No,No,One year,No,Credit card (automatic),80.67,5172.07,No
6637-WBMHY,Male,1,No,No,2,Yes,Yes,No,No internet service,No internet service,No internet service,No internet service,No internet service,No internet service,Month-to-month,No,Credit card (automatic),35.65,70.37,No
4333-FDPWW,Female,0,Yes,No,42,Yes,No,Fiber optic,No,No,No,No,No,Yes,Month-to-month,No,Mailed check,85.32,3578.30,Yes
4497-GNGVG,Male,0,No,No,44,Yes,No,No,No internet service,No internet service,No internet service,No internet service,No internet service,No internet service,Month-to-month,No,Mailed check,23.68,1048.02,No
6919-RNJGZ,Male,0,No,Yes,25,Yes,No,No,No internet service,No internet service,No internet service,No internet service,No internet service,No internet service,Two year,Yes,Electronic check,26.11,649.58,No
6640-NRMYH,Male,0,No,No,41,Yes,No,DSL,No,No,Yes,No,No,No,Month-to-month,Yes,Mailed check,53.06,2179.64,No
7905-OOYPH,Female,0,No,No,71,Yes,No,Fiber optic,No,No,No,No,No,No,Month-to-month,Yes,Electronic check,72.07,5106.81,Yes
2325-YHPOM,Male,1,No,No,29,Yes,Yes,No,No internet service,No internet service,No internet service,No internet service,No internet service,No internet service,Two year,Yes,Credit card (automatic),33.55,976.70,No
9317-HNKFX,Female,0,No,Yes,71,No,No phone service,Fiber optic,No,No,No,Yes,Yes,No,Month-to-month,Yes,Mailed check,85.41,6058.85,No
8081-MAXXD,Male,0,Yes,No,23,Yes,Yes,Fiber optic,No,No,No,Yes,Yes,No,One year,Yes,Bank transfer (automatic),97.17,2243.44,No
7614-ZTPCQ,Male,0,No,No,72,No,No phone service,No,No internet service,No internet service,No internet service,No internet service,No internet service,No internet service,Month-to-month,No,Mailed check,18.25,1311.74,No
4978-WLAAO,Male,0,Yes,No,43,Yes,No,Fiber optic,No,No,No,Yes,No,Yes,Two year,Yes,Bank transfer (automatic),85.89,3691.46,No
0103-ZILDM,Female,0,Yes,Yes,12,Yes,Yes,Fiber optic,Yes,No,No,Yes,Yes,No,Two year,No,Mailed check,102.98,1228.42,No
3686-AATDA,Male,0,No,Yes,36,Yes,No,DSL,Yes,Yes,No,No,No,Yes,Two year,No,Mailed check,68.42,2474.37,No
5914-XOCYW,Male,0,No,No,18,Yes,Yes,Fiber optic,No,No,Yes,Yes,No,No,Month-to-month,No,Mailed check,90.94,1639.83,Yes
8042-DDKGZ,Female,0,No,No,4,Yes,Yes,DSL,Yes,No,No,No,Yes,Yes,One year,Yes,Electronic check,79.02,332.41,No
7949-GSSSL,Male,0,Yes,Yes,35,Yes,Yes,DSL,No,No,No,No,Yes,No,One year,No,Bank transfer (automatic),67.26,2356.40,No
3547-NLUKE,Male,0,Yes,Yes,54,No,No phone service,Fiber optic,Yes,Yes,No,No,Yes,No,Two year,Yes,Bank transfer (automatic),88.52,4765.69,No
9146-BFWUY,Male,0,Yes,Yes,51,Yes,No,Fiber optic,Yes,Yes,No,No,No,Yes,Two year,No,Credit card (automatic),96.42,4926.15,No
3907-OHWXR,Female,1,No,No,33,Yes,Yes,Fiber optic,No,Yes,Yes,No,Yes,No,Two year,Yes,Credit card (automatic),104.57,3461.99,No
2807-XGMPE,Male,0,No,Yes,7,Yes,Yes,Fiber optic,No,Yes,Yes,No,No,Yes,Month-to-month,Yes,Electronic check,107.79,751.39,Yes
3999-NZVLA,Female,0,No,No,3,Yes,No,No,No internet service,No internet service,No internet service,No internet service,No internet service,No internet service,Two year,Yes,Credit card (automatic),22.04,54.86,No
4336-IHMNL,Female,0,No,No,71,Yes,No,Fiber optic,Yes,No,No,Yes,Yes,No,Two year,No,Bank transfer (automatic),93.94,6688.40,No
7451-PKPNC,Female,0,Yes,No,72,Yes,No,Fiber optic,No,No,No,No,No,No,Month-to-month,Yes,Mailed check,72.79,5242.95,Yes
4123-VEJTB,Male,0,No,No,40,Yes,No,DSL,Yes,No,Yes,No,No,No,Two year,No,Bank transfer (automatic),63.0,2530.57,No
4460-DUXLL,Male,1,No,Yes,40,Yes,No,Fiber optic,Yes,No,Yes,Yes,No,Yes,Two year,No,Bank transfer (automatic),99.21,3962.29,No
7049-QQRBY,Female,0,Yes,No,30,Yes,Yes,DSL,No,No,No,No,No,No,One year,Yes,Electronic check,53.3,1602.01,No
3201-FIETU,Female,0,No,No,59,Yes,No,Fiber optic,Yes,No,Yes,No,No,No,Two year,Yes,Credit card (automatic),81.77,4823.31,No
8673-HVUWF,Female,0,Yes,No,50,Yes,No,Fiber optic,Yes,Yes,No,Yes,No,No,One year,Yes,Bank transfer (automatic),85.0,4248.33,No
2486-DGEKO,Male,0,No,Yes,39,Yes,No,DSL,Yes,No,Yes,No,Yes,Yes,One year,No,Electronic check,80.62,3147.01,No
1567-FXGRV,Male,0,Yes,No,70,No,No phone service,Fiber optic,Yes,Yes,No,Yes,Yes,Yes,Month-to-month,Yes,Mailed check,101.38,7070.78,No
8536-CEAOZ,Male,1,No,No,24,No,No phone service,DSL,No,No,Yes,Yes,No,Yes,One year,No,Electronic check,63.85,1540.94,No
2788-OJBTE,Female,0,Yes,No,68,Yes,No,Fiber optic,No,No,No,No,No,No,One year,Yes,Electronic check,72.7,4952.30,No
2059-RPIAK,Female,0,Yes,Yes,60,Yes,Yes,No,No internet service,No internet service,No internet service,No internet service,No internet service,No internet service,Month-to-month,Yes,Electronic check,32.2,1926.42,No
8691-NFHRP,Female,0,No,No,17,No,No phone service,No,No internet service,No internet service,No internet service,No internet service,No internet service,No internet service,Month-to-month,Yes,Mailed check,18.25,314.95,No
4521-KVCRA,Male,0,Yes,No,70,Yes,Yes,DSL,Yes,Yes,Yes,Yes,No,Yes,Two year,No,Electronic check,87.02,6105.93,No
7045-PLLCW,Male,0,No,No,37,No,No phone service,DSL,No,Yes,Yes,Yes,No,Yes,Two year,Yes,Credit card (automatic),68.1,2515.07,No
1614-GKKNC,Male,0,Yes,Yes,63,Yes,No,No,No internet service,No internet service,No internet service,No internet service,No internet service,No internet service,One year,Yes,Credit card (automatic),22.35,1409.61,No
3028-JUOHR,Female,1,No,Yes,53,Yes,No,Fiber optic,No,No,No,No,Yes,Yes,Month-to-month,No,Electronic check,94.03,4977.88,Yes
2693-INWNK,Male,0,No,No,48,Yes,Yes,Fiber optic,No,No,No,No,No,No,Two year,Yes,Bank transfer (automatic),79.53,3802.10,No
0395-VZVEC,Male,0,No,No,44,Yes,Yes,No,No internet service,No internet service,No internet service,No internet service,No internet service,No internet service,Two year,Yes,Electronic check,30.09,1320.82,No
1282-SQRKL,Female,0,Yes,No,61,Yes,No,DSL,No,No,No,No,No,No,One year,Yes,Mailed check,49.51,3014.69,No
2175-GAFRM,Male,0,No,Yes,51,Yes,No,DSL,Yes,No,No,No,No,Yes,Month-to-month,Yes,Electronic check,60.94,3112.75,No
5262-ICWLT,Male,0,Yes,No,30,Yes,Yes,Fiber optic,Yes,Yes,No,No,Yes,Yes,One year,No,Mailed check,109.88,3308.66,No
7178-MHVJQ,Male,0,No,No,55,Yes,No,DSL,Yes,No,No,No,Yes,No,Month-to-month,Yes,Credit card (automatic),63.57,3499.42,No
6061-XBCSA,Male,0,Yes,No,72,Yes,No,Fiber optic,No,No,Yes,No,No,No,Month-to-month,No,Electronic check,77.64,5587.11,Yes
4494-NMIFF,Female,0,No,Yes,18,Yes,No,Fiber optic,No,No,No,No,No,Yes,Two year,No,Credit card (automatic),84.7,1518.51,No
2496-CRUSE,Female,0,No,No,69,Yes,No,DSL,Yes,No,No,No,Yes,No,One year,Yes,Credit card (automatic),57.75,3995.92,No
8903-ZURRA,Female,0,Yes,No,53,Yes,Yes,DSL,No,No,No,Yes,No,No,Month-to-month,No,Bank transfer (automatic),59.52,3165.17,No
7121-DASUJ,Female,0,No,Yes,27,Yes,Yes,Fiber optic,No,No,No,No,No,No,Month-to-month,Yes,Electronic check,84.04,2265.81,Yes
0353-GGVYR,Male,0,Yes,No,58,Yes,No,No,No internet service,No internet service,No internet service,No internet service,No internet service,No internet service,One year,No,Bank transfer (automatic),24.08,1399.45,No
9779-NNTVK,Female,0,No,Yes,61,Yes,Yes,Fiber optic,No,No,No,No,No,No,Two year,No,Electronic check,84.55,5161.25,No
5402-GXRCT,Female,1,Yes,No,49,Yes,No,DSL,Yes,No,No,No,No,No,Month-to-month,Yes,Mailed check,54.22,2649.79,No
4247-XBVDY,Female,0,Yes,No,37,Yes,Yes,Fiber optic,No,Yes,No,No,No,No,Two year,No,Credit card (automatic),88.12,3259.43,No
9170-FKJMA,Female,0,Yes,Yes,9,Yes,Yes,DSL,Yes,No,No,No,No,Yes,Month-to-month,Yes,Mailed check,71.79,637.95,No
1284-JJLRZ,Male,1,No,No,34,Yes,Yes,No,No internet service,No internet service,No internet service,No internet service,No internet service,No internet service,Month-to-month,No,Electronic check,29.25,1010.01,No
4402-EYZQH,Female,0,Yes,No,45,Yes,No,Fiber optic,No,No,No,No,Yes,No,Month-to-month,Yes,Bank transfer (automatic),86.88,3899.58,Yes
0850-HUGGO,Male,0,Yes,No,23,Yes,Yes,DSL,Yes,Yes,No,Yes,Yes,No,Two year,No,Credit card (automatic),81.05,1858.08,No
6578-OBGOR,Male,0,No,Yes,72,Yes,No,DSL,Yes,Yes,Yes,Yes,Yes,Yes,One year,No,Electronic check,90.34,6510.70,No
5195-RAGCN,Male,0,Yes,Yes,31,Yes,Yes,No,No internet service,No internet service,No internet service,No internet service,No internet service,No internet service,One year,No,Electronic check,31.78,985.34,No
3543-YFFRF,Female,0,Yes,No,26,Yes,Yes,DSL,No,No,No,No,Yes,No,Two year,No,Electronic check,67.52,1754.23,No
6778-ZMLSZ,Male,0,No,No,25,Yes,Yes,No,No internet service,No internet service,No internet service,No internet service,No internet service,No internet service,Two year,No,Bank transfer (automatic),31.36,796.28,No
6607-DUVSU,Female,0,No,No,43,Yes,No,No,No internet service,No internet service,No internet service,No internet service,No internet service,No internet service,One year,Yes,Credit card (automatic),23.13,998.17,No
9402-SAWAW,Female,0,No,No,16,Yes,Yes,DSL,No,No,No,No,Yes,No,Month-to-month,Yes,Mailed check,68.98,1101.75,No
3864-GYZFQ,Male,0,No,No,15,Yes,No,Fiber optic,No,Yes,No,Yes,Yes,No,Month-to-month,Yes,Electronic check,89.55,1339.00,Yes
5037-EEMZK,Male,1,Yes,No,25,Yes,Yes,Fiber optic,No,Yes,No,Yes,Yes,No,One year,Yes,Credit card (automatic),104.01,2592.48,No
7704-UHQWW,Male,0,No,Yes,55,Yes,Yes,Fiber optic,No,Yes,No,No,No,No,Month-to-month,No,Electronic check,91.29,5013.97,Yes
8123-QGZCS,Male,0,Yes,No,36,Yes,No,DSL,No,No,No,No,Yes,No,One year,Yes,Mailed check,59.03,2120.99,No
2789-NRZOZ,Male,0,Yes,No,15,Yes,No,Fiber optic,No,No,No,No,Yes,Yes,Month-to-month,Yes,Credit card (automatic),94.61,1414.82,Yes
0858-FRAXC,Male,0,Yes,No,1,Yes,No,DSL,No,Yes,No,No,No,No,Month-to-month,Yes,Credit card (automatic),52.65,45.23,Yes
0707-QYILY,Female,1,No,No,29,Yes,No,DSL,No,No,Yes,No,Yes,Yes,Month-to-month,Yes,Electronic check,71.95,2094.65,Yes
2345-YKDNN,Female,0,No,No,72,No,No phone service,Fiber optic,No,No,No,Yes,No,No,Month-to-month,Yes,Credit card (automatic),73.49,5299.70,No
5017-DJGDP,Male,0,No,No,54,Yes,Yes,Fiber optic,No,Yes,No,Yes,No,Yes,Month-to-month,Yes,Mailed check,100.82,5435.23,Yes
8837-FAGAS,Female,0,Yes,No,62,Yes,Yes,DSL,Yes,Yes,No,No,No,No,One year,Yes,Bank transfer (automatic),67.45,4192.55,No
7820-AGUMA,Female,0,No,No,63,No,No phone service,No,No internet service,No internet service,No internet service,No internet service,No internet service,No internet service,Month-to-month,No,Bank transfer (automatic),18.25,1143.69,No
5536-WLYLQ,Female,0,No,No,64,Yes,Yes,DSL,Yes,Yes,Yes,No,No,Yes,Month-to-month,Yes,Mailed check,80.71,5149.89,No
4926-TTLAA,Female,1,Yes,No,26,No,No phone service,No,No internet service,No internet service,No internet service,No internet service,No internet service,No internet service,One year,No,Credit card (automatic),20.35,518.57,No
9110-HVVZZ,Female,0,No,No,8,Yes,Yes,DSL,No,No,Yes,No,No,Yes,Month-to-month,No,Credit card (automatic),68.04,553.89,No
8435-XNAGX,Male,0,No,No,38,Yes,Yes,DSL,Yes,No,Yes,Yes,Yes,No,Month-to-month,Yes,Bank transfer (automatic),84.49,3222.53,No
8762-BOCDT,Male,0,Yes,No,34,Yes,Yes,DSL,No,No,Yes,Yes,Yes,Yes,Month-to-month,Yes,Electronic check,92.02,3123.69,No
5639-FYVNC,Female,0,Yes,Yes,32,Yes,No,Fiber optic,No,Yes,Yes,No,No,No,Month-to-month,No,Electronic check,83.5,2678.38,Yes
0994-JJCXZ,Female,0,No,No,12,Yes,Yes,Fiber optic,Yes,No,No,No,No,No,Two year,Yes,Electronic check,86.08,1030.67,No
0122-LXEXP,Male,0,Yes,Yes,52,Yes,No,No,No internet service,No internet service,No internet service,No internet service,No internet service,No internet service,One year,Yes,Bank transfer (automatic),24.23,1281.57,No
5138-DEUZH,Male,0,No,No,0,Yes,Yes,No,No internet service,No internet service,No internet service,No internet service,No internet service,No internet service,Month-to-month,Yes,Credit card (automatic),30.12, ,Yes
5965-NEPOE,Female,0,No,No,49,Yes,Yes,DSL,Yes,No,No,No,No,No,Month-to-month,No,Mailed check,61.39,2987.82,No
2694-WORYH,Male,0,No,No,70,Yes,Yes,DSL,No,No,Yes,No,Yes,No,One year,Yes,Electronic check,70.34,4928.63,No
4157-WHDSW,Male,0,Yes,No,46,No,No phone service,DSL,Yes,Yes,Yes,Yes,Yes,No,Month-to-month,No,Bank transfer (automatic),70.35,3240.05,No
1460-TORVL,Female,0,Yes,No,51,Yes,No,Fiber optic,Yes,Yes,Yes,No,No,Yes,Month-to-month,Yes,Credit card (automatic),99.76,5106.90,Yes
0620-XGBGS,Female,0,No,No,33,Yes,No,DSL,Yes,No,Yes,Yes,No,No,Month-to-month,Yes,Electronic check,62.63,2074.35,No
8746-SAARX,Male,0,Yes,Yes,6,Yes,Yes,DSL,No,Yes,No,No,No,No,One year,No,Mailed check,64.24,367.34,No
0488-RWKAS,Female,0,Yes,Yes,45,Yes,No,Fiber optic,No,No,No,No,Yes,No,One year,No,Bank transfer (automatic),83.46,3752.22,No
5891-GTBSF,Female,0,Yes,No,23,Yes,Yes,DSL,No,Yes,No,Yes,No,No,Month-to-month,No,Bank transfer (automatic),64.93,1498.32,No
9879-KITTI,Female,0,Yes,No,38,Yes,Yes,DSL,No,No,No,Yes,No,Yes,Two year,No,Credit card (automatic),72.42,2744.87,No
7170-IIMHU,Female,0,Yes,No,61,Yes,Yes,DSL,No,No,No,No,Yes,No,Month-to-month,Yes,Electronic check,66.09,4029.89,Yes
4243-QPPYZ,Male,0,Yes,No,66,Yes,No,Fiber optic,No,Yes,Yes,Yes,No,No,Two year,No,Credit card (automatic),87.04,5741.04,No
3250-UPOGB,Female,0,No,No,40,Yes,Yes,DSL,No,No,Yes,Yes,No,Yes,Two year,Yes,Credit card (automatic),77.83,3108.14,No
9851-XXQAA,Male,0,No,No,28,Yes,Yes,Fiber optic,No,No,No,No,Yes,No,Month-to-month,No,Mailed check,92.39,2584.70,Yes
3370-ZSKQY,Female,0,No,No,71,Yes,Yes,Fiber optic,No,Yes,No,Yes,Yes,No,Two year,No,Bank transfer (automatic),103.42,7342.12,No
9867-QENBP,Female,0,Yes,No,16,Yes,Yes,Fiber optic,No,Yes,No,No,Yes,No,Month-to-month,No,Bank transfer (automatic),98.26,1580.31,Yes
0260-RRDOS,Female,0,No,No,8,Yes,Yes,No,No internet service,No internet service,No internet service,No internet service,No internet service,No internet service,Month-to-month,Yes,Credit card (automatic),30.99,241.43,No
2942-KGETL,Female,1,No,No,14,Yes,No,DSL,No,Yes,No,No,Yes,No,Month-to-month,No,Mailed check,63.21,883.44,No
2310-SPKBP,Female,1,No,No,3,Yes,Yes,No,No internet service,No internet service,No internet service,No internet service,No internet service,No internet service,Month-to-month,No,Electronic check,36.48,116.79,No
0018-MEYXF,Female,0,No,No,20,Yes,No,Fiber optic,Yes,No,Yes,No,No,No,Month-to-month,No,Mailed check,81.91,1643.80,Yes
0940-WZKXX,Female,0,No,No,70,Yes,Yes,Fiber optic,No,No,No,Yes,Yes,No,Month-to-month,Yes,Electronic check,95.07,6638.32,Yes
6143-UJYOD,Female,0,Yes,No,47,Yes,Yes,DSL,Yes,No,No,No,No,Yes,Month-to-month,Yes,Credit card (automatic),72.5,3399.03,No
7715-EBLZD,Male,0,Yes,No,7,No,No phone service,Fiber optic,No,No,No,No,No,Yes,Two year,No,Electronic check,79.59,550.92,No
6089-AOLEW,Male,0,Yes,No,45,Yes,Yes,Fiber optic,No,No,No,No,No,No,Month-to-month,Yes,Mailed check,84.3,3787.52,Yes
7131-DOFVL,Male,1,Yes,No,6,Yes,No,Fiber optic,Yes,No,No,No,No,Yes,Two year,Yes,Credit card (automatic),88.74,530.38,No
1330-ORNCO,Male,0,No,No,69,Yes,No,Fiber optic,No,No,Yes,No,No,No,Month-to-month,Yes,Mailed check,81.17,5590.51,Yes
4752-VGFZV,Male,0,No,No,8,Yes,Yes,DSL,No,No,No,No,No,No,Month-to-month,No,Mailed check,60.9,461.99,No
0263-LTWYR,Female,0,No,No,47,Yes,No,Fiber optic,No,Yes,Yes,Yes,No,No,One year,Yes,Bank transfer (automatic),90.26,4232.89,No
8253-AIOVH,Female,0,Yes,No,51,Yes,Yes,DSL,No,Yes,Yes,No,Yes,No,Month-to-month,No,Electronic check,77.46,3959.39,Yes
1651-PBDTP,Female,0,No,No,28,No,No phone service,No,No internet service,No internet service,No internet service,No internet service,No internet service,No internet service,Month-to-month,No,Credit card (automatic),23.62,661.54,No
2761-CZYEB,Female,0,Yes,No,2,Yes,Yes,No,No internet service,No internet service,No internet service,No internet service,No internet service,No internet service,One year,Yes,Mailed check,31.66,58.69,No
2731-BVXWT,Male,1,Yes,Yes,30,Yes,Yes,Fiber optic,No,No,No,Yes,No,No,One year,Yes,Mailed check,89.79,2695.01,No
1838-UNOLK,Male,0,No,No,62,Yes,No,Fiber optic,No,No,No,Yes,Yes,Yes,Month-to-month,No,Mailed check,96.69,5995.48,Yes
6415-PWOKF,Male,0,No,No,23,No,No phone service,No,No internet service,No internet service,No internet service,No internet service,No internet service,No internet service,Month-to-month,Yes,Bank transfer (automatic),19.53,475.21,No
2972-EYUGK,Male,0,No,No,47,Yes,No,Fiber optic,No,No,No,No,Yes,No,Two year,Yes,Bank transfer (automatic),84.16,3963.05,No
6414-WWDAV,Female,0,Yes,No,34,Yes,No,Fiber optic,Yes,No,No,Yes,Yes,No,Two year,Yes,Mailed check,92.34,3137.42,No
2431-LWUOW,Female,0,No,No,24,No,No phone service,Fiber optic,Yes,Yes,Yes,No,Yes,No,One year,Yes,Bank transfer (automatic),88.84,2141.25,No
8348-MJPMD,Female,0,No,No,55,Yes,Yes,No,No internet service,No internet service,No internet service,No internet service,No internet service,No internet service,Month-to-month,No,Credit card (automatic),37.35,2062.68,No
4473-TMWEV,Male,0,No,No,20,Yes,No,DSL,No,Yes,Yes,No,No,Yes,Month-to-month,Yes,Credit card (automatic),71.22,1421.67,No
5594-MEYMX,Male,0,No,No,14,Yes,No,No,No internet service,No internet service,No internet service,No internet service,No internet service,No internet service,Month-to-month,No,Mailed check,25.98,372.70,No
3678-USTOZ,Female,0,Yes,Yes,72,Yes,Yes,Fiber optic,No,Yes,No,No,Yes,No,Month-to-month,Yes,Credit card (automatic),95.09,6858.70,Yes
5948-KSBFW,Female,1,No,Yes,2,Yes,Yes,Fiber optic,Yes,Yes,No,Yes,No,Yes,Two year,No,Mailed check,109.99,217.39,No
4022-NTZVE,Female,0,No,No,9,Yes,No,No,No internet service,No internet service,No internet service,No internet service,No internet service,No internet service,Two year,No,Electronic check,22.71,192.44,No
0580-HHSIK,Male,0,Yes,Yes,49,Yes,No,Fiber optic,No,No,No,Yes,No,No,One year,Yes,Electronic check,77.16,3788.56,No
7294-SEPIT,Male,0,Yes,No,12,Yes,Yes,Fiber optic,No,Yes,No,Yes,No,Yes,Month-to-month,No,Electronic check,101.35,1214.29,Yes
5224-HNXCX,Female,0,Yes,No,43,Yes,Yes,Fiber optic,No,No,Yes,No,No,No,Month-to-month,No,Bank transfer (automatic),90.91,3911.46,Yes
7299-RZRYG,Male,0,Yes,No,0,Yes,No,No,No internet service,No internet service,No internet service,No internet service,No internet service,No internet service,Two year,No,Bank transfer (automatic),23.64, ,No
5670-XSCFD,Female,0,Yes,Yes,46,Yes,Yes,Fiber optic,No,No,No,No,No,Yes,Month-to-month,No,Electronic check,93.03,4286.44,Yes
3398-HSQQA,Female,1,No,No,54,Yes,No,DSL,No,No,Yes,No,Yes,Yes,Month-to-month,No,Mailed check,73.74,3996.62,No
3532-XHVYJ,Female,0,Yes,No,32,Yes,No,Fiber optic,Yes,Yes,Yes,No,Yes,No,Two year,No,Electronic check,98.4,3144.75,No
0750-TUGXI,Male,0,Yes,Yes,71,Yes,Yes,No,No internet service,No internet service,No internet service,No internet service,No internet service,No internet service,Two year,No,Mailed check,35.01,2482.09,No
5983-XCDJD,Male,1,No,No,15,Yes,Yes,Fiber optic,Yes,No,No,Yes,No,Yes,One year,Yes,Electronic check,98.84,1486.30,No
5850-EIEFS,Male,0,No,No,47,Yes,Yes,DSL,Yes,No,No,No,No,Yes,Month-to-month,No,Mailed check,72.19,3379.81,No
7933-KLEJY,Male,0,No,Yes,34,Yes,No,Fiber optic,No,Yes,Yes,No,No,Yes,Month-to-month,No,Credit card (automatic),90.22,3063.29,Yes
7648-IJJBD,Male,0,No,No,50,Yes,No,Fiber optic,Yes,Yes,No,Yes,Yes,No,Two year,Yes,Electronic check,98.5,4932.54,No
7047-RRMHZ,Female,0,Yes,No,59,Yes,No,Fiber optic,Yes,No,No,No,No,No,Month-to-month,No,Credit card (automatic),74.86,4417.44,Yes
8674-ATRCL,Female,0,Yes,No,43,Yes,No,DSL,No,Yes,Yes,No,Yes,No,One year,Yes,Mailed check,65.54,2828.77,No
2893-BSCNG,Male,0,No,No,47,Yes,No,DSL,No,Yes,Yes,No,No,Yes,Two year,No,Electronic check,68.64,3220.92,No
7535-KQJXQ,Male,0,Yes,Yes,0,Yes,No,Fiber optic,No,Yes,No,Yes,No,No,Month-to-month,Yes,Bank transfer (automatic),82.41, ,Yes
4158-EDBLC,Female,0,No,Yes,34,Yes,Yes,DSL,Yes,Yes,No,Yes,No,Yes,Month-to-month,Yes,Credit card (automatic),83.71,2859.74,No
5774-UZNCP,Male,0,Yes,No,9,Yes,No,DSL,No,Yes,No,Yes,Yes,Yes,Month-to-month,Yes,Mailed check,75.6,680.95,No
6503-VVNOL,Male,1,Yes,No,11,Yes,No,No,No internet service,No internet service,No internet service,No internet service,No internet service,No internet service,Month-to-month,Yes,Credit card (automatic),22.52,246.24,No
2595-YIBDI,Male,0,Yes,No,34,No,No phone service,No,No internet service,No internet service,No internet service,No internet service,No internet service,No internet service,Month-to-month,No,Bank transfer (automatic),18.25,629.52,No
3792-SYPKJ,Male,0,Yes,No,38,Yes,Yes,No,No internet service,No internet service,No internet service,No internet service,No internet service,No internet service,Month-to-month,No,Electronic check,30.26,1136.72,No
7091-CKRCH,Female,0,Yes,No,44,Yes,Yes,No,No internet service,No internet service,No internet service,No internet service,No internet service,No internet service,Month-to-month,Yes,Credit card (automatic),31.6,1385.61,No
5699-VQSQL,Male,0,Yes,Yes,27,Yes,No,No,No internet service,No internet service,No internet service,No internet service,No internet service,No internet service,One year,No,Electronic check,23.35,633.47,No
9884-DLPIY,Female,0,No,Yes,23,Yes,No,No,No internet service,No internet service,No internet service,No internet service,No internet service,No internet service,One year,No,Mailed check,22.27,517.03,No
2429-RQJBX,Male,1,No,No,19,Yes,No,Fiber optic,Yes,No,Yes,No,Yes,No,Month-to-month,Yes,Credit card (automatic),91.31,1712.07,Yes
7266-BISBS,Male,1,No,No,10,Yes,No,DSL,No,No,No,Yes,No,Yes,Month-to-month,Yes,Electronic check,63.46,626.57,No
1742-EKXGF,Female,0,No,No,27,Yes,No,Fiber optic,No,No,No,No,No,Yes,Two year,No,Electronic check,81.99,2212.99,No
0900-NJHHN,Female,1,No,No,19,Yes,Yes,Fiber optic,No,Yes,No,Yes,Yes,No,Month-to-month,Yes,Mailed check,103.57,1966.85,Yes
6530-OYOAT,Male,1,Yes,Yes,68,No,No phone service,Fiber optic,No,Yes,Yes,No,Yes,No,Month-to-month,Yes,Credit card (automatic),89.1,6064.93,Yes
2644-DQUTN,Female,0,No,No,62,Yes,Yes,Fiber optic,Yes,No,Yes,Yes,No,No,One year,No,Mailed check,99.2,6146.94,No
9717-ADSEE,Female,0,Yes,No,57,Yes,Yes,Fiber optic,No,Yes,Yes,No,No,No,Month-to-month,No,Electronic check,93.25,5305.00,Yes
4372-LTAGQ,Female,0,No,Yes,39,Yes,No,No,No internet service,No internet service,No internet service,No internet service,No internet service,No internet service,One year,Yes,Mailed check,22.63,888.02,No
1602-VFVKR,Male,0,Yes,No,6,Yes,No,Fiber optic,Yes,No,Yes,Yes,No,Yes,Month-to-month,No,Credit card (automatic),97.91,576.48,No
1594-WWUXZ,Male,0,No,No,36,No,No phone service,Fiber optic,Yes,No,Yes,Yes,No,No,Month-to-month,No,Electronic check,85.64,3077.83,No
5436-DUUAO,Male,0,No,No,28,Yes,Yes,Fiber optic,No,Yes,No,Yes,No,No,Month-to-month,Yes,Credit card (automatic),91.61,2557.10,Yes
0221-BFMQF,Male,0,Yes,Yes,35,Yes,Yes,No,No internet service,No internet service,No internet service,No internet service,No internet service,No internet service,Two year,Yes,Electronic check,35.73,1245.72,No
4546-AMSVA,Female,0,No,Yes,34,Yes,Yes,Fiber optic,No,No,Yes,Yes,No,No,Month-to-month,Yes,Electronic check,91.99,3110.11,Yes
6329-YAHQM,Male,0,No,No,21,Yes,No,Fiber optic,Yes,Yes,Yes,Yes,No,Yes,Two year,Yes,Electronic check,103.96,2178.78,No
4975-WXFVF,Male,0,No,No,17,Yes,No,Fiber optic,No,Yes,Yes,Yes,Yes,No,Two year,No,Electronic check,98.4,1681.70,No
4716-DQECD,Male,0,No,No,56,Yes,No,DSL,No,Yes,No,Yes,No,Yes,Month-to-month,No,Credit card (automatic),69.36,3882.01,No
6430-FJVWP,Female,0,No,No,33,Yes,Yes,Fiber optic,No,No,Yes,No,No,Yes,Month-to-month,Yes,Credit card (automatic),92.38,3025.62,Yes
0389-VRTFD,Female,0,Yes,No,72,Yes,Yes,DSL,No,Yes,No,No,Yes,Yes,Month-to-month,No,Electronic check,84.12,6041.72,Yes
9625-MLTCC,Male,0,Yes,No,8,Yes,No,DSL,Yes,Yes,No,Yes,No,No,One year,Yes,Electronic check,62.64,490.13,No
1290-OSIDO,Female,0,Yes,No,50,Yes,Yes,Fiber optic,No,Yes,Yes,No,No,Yes,Month-to-month,Yes,Mailed check,104.26,5210.52,Yes
2704-AGURL,Female,0,Yes,No,27,Yes,Yes,DSL,Yes,No,Yes,No,No,No,Two year,No,Electronic check,68.58,1834.47,No
0602-KFFOG,Male,0,Yes,No,24,Yes,No,DSL,No,No,Yes,Yes,No,No,Two year,Yes,Bank transfer (automatic),59.85,1441.01,No
0615-XUZSH,Female,1,No,No,51,Yes,Yes,Fiber optic,No,Yes,No,No,No,No,Month-to-month,No,Credit card (automatic),86.03,4403.38,Yes
7374-KUCWN,Female,0,Yes,No,25,Yes,No,Fiber optic,No,Yes,Yes,No,Yes,Yes,Month-to-month,Yes,Mailed check,99.36,2494.94,Yes
8800-ZLKUA,Male,0,Yes,Yes,18,Yes,No,Fiber optic,No,Yes,Yes,Yes,No,Yes,Two year,Yes,Electronic check,94.76,1711.52,No
3011-PDHBN,Male,0,No,Yes,67,Yes,Yes,Fiber optic,Yes,Yes,No,Yes,No,Yes,Month-to-month,Yes,Electronic check,106.99,7177.30,Yes
8810-ZJIBX,Female,0,Yes,Yes,48,Yes,Yes,No,No internet service,No internet service,No internet service,No internet service,No internet service,No internet service,Month-to-month,Yes,Mailed check,31.38,1519.65,No
2009-RWFPR,Male,0,Yes,No,25,Yes,Yes,DSL,No,No,No,No,No,No,One year,No,Credit card (automatic),59.02,1481.27,No
3102-OTJUE,Female,0,Yes,No,44,Yes,No,DSL,Yes,Yes,Yes,No,Yes,Yes,Month-to-month,No,Credit card (automatic),85.45,3747.36,No
6978-LGEYX,Female,0,Yes,Yes,66,No,No phone service,Fiber optic,Yes,No,Yes,No,Yes,No,One year,Yes,Mailed check,89.44,5915.87,No
9897-VTYPL,Male,0,No,No,6,Yes,Yes,Fiber optic,No,No,No,Yes,Yes,Yes,Month-to-month,Yes,Bank transfer (automatic),106.81,643.93,Yes
8998-ZCSKF,Female,0,No,No,9,No,No phone service,DSL,No,Yes,No,No,Yes,No,Month-to-month,Yes,Electronic check,57.8,515.52,Yes
5544-BWLTN,Female,0,Yes,No,67,Yes,Yes,Fiber optic,Yes,No,No,No,No,No,Month-to-month,Yes,Electronic check,89.18,5979.65,Yes
2733-XQYNW,Female,0,Yes,No,6,Yes,Yes,Fiber optic,Yes,Yes,No,Yes,No,No,Month-to-month,Yes,Mailed check,100.72,600.74,No
1574-VLJHF,Male,0,Yes,Yes,21,Yes,No,Fiber optic,Yes,No,No,No,No,Yes,One year,No,Electronic check,90.13,1887.98,No
8885-LOLIS,Female,0,No,No,52,Yes,Yes,Fiber optic,Yes,No,Yes,Yes,No,No,Two year,Yes,Electronic check,100.14,5225.54,No
4173-FFULL,Female,1,No,No,28,Yes,No,DSL,No,Yes,No,No,No,No,One year,Yes,Electronic check,53.81,1487.66,No
0697-QJWTF,Female,0,Yes,Yes,10,Yes,No,DSL,Yes,Yes,No,No,No,No,Month-to-month,No,Electronic check,60.25,600.77,No
8474-RTNBW,Male,0,No,No,62,Yes,Yes,Fiber optic,Yes,Yes,Yes,No,No,No,Two year,Yes,Bank transfer (automatic),99.6,6166.19,No
6260-AIVNP,Male,0,Yes,No,60,Yes,Yes,No,No internet service,No internet service,No internet service,No internet service,No internet service,No internet service,Month-to-month,Yes,Credit card (automatic),29.89,1784.55,No
4550-UYDCQ,Male,0,No,No,55,Yes,Yes,Fiber optic,Yes,Yes,No,Yes,No,No,Two year,Yes,Credit card (automatic),98.63,5411.00,No
1236-VHYOF,Female,0,Yes,Yes,56,Yes,No,Fiber optic,No,No,Yes,No,Yes,No,Month-to-month,Yes,Credit card (automatic),86.3,4831.07,Yes
6318-YOTLC,Male,1,Yes,No,5,No,No phone service,No,No internet service,No internet service,No internet service,No internet service,No internet service,No internet service,Month-to-month,Yes,Credit card (automatic),18.25,99.33,No
9520-TABSX,Male,0,No,No,36,Yes,Yes,Fiber optic,Yes,Yes,Yes,No,No,Yes,Month-to-month,No,Mailed check,108.31,3904.35,Yes
9339-IGPRC,Female,0,Yes,No,12,Yes,Yes,DSL,No,No,Yes,Yes,Yes,Yes,Month-to-month,Yes,Mailed check,87.99,1057.60,No
3397-ZZVPC,Male,0,No,Yes,46,Yes,No,DSL,No,No,Yes,No,No,Yes,Month-to-month,Yes,Electronic check,62.54,2873.88,Yes
8978-OUCDM,Female,0,No,No,71,Yes,No,DSL,Yes,Yes,No,No,No,No,One year,Yes,Electronic check,55.44,3927.80,No
4882-GPVTE,Female,0,Yes,No,63,No,No phone service,DSL,Yes,Yes,No,Yes,No,No,Month-to-month,Yes,Credit card (automatic),57.68,3633.97,No
9163-RKVLR,Female,0,Yes,Yes,43,Yes,No,DSL,Yes,Yes,Yes,No,No,No,One year,No,Bank transfer (automatic),60.62,2613.46,No
9160-WJUAF,Female,1,Yes,Yes,47,Yes,No,DSL,Yes,Yes,No,No,Yes,No,Month-to-month,Yes,Electronic check,68.62,3221.67,No
6086-QCPET,Female,0,Yes,No,17,Yes,Yes,Fiber optic,Yes,No,Yes,No,Yes,Yes,Month-to-month,No,Bank transfer (automatic),112.94,1912.72,Yes
1036-KTIHH,Male,1,No,Yes,44,Yes,No,DSL,No,No,No,No,No,No,Two year,Yes,Electronic check,49.25,2182.56,No
4081-FJNUZ,Female,0,Yes,No,31,Yes,No,Fiber optic,No,Yes,Yes,No,No,No,One year,Yes,Mailed check,81.01,2501.31,No
7255-ZSLLO,Female,0,No,No,23,Yes,No,DSL,No,No,No,Yes,No,No,Month-to-month,Yes,Credit card (automatic),55.37,1282.39,No
6348-VPZMD,Female,0,No,No,49,Yes,Yes,DSL,No,Yes,No,Yes,No,No,One year,Yes,Electronic check,68.41,3341.21,No
7894-ROOFK,Female,0,Yes,No,58,Yes,No,DSL,Yes,No,Yes,No,No,No,Month-to-month,Yes,Mailed check,64.77,3750.20,No
7407-YQXZR,Female,1,No,No,2,Yes,Yes,Fiber optic,No,Yes,No,Yes,Yes,Yes,Month-to-month,Yes,Electronic check,111.29,231.95,Yes
3119-CHTGL,Female,0,No,No,66,Yes,Yes,Fiber optic,Yes,No,No,Yes,No,No,Two year,Yes,Mailed check,96.28,6357.02,No
9292-RVFQW,Female,0,Yes,No,13,Yes,Yes,Fiber optic,Yes,No,Yes,No,Yes,Yes,Two year,No,Bank transfer (automatic),111.47,1445.59,No
3271-IMHPX,Male,1,No,Yes,72,Yes,Yes,Fiber optic,Yes,No,Yes,No,No,No,Month-to-month,Yes,Electronic check,95.08,6861.26,Yes
2311-TVUOQ,Male,0,No,No,15,No,No phone service,No,No internet service,No internet service,No internet service,No internet service,No internet service,No internet service,One year,No,Bank transfer (automatic),19.01,273.33,No
9052-SGMMQ,Male,0,No,No,68,Yes,Yes,Fiber optic,Yes,No,No,No,Yes,Yes,Month-to-month,No,Bank transfer (automatic),105.01,7146.07,Yes
0927-APJMD,Female,0,Yes,No,61,Yes,Yes,Fiber optic,No,Yes,No,No,No,No,Two year,No,Credit card (automatic),87.43,5345.70,No
8397-WCWGJ,Male,0,No,No,58,Yes,Yes,Fiber optic,No,Yes,Yes,No,Yes,No,Month-to-month,Yes,Mailed check,104.9,6084.59,Yes
2180-GTROR,Male,0,No,Yes,20,Yes,No,DSL,No,No,No,No,No,No,Two year,No,Electronic check,47.58,952.82,No
7664-ZHBBE,Female,0,Yes,No,39,Yes,Yes,Fiber optic,No,Yes,No,No,No,No,Month-to-month,Yes,Bank transfer (automatic),89.99,3511.88,Yes
0535-WMSKM,Male,0,No,Yes,60,Yes,No,Fiber optic,No,No,Yes,No,No,No,Month-to-month,No,Mailed check,79.13,4733.00,Yes
7605-GPOTB,Female,0,No,No,50,Yes,Yes,Fiber optic,Yes,Yes,Yes,No,No,No,Two year,Yes,Electronic check,100.19,5002.61,No
9860-XOCDL,Female,0,No,No,72,Yes,Yes,Fiber optic,No,No,Yes,No,No,No,Month-to-month,Yes,Bank transfer (automatic),89.04,6422.22,Yes
4059-VRJFX,Female,0,No,No,72,Yes,No,No,No internet service,No internet service,No internet service,No internet service,No internet service,No internet service,One year,No,Electronic check,21.13,1513.25,No
5338-PVXHG,Female,0,Yes,No,9,Yes,Yes,No,No internet service,No internet service,No internet service,No internet service,No internet service,No internet service,Month-to-month,Yes,Electronic check,33.14,294.22,No
2904-MOZZB,Male,0,Yes,Yes,40,Yes,Yes,Fiber optic,No,No,Yes,No,Yes,No,Month-to-month,No,Bank transfer (automatic),98.38,3922.54,Yes
9162-XYXVE,Female,0,No,Yes,11,No,No phone service,Fiber optic,Yes,No,No,Yes,No,Yes,Two year,Yes,Bank transfer (automatic),88.01,960.79,No
2264-LNFVI,Male,0,Yes,Yes,63,Yes,Yes,Fiber optic,Yes,No,No,No,Yes,No,Month-to-month,No,Bank transfer (automatic),96.52,6086.78,Yes
0794-VVQCF,Male,0,No,Yes,38,Yes,No,Fiber optic,No,No,No,No,No,No,Month-to-month,No,Credit card (automatic),72.52,2741.96,Yes
8550-YPTOB,Female,1,Yes,No,63,Yes,No,Fiber optic,No,No,No,No,No,No,Two year,Yes,Electronic check,74.18,4655.54,No
0224-QWQTF,Male,0,Yes,Yes,70,Yes,Yes,DSL,No,Yes,Yes,No,No,No,One year,No,Electronic check,68.09,4776.13,No
0696-STVKW,Female,0,No,No,0,No,No phone service,No,No internet service,No internet service,No internet service,No internet service,No internet service,No internet service,One year,Yes,Credit card (automatic),18.25, ,No
3988-IPLJF,Female,0,No,No,13,Yes,No,DSL,No,Yes,Yes,Yes,Yes,No,Month-to-month,No,Mailed check,75.59,982.70,No
1138-SFBOQ,Female,1,Yes,No,44,Yes,Yes,Fiber optic,Yes,No,No,Yes,No,No,Month-to-month,Yes,Credit card (automatic),92.11,4041.19,No
4799-RJIXS,Male,0,No,No,20,Yes,Yes,Fiber optic,Yes,Yes,No,Yes,No,No,Month-to-month,No,Bank transfer (automatic),94.74,1900.00,No
0372-JLRWT,Female,0,No,No,44,Yes,No,DSL,Yes,No,No,Yes,No,No,Month-to-month,Yes,Bank transfer (automatic),58.0,2540.86,No
5419-BIJBH,Male,0,No,No,71,Yes,Yes,DSL,No,No,No,No,No,Yes,One year,Yes,Electronic check,66.77,4738.47,No
7003-RLQIS,Male,0,No,No,61,No,No phone service,No,No internet service,No internet service,No internet service,No internet service,No internet service,No internet service,Two year,Yes,Credit card (automatic),18.25,1104.69,No
0174-GVPPQ,Female,1,Yes,No,44,Yes,Yes,Fiber optic,No,Yes,No,Yes,No,No,Month-to-month,Yes,Mailed check,93.35,4088.97,Yes
5637-HWKOR,Female,0,Yes,No,53,Yes,No,DSL,No,No,No,No,Yes,No,Two year,Yes,Credit card (automatic),60.78,3231.95,No
5565-RXTIH,Male,0,Yes,Yes,1,Yes,Yes,Fiber optic,Yes,Yes,No,No,No,No,Month-to-month,No,Electronic check,93.93,86.62,Yes
2271-YDFCC,Male,0,No,No,12,Yes,No,DSL,No,No,Yes,No,No,Yes,Month-to-month,Yes,Bank transfer (automatic),60.27,737.35,No
2917-IOXZC,Female,0,Yes,No,28,Yes,No,Fiber optic,No,No,No,No,No,No,Month-to-month,Yes,Credit card (automatic),72.47,2030.23,Yes
6913-MFUMY,Female,0,No,No,27,Yes,Yes,Fiber optic,No,Yes,Yes,No,No,Yes,Month-to-month,No,Credit card (automatic),102.15,2752.80,Yes
9343-NMNHP,Female,0,Yes,Yes,7,Yes,Yes,No,No internet service,No internet service,No internet service,No internet service,No internet service,No internet service,Two year,Yes,Credit card (automatic),34.05,227.39,No
7205-BRSHC,Female,0,No,No,34,Yes,No,Fiber optic,No,No,No,No,Yes,No,Month-to-month,Yes,Credit card (automatic),79.15,2691.52,Yes
6998-HQWWX,Female,0,Yes,No,23,Yes,No,Fiber optic,No,No,No,No,No,Yes,Month-to-month,Yes,Credit card (automatic),84.17,1940.90,Yes
9498-YXFVQ,Male,0,No,Yes,6,No,No phone service,DSL,Yes,No,Yes,No,Yes,No,Month-to-month,Yes,Electronic check,61.15,376.59,No
5331-KDUUP,Male,0,No,No,27,Yes,No,No,No internet service,No internet service,No internet service,No internet service,No internet service,No internet service,Month-to-month,Yes,Mailed check,21.86,596.17,No
4309-XSBIW,Male,0,No,No,62,Yes,Yes,Fiber optic,Yes,Yes,No,Yes,Yes,Yes,Two year,No,Mailed check,119.84,7427.57,No
8189-IKYZZ,Female,0,No,No,5,Yes,No,DSL,Yes,No,Yes,No,Yes,Yes,Month-to-month,Yes,Bank transfer (automatic),78.67,398.65,No
3925-CICRH,Female,0,No,No,10,Yes,Yes,DSL,No,No,No,Yes,No,No,Month-to-month,Yes,Bank transfer (automatic),64.08,636.82,No
5762-HJQAM,Female,0,No,Yes,37,Yes,No,Fiber optic,No,No,Yes,No,No,No,One year,No,Bank transfer (automatic),79.94,2972.79,No
9789-FEBKI,Female,0,Yes,Yes,65,Yes,Yes,Fiber optic,No,No,Yes,No,Yes,No,Month-to-month,No,Electronic check,97.44,6330.22,Yes
5788-HLZHC,Male,0,Yes,Yes,62,Yes,Yes,DSL,Yes,Yes,Yes,Yes,No,No,Month-to-month,Yes,Electronic check,76.01,4717.98,No
2103-RNBMU,Male,0,No,No,31,Yes,No,DSL,No,No,Yes,No,No,Yes,Month-to-month,No,Electronic check,63.52,1946.95,Yes
3083-EGRXK,Male,0,No,No,25,Yes,No,Fiber optic,No,No,No,No,Yes,No,Month-to-month,Yes,Credit card (automatic),84.65,2121.16,Yes
1941-BTDMX,Male,0,No,No,31,Yes,No,No,No internet service,No internet service,No internet service,No internet service,No internet service,No internet service,One year,Yes,Mailed check,23.13,720.87,No
5976-ZDBIR,Female,0,No,Yes,34,Yes,Yes,No,No internet service,No internet service,No internet service,No internet service,No internet service,No internet service,Two year,Yes,Mailed check,35.65,1231.44,No
0798-QWBFE,Male,0,No,No,1,Yes,Yes,Fiber optic,No,No,No,Yes,Yes,Yes,Month-to-month,No,Credit card (automatic),107.35,103.00,Yes
0119-JFLQM,Female,0,No,Yes,2,Yes,Yes,DSL,No,No,No,No,Yes,No,One year,Yes,Credit card (automatic),67.59,151.54,No
3941-BWGFA,Male,0,No,No,32,Yes,No,No,No internet service,No internet service,No internet service,No internet service,No internet service,No internet service,One year,Yes,Electronic check,20.72,663.47,No
2890-RHGIJ,Male,1,No,No,6,Yes,Yes,DSL,Yes,Yes,No,Yes,Yes,Yes,Two year,No,Credit card (automatic),91.11,561.90,No
3360-ZLYBO,Female,0,Yes,No,47,Yes,No,No,No internet service,No internet service,No internet service,No internet service,No internet service,No internet service,Two year,Yes,Mailed check,23.43,1104.59,No
0652-AUZND,Female,0,Yes,Yes,22,Yes,Yes,Fiber optic,No,No,No,Yes,No,No,One year,Yes,Bank transfer (automatic),85.44,1874.07,No
4004-FEBYU,Female,1,Yes,No,8,No,No phone service,Fiber optic,No,Yes,Yes,No,Yes,No,Two year,Yes,Mailed check,87.88,717.26,No
4982-UOMLE,Female,0,No,No,66,Yes,Yes,DSL,No,Yes,No,No,Yes,Yes,Two year,Yes,Credit card (automatic),82.92,5469.21,No
1314-JMLBZ,Male,0,Yes,Yes,47,Yes,Yes,DSL,No,Yes,No,Yes,No,No,Month-to-month,No,Bank transfer (automatic),69.17,3247.39,No
8957-YOMHU,Female,0,No,No,34,Yes,No,Fiber optic,No,No,No,No,No,No,One year,Yes,Mailed check,74.92,2549.94,No
4507-RVIMC,Male,0,No,No,61,Yes,Yes,DSL,No,No,No,Yes,No,No,One year,Yes,Bank transfer (automatic),64.0,3904.29,No
1948-FHXGU,Male,0,No,No,23,Yes,Yes,Fiber optic,No,No,No,Yes,Yes,No,One year,Yes,Credit card (automatic),102.33,2359.11,No
1994-LGGKM,Male,0,No,Yes,69,Yes,No,Fiber optic,No,No,Yes,No,Yes,No,Two year,Yes,Electronic check,88.23,6090.42,No
1656-KHTAH,Male,1,Yes,Yes,2,Yes,Yes,Fiber optic,Yes,No,No,No,No,No,Month-to-month,No,Electronic check,91.48,188.64,Yes
7224-CONUO,Female,0,Yes,No,5,Yes,No,Fiber optic,No,Yes,No,No,Yes,Yes,Month-to-month,No,Electronic check,93.18,471.43,Yes
7011-LPDYB,Female,0,Yes,No,35,Yes,Yes,DSL,No,No,Yes,Yes,Yes,No,Month-to-month,No,Electronic check,78.71,2742.53,No
8697-AUYDR,Male,1,No,No,52,Yes,Yes,DSL,No,Yes,Yes,No,No,No,Month-to-month,No,Mailed check,67.23,3476.15,No
5127-PSRFN,Male,0,Yes,No,3,Yes,Yes,Fiber optic,Yes,No,No,No,No,No,Month-to-month,No,Mailed check,88.69,268.86,Yes
2025-SIGNE,Female,0,Yes,No,9,Yes,No,Fiber optic,No,No,Yes,No,Yes,No,Month-to-month,Yes,Mailed check,88.65,790.94,Yes
1846-IDYQL,Female,0,No,No,48,Yes,No,Fiber optic,No,No,Yes,No,No,Yes,One year,Yes,Mailed check,89.67,4296.11,No
5174-OCBXW,Male,0,Yes,Yes,42,Yes,Yes,DSL,No,No,No,No,Yes,No,One year,Yes,Electronic check,69.46,2914.60,No
8731-NBBVG,Male,0,No,Yes,67,Yes,Yes,Fiber optic,No,No,Yes,No,No,No,Month-to-month,No,Credit card (automatic),88.36,5922.79,Yes
5132-MTUWY,Male,0,No,Yes,12,Yes,Yes,Fiber optic,Yes,No,No,Yes,Yes,Yes,Two year,No,Mailed check,110.65,1326.55,No
1728-ZDPSJ,Female,0,No,No,42,Yes,No,Fiber optic,Yes,No,Yes,Yes,No,Yes,Month-to-month,Yes,Credit card (automatic),99.19,4173.23,No
5986-DSZDS,Female,0,No,Yes,47,Yes,Yes,Fiber optic,Yes,No,Yes,No,Yes,No,Month-to-month,No,Electronic check,100.57,4717.75,Yes
2838-JUGEQ,Male,0,Yes,No,29,Yes,Yes,No,No internet service,No internet service,No internet service,No internet service,No internet service,No internet service,Month-to-month,No,Mailed check,31.26,924.98,No
1456-RZYFR,Male,0,Yes,No,42,Yes,Yes,Fiber optic,No,No,Yes,No,No,No,One year,No,Bank transfer (automatic),88.96,3745.71,No
1208-ZKTEP,Male,0,Yes,No,30,Yes,No,Fiber optic,No,No,Yes,No,Yes,Yes,One year,No,Electronic check,98.37,2947.98,No
6022-BXEQR,Male,0,No,Yes,50,Yes,No,No,No internet service,No internet service,No internet service,No internet service,No internet service,No internet service,One year,Yes,Electronic check,21.04,1072.36,No
0586-EMSXJ,Male,0,No,No,37,Yes,No,Fiber optic,No,No,No,No,No,No,Two year,Yes,Credit card (automatic),70.39,2581.02,No
3845-UZLKW,Male,0,No,Yes,18,Yes,Yes,Fiber optic,Yes,No,No,No,No,Yes,Month-to-month,Yes,Mailed check,98.24,1778.79,Yes
6016-XTFKL,Female,0,No,No,22,Yes,Yes,Fiber optic,No,Yes,Yes,No,No,Yes,Two year,Yes,Credit card (automatic),102.57,2256.97,No
9262-KPWLH,Female,0,No,No,49,Yes,No,No,No internet service,No internet service,No internet service,No internet service,No internet service,No internet service,One year,Yes,Credit card (automatic),21.91,1085.72,No
2153-XONBT,Female,0,No,No,45,Yes,No,Fiber optic,Yes,No,No,No,No,No,Two year,Yes,Mailed check,79.31,3564.12,No
1110-TBIIP,Female,0,No,No,40,Yes,Yes,Fiber optic,No,Yes,Yes,No,Yes,Yes,Month-to-month,Yes,Mailed check,112.94,4506.24,Yes
6526-AITVF,Female,0,Yes,Yes,16,Yes,No,Fiber optic,No,Yes,No,No,No,Yes,Month-to-month,Yes,Electronic check,90.04,1443.02,Yes
2392-FAHHY,Male,0,Yes,No,51,Yes,No,DSL,Yes,No,No,No,Yes,Yes,Two year,No,Mailed check,74.18,3778.22,No
5020-OMUCB,Female,1,Yes,No,12,Yes,No,No,No internet service,No internet service,No internet service,No internet service,No internet service,No internet service,Month-to-month,No,Electronic check,19.91,241.63,No
2872-RULLA,Male,0,Yes,No,23,Yes,No,No,No internet service,No internet service,No internet service,No internet service,No internet service,No internet service,Month-to-month,No,Electronic check,19.35,448.61,No
3704-TVGIQ,Female,0,Yes,No,29,Yes,No,Fiber optic,No,Yes,No,No,No,No,Two year,Yes,Bank transfer (automatic),79.65,2293.91,No
9359-GGHZX,Male,0,No,No,43,Yes,Yes,Fiber optic,No,No,Yes,No,Yes,Yes,Month-to-month,No,Mailed check,110.26,4750.19,Yes
7775-ICVUP,Male,1,No,No,14,Yes,No,Fiber optic,No,No,Yes,No,Yes,No,One year,No,Electronic check,89.19,1220.31,Yes
7339-KZEKM,Male,1,No,Yes,3,Yes,No,DSL,Yes,No,No,No,No,No,Month-to-month,Yes,Electronic check,51.32,183.87,Yes
5311-LPSBQ,Male,0,Yes,Yes,51,Yes,Yes,DSL,No,No,No,No,No,Yes,One year,Yes,Electronic check,70.88,3617.51,No
7490-MPIXD,Female,1,No,No,45,Yes,Yes,Fiber optic,No,No,No,No,Yes,Yes,One year,Yes,Electronic check,104.07,4676.04,Yes
7966-QVMDN,Female,1,No,No,58,Yes,No,DSL,No,No,Yes,No,No,No,Month-to-month,Yes,Bank transfer (automatic),55.06,3177.12,No
9991-ZWIEH,Female,0,Yes,No,45,Yes,No,DSL,No,Yes,No,No,No,No,One year,No,Credit card (automatic),54.39,2453.49,No
4668-CNQRL,Male,0,No,Yes,31,Yes,No,DSL,Yes,No,No,No,No,No,Month-to-month,Yes,Credit card (automatic),52.18,1621.50,No
5998-SZBKQ,Male,0,No,No,20,Yes,No,Fiber optic,Yes,Yes,No,Yes,No,Yes,Month-to-month,No,Credit card (automatic),98.12,1961.58,No
1261-MERWZ,Female,0,No,No,28,Yes,No,Fiber optic,Yes,Yes,No,No,No,No,One year,No,Mailed check,82.6,2309.14,No
7779-OYAQO,Male,0,Yes,No,29,Yes,Yes,DSL,No,No,No,Yes,No,No,Two year,Yes,Electronic check,66.98,1949.13,No
9150-EEOOT,Female,0,Yes,Yes,6,Yes,No,No,No internet service,No internet service,No internet service,No internet service,No internet service,No internet service,Month-to-month,No,Bank transfer (automatic),23.72,119.73,No
4056-HBOWV,Male,0,Yes,No,41,Yes,No,No,No internet service,No internet service,No internet service,No internet service,No internet service,No internet service,Month-to-month,No,Electronic check,24.13,976.05,No
8738-AFHTR,Male,1,No,Yes,49,Yes,No,DSL,Yes,No,Yes,Yes,No,Yes,One year,No,Bank transfer (automatic),73.06,3585.81,No
1904-PMVDD,Male,1,No,No,16,Yes,Yes,No,No internet service,No internet service,No internet service,No internet service,No internet service,No internet service,One year,Yes,Bank transfer (automatic),30.49,483.00,No
4487-YNSCQ,Male,0,Yes,Yes,17,Yes,No,DSL,No,No,No,Yes,No,Yes,Two year,No,Electronic check,61.18,1047.35,No
9537-BKBWE,Female,0,No,Yes,4,Yes,No,DSL,No,No,No,No,No,No,Month-to-month,No,Bank transfer (automatic),47.89,181.41,No
0669-FTLMX,Male,0,Yes,Yes,60,Yes,No,No,No internet service,No internet service,No internet service,No internet service,No internet service,No internet service,Two year,No,Electronic check,19.41,1163.59,No
1112-FAKRJ,Female,0,No,No,38,Yes,Yes,Fiber optic,No,Yes,No,No,No,No,Month-to-month,No,Mailed check,86.8,3293.30,Yes
1029-GOAWU,Male,0,No,No,67,Yes,Yes,DSL,No,No,No,Yes,No,Yes,Two year,No,Electronic check,73.47,4938.72,No
8108-XJFEH,Female,0,No,Yes,40,Yes,No,Fiber optic,No,No,Yes,No,No,No,Two year,Yes,Mailed check,77.56,3098.40,No
7460-DRJCL,Female,0,Yes,Yes,71,Yes,No,Fiber optic,No,Yes,No,No,No,No,Month-to-month,No,Electronic check,78.77,5603.32,Yes
0107-TSQBC,Female,1,Yes,No,25,Yes,No,No,No internet service,No internet service,No internet service,No internet service,No internet service,No internet service,Month-to-month,Yes,Bank transfer (automatic),24.47,614.63,No
2597-VRRNP,Male,0,Yes,No,38,Yes,No,No,No internet service,No internet service,No internet service,No internet service,No internet service,No internet service,One year,No,Electronic check,20.63,774.70,No
6006-YEAUQ,Female,0,No,No,66,Yes,Yes,No,No internet service,No internet service,No internet service,No internet service,No internet service,No internet service,Month-to-month,Yes,Bank transfer (automatic),33.2,2195.19,No
9838-BWPOM,Female,0,No,No,43,Yes,Yes,Fiber optic,No,No,No,No,No,Yes,Two year,Yes,Electronic check,92.2,3967.58,No
1351-BBCEY,Male,1,No,No,63,Yes,No,Fiber optic,No,No,No,No,No,No,One year,Yes,Electronic check,71.33,4479.97,No
5894-PKFJH,Female,0,Yes,No,38,Yes,No,No,No internet service,No internet service,No internet service,No internet service,No internet service,No internet service,One year,No,Bank transfer (automatic),21.72,821.60,No
2128-PVZDJ,Male,0,No,No,55,Yes,Yes,DSL,Yes,No,No,No,No,No,Month-to-month,Yes,Electronic check,64.0,3520.32,No
2138-DPUOX,Female,1,Yes,No,12,Yes,Yes,No,No internet service,No internet service,No internet service,No internet service,No internet service,No internet service,Month-to-month,No,Electronic check,30.06,375.51,No
1256-DAWIQ,Female,0,Yes,Yes,3,Yes,Yes,DSL,No,No,No,Yes,Yes,No,Month-to-month,No,Credit card (automatic),71.33,222.16,No
0096-PYSXY,Female,1,No,No,27,No,No phone service,No,No internet service,No internet service,No internet service,No internet service,No internet service,No internet service,Two year,Yes,Credit card (automatic),18.25,488.45,No
2201-GSGEZ,Male,0,Yes,No,2,No,No phone service,DSL,No,No,No,Yes,No,No,Month-to-month,No,Mailed check,49.12,82.75,No
7428-OGEWK,Female,1,Yes,Yes,26,Yes,Yes,Fiber optic,Yes,No,Yes,No,No,No,Two year,Yes,Electronic check,91.89,2401.60,No
9846-IATAH,Female,0,Yes,No,60,Yes,Yes,Fiber optic,No,Yes,No,Yes,Yes,No,Month-to-month,Yes,Mailed check,101.42,6090.92,Yes
2132-KEXJX,Male,0,No,No,5,Yes,No,DSL,No,No,No,No,No,No,Two year,Yes,Electronic check,47.19,220.16,No
6749-ZLMVH,Male,0,Yes,No,47,Yes,No,Fiber optic,No,No,No,No,No,No,Month-to-month,No,Credit card (automatic),75.83,3549.54,Yes
0554-TAKZK,Male,0,Yes,No,55,Yes,Yes,DSL,No,No,No,No,No,No,Month-to-month,No,Mailed check,61.85,3394.70,No
7522-LFWHE,Male,0,Yes,Yes,28,Yes,No,DSL,No,Yes,Yes,No,No,Yes,One year,Yes,Electronic check,68.4,1929.91,No
9505-IJTNN,Male,0,Yes,No,71,Yes,No,DSL,Yes,No,Yes,Yes,Yes,No,Month-to-month,No,Bank transfer (automatic),67.93,4814.27,No
9083-BPACW,Male,0,No,No,72,Yes,Yes,Fiber optic,No,No,Yes,Yes,No,No,Month-to-month,Yes,Electronic check,94.73,6812.60,Yes
9181-EXZHC,Male,0,No,No,30,Yes,No,DSL,No,Yes,No,Yes,Yes,No,Two year,No,Bank transfer (automatic),65.86,1950.32,No
1827-BSAVM,Female,0,Yes,No,64,No,No phone service,No,No internet service,No internet service,No internet service,No internet service,No internet service,No internet service,Month-to-month,Yes,Bank transfer (automatic),18.85,1204.47,No
6302-IEFDQ,Female,0,No,No,70,Yes,No,DSL,No,No,Yes,Yes,No,No,Two year,Yes,Electronic check,55.18,3883.42,No
4445-KBQOR,Female,0,Yes,No,8,Yes,Yes,Fiber optic,Yes,No,No,No,Yes,No,Month-to-month,No,Bank transfer (automatic),95.73,774.24,Yes
9544-LFNZW,Male,0,Yes,Yes,62,Yes,No,Fiber optic,No,No,Yes,No,Yes,No,One year,No,Credit card (automatic),87.87,5451.99,No
8615-IGBSH,Female,0,No,No,26,No,No phone service,Fiber optic,No,No,Yes,No,No,No,Month-to-month,Yes,Bank transfer (automatic),73.79,1912.55,Yes
8381-MEBKA,Male,0,No,No,17,Yes,No,DSL,Yes,Yes,No,Yes,No,Yes,One year,No,Bank transfer (automatic),68.03,1140.73,No
4167-RGTQP,Female,0,Yes,No,15,No,No phone service,No,No internet service,No internet service,No internet service,No internet service,No internet service,No internet service,One year,No,Electronic check,18.25,281.35,No
2047-AISUI,Female,0,Yes,No,3,Yes,No,Fiber optic,No,No,No,Yes,Yes,No,Month-to-month,Yes,Electronic check,89.74,267.04,Yes
4897-WKATY,Male,0,No,No,37,Yes,No,Fiber optic,No,No,No,No,No,Yes,Month-to-month,Yes,Electronic check,81.39,3016.24,Yes
9730-JDOSF,Female,1,No,Yes,19,Yes,No,DSL,Yes,No,No,No,No,Yes,Month-to-month,No,Credit card (automatic),60.79,1135.86,No
4412-VBDRI,Male,0,No,No,40,Yes,Yes,Fiber optic,No,No,Yes,No,Yes,Yes,Two year,Yes,Electronic check,107.17,4292.64,No
2995-OAKNJ,Female,1,No,No,57,Yes,Yes,No,No internet service,No internet service,No internet service,No internet service,No internet service,No internet service,One year,No,Mailed check,36.22,2084.43,No
2747-BWYGS,Male,1,No,No,27,Yes,No,DSL,No,No,Yes,Yes,No,No,One year,Yes,Credit card (automatic),59.7,1604.20,No
6702-UFSOD,Male,0,No,Yes,43,Yes,No,No,No internet service,No internet service,No internet service,No internet service,No internet service,No internet service,Two year,Yes,Mailed check,23.7,992.41,No
4234-RZYJH,Male,0,No,Yes,64,Yes,Yes,Fiber optic,Yes,Yes,No,Yes,Yes,Yes,Month-to-month,Yes,Credit card (automatic),117.69,7544.29,No
5921-WHZAN,Male,0,No,Yes,8,Yes,No,DSL,No,No,Yes,No,Yes,No,Month-to-month,No,Electronic check,64.4,483.71,Yes
5682-RUMOJ,Female,0,No,No,32,Yes,Yes,Fiber optic,No,No,No,Yes,Yes,No,Month-to-month,No,Mailed check,99.5,3196.56,Yes
0589-OIWNK,Male,0,No,No,64,Yes,Yes,Fiber optic,No,Yes,No,No,Yes,No,Month-to-month,Yes,Bank transfer (automatic),96.73,6190.06,Yes
6791-NFEES,Female,0,Yes,Yes,8,Yes,No,Fiber optic,No,No,No,No,Yes,Yes,Month-to-month,No,Bank transfer (automatic),91.4,756.42,Yes
2599-WNQCA,Female,0,No,No,61,Yes,No,No,No internet service,No internet service,No internet service,No internet service,No internet service,No internet service,Month-to-month,Yes,Mailed check,22.51,1359.43,No
9248-SJZYP,Female,0,No,Yes,72,Yes,Yes,No,No internet service,No internet service,No internet service,No internet service,No internet service,No internet service,Month-to-month,Yes,Mailed check,34.88,2515.24,No
0584-NJBEA,Male,0,Yes,Yes,68,Yes,Yes,DSL,No,No,No,No,Yes,Yes,Month-to-month,Yes,Bank transfer (automatic),79.75,5404.07,No
8998-VICOD,Male,0,Yes,No,1,Yes,Yes,DSL,No,No,No,Yes,No,No,Month-to-month,Yes,Credit card (automatic),62.28,77.00,Yes
5306-EOHYE,Male,0,Yes,No,28,Yes,Yes,DSL,No,Yes,Yes,No,No,Yes,Two year,Yes,Mailed check,76.53,2149.39,No
7006-VENOU,Male,0,No,No,47,Yes,Yes,No,No internet service,No internet service,No internet service,No internet service,No internet service,No internet service,Month-to-month,No,Mailed check,34.67,1633.67,No
8071-GVZRS,Female,0,No,No,72,Yes,No,No,No internet service,No internet service,No internet service,No internet service,No internet service,No internet service,Two year,Yes,Bank transfer (automatic),22.4,1622.80,No
3671-XKIWA,Male,0,Yes,Yes,50,Yes,Yes,No,No internet service,No internet service,No internet service,No internet service,No internet service,No internet service,Month-to-month,No,Credit card (automatic),35.07,1738.25,No
5741-OUXRQ,Male,0,Yes,No,31,Yes,No,No,No internet service,No internet service,No internet service,No internet service,No internet service,No internet service,Two year,Yes,Electronic check,23.07,720.79,No
3382-TSRTH,Female,0,No,No,23,Yes,Yes,DSL,No,No,Yes,Yes,No,No,Month-to-month,No,Electronic check,69.13,1609.17,No
0772-ZJLFM,Female,0,No,Yes,57,Yes,Yes,No,No internet service,No internet service,No internet service,No internet service,No internet service,No internet service,One year,Yes,Electronic check,31.72,1795.72,No
3004-XQRGP,Male,0,Yes,No,19,Yes,No,Fiber optic,No,No,Yes,No,Yes,Yes,Month-to-month,No,Electronic check,100.97,1928.87,Yes
7270-IBNMP,Female,1,No,No,42,Yes,No,No,No internet service,No internet service,No internet service,No internet service,No internet service,No internet service,Month-to-month,No,Mailed check,20.79,880.44,No
1392-DFWER,Male,0,No,No,4,Yes,No,Fiber optic,No,No,Yes,Yes,No,Yes,Month-to-month,Yes,Electronic check,94.35,370.63,Yes
2924-KUDXV,Male,0,No,Yes,18,Yes,No,No,No internet service,No internet service,No internet service,No internet service,No internet service,No internet service,Month-to-month,No,Electronic check,21.14,380.31,No
5052-MVJKF,Female,0,No,No,26,No,No phone service,Fiber optic,No,No,No,No,No,No,Two year,Yes,Electronic check,70.72,1865.10,No
1024-OODWD,Male,0,Yes,No,40,Yes,No,No,No internet service,No internet service,No internet service,No internet service,No internet service,No internet service,One year,Yes,Credit card (automatic),20.49,824.53,No
7698-QOEMD,Female,1,No,Yes,33,Yes,Yes,DSL,No,Yes,No,No,No,No,Month-to-month,No,Credit card (automatic),66.66,2220.37,No
5050-NNQHB,Female,0,No,No,20,Yes,No,Fiber optic,Yes,No,No,No,No,Yes,Two year,Yes,Mailed check,91.57,1829.45,No
9555-XDCFD,Female,0,No,Yes,41,Yes,Yes,No,No internet service,No internet service,No internet service,No internet service,No internet service,No internet service,Month-to-month,Yes,Electronic check,34.77,1431.33,No
1594-IKFPS,Male,0,Yes,No,66,Yes,No,Fiber optic,No,No,No,Yes,No,No,One year,Yes,Credit card (automatic),79.58,5249.28,No
4978-XSYSX,Male,0,No,No,20,Yes,Yes,DSL,No,No,Yes,No,Yes,Yes,One year,No,Bank transfer (automatic),84.41,1692.67,No
9863-JISOS,Male,0,No,Yes,46,Yes,Yes,Fiber optic,No,No,Yes,Yes,No,No,Month-to-month,Yes,Electronic check,91.79,4214.16,Yes
1920-TXUBS,Female,0,No,No,27,Yes,No,Fiber optic,Yes,No,No,Yes,No,Yes,Month-to-month,No,Credit card (automatic),92.05,2470.07,No
0101-SAKYJ,Male,0,No,No,62,Yes,No,DSL,No,Yes,No,No,No,No,Month-to-month,No,Electronic check,53.95,3339.66,No
4747-WLDWF,Male,0,Yes,Yes,63,No,No phone service,Fiber optic,No,No,Yes,Yes,Yes,No,One year,Yes,Credit card (automatic),90.7,5732.97,No
2898-UXGYW,Female,0,Yes,No,54,Yes,No,DSL,No,No,No,No,Yes,No,Month-to-month,No,Mailed check,59.46,3190.08,No
3375-YJGGD,Female,1,Yes,No,11,Yes,Yes,No,No internet service,No internet service,No internet service,No internet service,No internet service,No internet service,Two year,Yes,Bank transfer (automatic),29.62,327.68,No
2763-MTQGQ,Female,0,Yes,No,1,Yes,Yes,DSL,Yes,No,No,Yes,Yes,Yes,Month-to-month,Yes,Bank transfer (automatic),89.5,88.32,Yes
9932-KCLAD,Male,0,No,Yes,58,Yes,No,Fiber optic,Yes,No,Yes,No,Yes,Yes,Month-to-month,Yes,Electronic check,101.99,5916.86,Yes
0705-WZNLR,Female,0,Yes,No,29,Yes,No,Fiber optic,No,No,No,Yes,Yes,No,Month-to-month,Yes,Bank transfer (automatic),89.43,2584.03,Yes
3286-RKFIL,Female,1,No,Yes,11,Yes,Yes,No,No internet service,No internet service,No internet service,No internet service,No internet service,No internet service,Month-to-month,Yes,Electronic check,31.82,361.28,No
2522-TYKXQ,Female,0,No,No,38,Yes,No,DSL,No,No,Yes,Yes,No,No,Two year,No,Bank transfer (automatic),59.86,2274.10,No
0626-YSCBZ,Male,0,No,Yes,17,Yes,No,Fiber optic,No,No,Yes,Yes,No,No,Month-to-month,Yes,Electronic check,84.43,1457.35,Yes
0855-XUIEB,Male,0,No,No,23,No,No phone service,DSL,Yes,Yes,No,No,No,No,Month-to-month,Yes,Electronic check,52.84,1204.00,No
5829-DJHVM,Female,0,No,No,11,Yes,No,No,No internet service,No internet service,No internet service,No internet service,No internet service,No internet service,Month-to-month,Yes,Bank transfer (automatic),20.83,237.22,No
6635-ICHGD,Female,0,Yes,Yes,5,No,No phone service,No,No internet service,No internet service,No internet service,No internet service,No internet service,No internet service,Month-to-month,Yes,Credit card (automatic),20.51,102.94,No
9269-YLZCZ,Male,0,Yes,Yes,7,Yes,No,No,No internet service,No internet service,No internet service,No internet service,No internet service,No internet service,Month-to-month,Yes,Electronic check,23.42,159.89,No
8727-LTFJB,Male,1,Yes,No,56,Yes,No,No,No internet service,No internet service,No internet service,No internet service,No internet service,No internet service,Two year,Yes,Electronic check,22.77,1260.74,No
7867-WPKZD,Male,0,No,Yes,48,Yes,No,Fiber optic,No,No,No,No,No,No,One year,Yes,Electronic check,73.39,3544.30,No
0266-MSQZY,Female,0,Yes,No,14,Yes,Yes,Fiber optic,No,No,No,Yes,Yes,No,Two year,No,Electronic check,95.57,1330.46,No
5600-TWNOK,Male,0,Yes,No,6,Yes,Yes,DSL,No,No,No,Yes,No,No,Month-to-month,No,Bank transfer (automatic),64.36,391.85,No
7980-DTSGA,Female,0,Yes,Yes,57,Yes,No,No,No internet service,No internet service,No internet service,No internet service,No internet service,No internet service,Month-to-month,Yes,Bank transfer (automatic),22.42,1271.88,No
8711-XOQMG,Male,0,Yes,Yes,52,Yes,No,Fiber optic,No,Yes,Yes,No,Yes,Yes,Month-to-month,Yes,Electronic check,103.05,5370.21,Yes
8265-OGWZA,Male,0,Yes,No,24,Yes,No,Fiber optic,No,No,Yes,No,No,No,One year,Yes,Electronic check,78.46,1873.36,No
2904-CQRZU,Female,0,No,No,60,Yes,Yes,DSL,Yes,No,No,No,No,No,Month-to-month,No,Bank transfer (automatic),59.58,3591.44,No
2585-RPBOM,Male,0,No,No,11,Yes,Yes,No,No internet service,No internet service,No internet service,No internet service,No internet service,No internet service,Month-to-month,No,Electronic check,28.99,309.06,No
7759-WALIE,Female,0,Yes,No,24,Yes,No,Fiber optic,No,No,Yes,No,No,No,Month-to-month,Yes,Electronic check,74.65,1793.70,Yes
8176-KTSDT,Male,0,Yes,No,18,Yes,No,Fiber optic,No,Yes,Yes,No,No,No,Month-to-month,Yes,Electronic check,81.46,1467.39,Yes
9973-NUBDG,Female,0,No,No,41,Yes,Yes,Fiber optic,No,No,No,No,No,No,One year,Yes,Credit card (automatic),82.52,3379.95,No
2077-VWZRU,Male,0,Yes,No,11,Yes,Yes,DSL,Yes,Yes,No,Yes,Yes,No,Month-to-month,No,Credit card (automatic),79.68,867.27,No
6802-FNWFA,Female,0,No,No,59,Yes,Yes,No,No internet service,No internet service,No internet service,No internet service,No internet service,No internet service,Month-to-month,Yes,Credit card (automatic),30.27,1782.87,No
3579-ONPTW,Female,0,Yes,Yes,35,Yes,Yes,No,No internet service,No internet service,No internet service,No internet service,No internet service,No internet service,Two year,Yes,Electronic check,33.2,1164.36,No
2703-XJTRB,Female,0,No,No,23,Yes,Yes,Fiber optic,No,Yes,No,No,Yes,No,One year,No,Electronic check,95.65,2189.44,No
3316-OVKSH,Female,0,No,No,32,Yes,No,No,No internet service,No internet service,No internet service,No internet service,No internet service,No internet service,Month-to-month,Yes,Credit card (automatic),21.65,684.78,No
7024-RLLUZ,Female,0,Yes,No,35,Yes,No,DSL,No,No,No,Yes,No,No,Month-to-month,Yes,Bank transfer (automatic),55.31,1923.95,No
2803-JVOYS,Female,0,Yes,Yes,3,Yes,No,Fiber optic,Yes,No,Yes,No,Yes,No,One year,No,Electronic check,93.65,281.16,No
2464-KXEGF,Male,0,No,No,49,Yes,Yes,DSL,No,No,No,Yes,No,No,Month-to-month,No,Bank transfer (automatic),59.76,2949.44,No
9123-EIFQS,Male,0,No,No,55,Yes,Yes,Fiber optic,Yes,Yes,No,No,No,Yes,Month-to-month,Yes,Electronic check,103.21,5677.90,Yes
6764-OJXPI,Female,0,No,Yes,7,Yes,No,No,No internet service,No internet service,No internet service,No internet service,No internet service,No internet service,Month-to-month,Yes,Credit card (automatic),23.82,156.42,No
6808-CVHST,Female,0,No,No,60,Yes,Yes,Fiber optic,No,Yes,Yes,Yes,No,No,Month-to-month,No,Credit card (automatic),99.83,5989.49,Yes
6638-MCLXH,Male,1,No,No,7,Yes,Yes,Fiber optic,No,No,Yes,Yes,Yes,No,Month-to-month,No,Credit card (automatic),104.22,736.63,Yes
3630-AQBFL,Female,0,Yes,No,6,Yes,No,Fiber optic,No,No,No,No,Yes,Yes,Two year,Yes,Mailed check,94.0,567.89,No
9417-YGNPL,Male,1,Yes,Yes,24,Yes,Yes,DSL,No,Yes,No,Yes,No,No,Month-to-month,Yes,Mailed check,68.1,1641.50,No
8364-PUSPI,Male,0,Yes,No,47,Yes,No,Fiber optic,No,No,No,No,Yes,No,Month-to-month,Yes,Bank transfer (automatic),83.93,3928.82,Yes
9452-JGIYN,Female,0,Yes,Yes,34,Yes,No,Fiber optic,No,No,No,No,Yes,Yes,One year,Yes,Electronic check,94.83,3230.50,No
9946-LSFLX,Female,0,No,No,17,Yes,No,Fiber optic,No,No,No,No,Yes,No,One year,No,Mailed check,82.73,1411.91,No
7156-LGSNI,Female,0,Yes,No,10,Yes,No,Fiber optic,No,No,Yes,Yes,No,No,Month-to-month,Yes,Bank transfer (automatic),81.52,806.03,Yes
1218-DRSMD,Female,0,Yes,No,28,Yes,Yes,DSL,No,Yes,Yes,No,No,Yes,Month-to-month,Yes,Electronic check,77.71,2198.44,Yes
9542-PZHXG,Male,0,Yes,Yes,15,Yes,Yes,Fiber optic,No,No,No,No,Yes,No,Month-to-month,Yes,Electronic check,92.17,1364.67,Yes
2040-FWOLU,Male,0,Yes,No,5,Yes,No,Fiber optic,Yes,Yes,No,No,Yes,No,Two year,Yes,Credit card (automatic),92.75,478.58,No
3148-TNRVH,Female,0,Yes,No,14,Yes,No,DSL,Yes,No,No,Yes,No,No,Month-to-month,No,Mailed check,54.05,752.56,No
1861-PUEWO,Female,0,Yes,No,72,Yes,Yes,Fiber optic,No,No,Yes,No,No,No,Month-to-month,No,Electronic check,90.09,6484.03,Yes
4582-CXJFZ,Male,0,No,No,28,Yes,Yes,No,No internet service,No internet service,No internet service,No internet service,No internet service,No internet service,One year,Yes,Electronic check,33.45,940.60,No
2111-OEOUQ,Female,0,No,No,63,Yes,No,No,No internet service,No internet service,No internet service,No internet service,No internet service,No internet service,One year,Yes,Bank transfer (automatic),25.24,1572.74,No
1136-CEKIE,Male,0,No,Yes,65,Yes,No,Fiber optic,No,No,No,No,No,No,Month-to-month,No,Bank transfer (automatic),71.02,4643.99,Yes
8084-HUNPF,Female,1,No,No,12,Yes,No,DSL,No,Yes,No,Yes,No,Yes,One year,Yes,Bank transfer (automatic),68.99,830.16,No
7128-EEYZS,Male,0,No,No,70,Yes,Yes,No,No internet service,No internet service,No internet service,No internet service,No internet service,No internet service,Month-to-month,Yes,Mailed check,32.6,2268.13,No
3617-UACYU,Male,0,Yes,No,56,Yes,Yes,Fiber optic,No,No,Yes,Yes,No,No,Two year,Yes,Bank transfer (automatic),93.23,5217.87,No
7066-HSQKO,Male,0,No,No,50,Yes,No,No,No internet service,No internet service,No internet service,No internet service,No internet service,No internet service,Month-to-month,Yes,Bank transfer (automatic),24.22,1210.39,No
8058-RTBDR,Male,0,No,No,27,Yes,Yes,Fiber optic,No,No,Yes,Yes,No,No,Month-to-month,No,Bank transfer (automatic),94.64,2556.82,Yes
0274-TUVVE,Female,0,Yes,No,22,Yes,No,DSL,No,No,No,No,No,No,Month-to-month,Yes,Credit card (automatic),46.98,1025.24,No
5845-TCMVK,Female,1,No,No,0,Yes,Yes,DSL,No,No,Yes,Yes,No,No,Two year,No,Electronic check,66.98, ,Yes
4346-QPNAK,Male,1,Yes,No,70,Yes,Yes,DSL,No,No,Yes,No,Yes,Yes,Month-to-month,No,Credit card (automatic),83.65,5867.15,No
0184-IMEOG,Male,0,Yes,No,34,Yes,Yes,DSL,No,No,No,Yes,No,No,Month-to-month,Yes,Electronic check,56.78,1942.90,No
5124-DNFHX,Male,0,Yes,Yes,35,Yes,Yes,Fiber optic,No,Yes,No,No,No,No,One year,Yes,Electronic check,89.57,3154.88,No
2301-MILJJ,Female,0,Yes,No,13,Yes,No,DSL,Yes,No,No,No,No,Yes,Month-to-month,Yes,Bank transfer (automatic),63.63,830.71,No
1565-XYXUX,Female,0,No,No,55,Yes,No,DSL,No,No,No,No,Yes,Yes,Two year,No,Credit card (automatic),68.39,3773.36,No
9987-BRLCG,Female,0,Yes,Yes,61,Yes,Yes,Fiber optic,No,No,No,No,Yes,Yes,Month-to-month,No,Electronic check,103.37,6323.07,Yes
8785-ANPPD,Female,0,No,Yes,11,Yes,Yes,Fiber optic,No,No,No,Yes,No,No,Two year,Yes,Electronic check,84.59,912.33,No
5570-MRRMV,Female,0,Yes,Yes,13,Yes,No,DSL,Yes,No,Yes,Yes,No,No,Two year,Yes,Electronic check,62.52,835.44,No
6145-DQSNJ,Male,0,Yes,No,61,Yes,Yes,DSL,No,Yes,No,Yes,Yes,No,Month-to-month,Yes,Mailed check,78.49,4795.59,No
8518-DKMHJ,Female,0,Yes,No,21,Yes,No,DSL,No,No,No,No,Yes,Yes,Month-to-month,No,Credit card (automatic),68.41,1429.84,No
6273-RUAXH,Female,0,No,No,28,Yes,No,Fiber optic,No,No,No,No,Yes,Yes,Two year,No,Credit card (automatic),97.27,2721.75,No
2038-PIQPW,Female,0,No,No,71,Yes,No,No,No internet service,No internet service,No internet service,No internet service,No internet service,No internet service,One year,No,Bank transfer (automatic),22.04,1560.23,No
5667-PHJNK,Female,0,Yes,No,58,Yes,Yes,Fiber optic,No,Yes,Yes,Yes,No,No,One year,No,Electronic check,98.86,5721.56,No
1339-LMHPC,Male,0,No,No,14,Yes,No,Fiber optic,Yes,No,No,No,No,No,One year,Yes,Mailed check,75.07,1064.61,No
2107-IYHUQ,Male,1,No,No,20,Yes,Yes,No,No internet service,No internet service,No internet service,No internet service,No internet service,No internet service,Two year,Yes,Electronic check,30.9,638.37,No
8567-MUVLM,Male,0,Yes,No,70,Yes,Yes,DSL,No,Yes,No,Yes,No,No,Month-to-month,Yes,Bank transfer (automatic),70.88,4941.16,No
6610-XUZBS,Female,0,No,No,11,Yes,No,DSL,No,No,Yes,No,No,No,Two year,No,Credit card (automatic),52.24,592.65,No
5957-UEGZM,Male,0,No,Yes,60,Yes,Yes,Fiber optic,No,Yes,No,No,No,Yes,One year,No,Bank transfer (automatic),98.2,5891.63,No
4856-LHMEN,Male,0,No,No,46,Yes,Yes,Fiber optic,No,No,Yes,No,No,Yes,Month-to-month,Yes,Mailed check,98.55,4539.10,Yes
3798-ACLTM,Female,0,No,No,25,Yes,Yes,Fiber optic,No,Yes,Yes,No,No,No,One year,No,Bank transfer (automatic),95.88,2386.45,No
6599-PAPDF,Male,0,Yes,Yes,68,Yes,No,No,No internet service,No internet service,No internet service,No internet service,No internet service,No internet service,Two year,Yes,Bank transfer (automatic),22.88,1555.07,No
2119-DAOJR,Female,0,Yes,No,71,Yes,No,Fiber optic,No,No,No,No,No,Yes,Month-to-month,Yes,Bank transfer (automatic),81.74,5817.69,Yes
9133-AGWZK,Male,0,Yes,Yes,35,Yes,No,Fiber optic,No,No,No,No,Yes,Yes,Month-to-month,Yes,Electronic check,91.54,3191.01,Yes
9907-JNNGW,Female,0,No,No,54,Yes,No,No,No internet service,No internet service,No internet service,No internet service,No internet service,No internet service,Month-to-month,No,Bank transfer (automatic),23.36,1267.95,No
5371-GSNSG,Male,0,No,Yes,68,Yes,No,No,No internet service,No internet service,No internet service,No internet service,No internet service,No internet service,Month-to-month,Yes,Mailed check,24.6,1683.25,No
2473-GGRNH,Male,0,No,No,71,Yes,Yes,DSL,No,No,No,No,No,No,One year,No,Credit card (automatic),56.71,4021.54,No
9985-EAAYT,Female,0,No,No,18,No,No phone service,Fiber optic,Yes,Yes,Yes,No,No,No,Two year,Yes,Electronic check,81.48,1455.60,No
0925-KMKHJ,Male,0,Yes,Yes,33,Yes,No,Fiber optic,Yes,No,Yes,Yes,No,Yes,Month-to-month,Yes,Mailed check,99.48,3280.97,No
1701-XWEPP,Female,0,Yes,Yes,69,Yes,No,DSL,No,Yes,No,No,Yes,No,One year,Yes,Credit card (automatic),65.07,4507.49,No
9184-HTNYJ,Male,0,No,Yes,62,Yes,No,No,No internet service,No internet service,No internet service,No internet service,No internet service,No internet service,Two year,Yes,Mailed check,26.03,1621.17,No
6121-UBUIB,Female,0,Yes,Yes,49,No,No phone service,Fiber optic,No,No,No,Yes,No,No,One year,No,Credit card (automatic),73.26,3601.58,No
8664-HWVRF,Male,0,No,No,16,Yes,Yes,DSL,No,No,No,Yes,Yes,No,Month-to-month,No,Electronic check,73.87,1161.48,No
1084-JJDLH,Male,0,Yes,Yes,38,Yes,Yes,Fiber optic,No,No,Yes,No,Yes,Yes,Month-to-month,Yes,Electronic check,108.81,4130.61,Yes
4627-HSIXQ,Male,0,Yes,No,30,Yes,Yes,Fiber optic,No,No,Yes,Yes,No,No,Month-to-month,Yes,Bank transfer (automatic),88.73,2659.81,Yes
7359-YEWMO,Female,0,Yes,No,21,Yes,No,Fiber optic,Yes,Yes,Yes,No,No,No,Month-to-month,Yes,Credit card (automatic),90.37,1885.76,Yes
0853-VESGC,Female,1,No,No,57,Yes,No,Fiber optic,No,No,No,No,Yes,Yes,One year,No,Electronic check,94.65,5389.81,No
1364-NIJGN,Female,0,No,No,24,No,No phone service,No,No internet service,No internet service,No internet service,No internet service,No internet service,No internet service,Month-to-month,No,Bank transfer (automatic),18.71,451.17,No
8810-TDMRC,Male,0,No,No,18,Yes,Yes,DSL,No,No,No,No,No,Yes,Month-to-month,No,Mailed check,68.57,1226.22,No
2408-XHCBA,Female,0,No,No,53,Yes,Yes,No,No internet service,No internet service,No internet service,No internet service,No internet service,No internet service,Month-to-month,Yes,Mailed check,33.27,1759.29,No
5904-YIMTW,Female,0,Yes,No,70,Yes,No,Fiber optic,No,No,Yes,No,No,Yes,Month-to-month,No,Bank transfer (automatic),92.25,6466.55,Yes
6348-GPWZW,Male,1,Yes,No,1,Yes,Yes,No,No internet service,No internet service,No internet service,No internet service,No internet service,No internet service,Two year,Yes,Electronic check,29.38,23.24,No
8452-APRXM,Female,0,Yes,No,21,Yes,No,DSL,No,Yes,No,No,No,No,One year,No,Mailed check,52.08,1103.46,No
0964-MVPXT,Female,0,Yes,No,37,Yes,No,Fiber optic,Yes,No,Yes,Yes,No,Yes,One year,Yes,Bank transfer (automatic),98.07,3625.85,No
5261-HMGLH,Female,1,No,No,6,Yes,Yes,Fiber optic,No,No,No,No,No,No,Month-to-month,Yes,Electronic check,85.39,504.45,Yes
1238-LPUVQ,Male,0,No,No,65,Yes,Yes,DSL,Yes,No,No,No,Yes,No,Two year,Yes,Mailed check,73.73,4806.16,No
3397-XZVXI,Female,0,No,No,32,Yes,No,Fiber optic,No,No,Yes,No,No,No,Two year,Yes,Mailed check,76.65,2454.13,No
4001-BUWGD,Female,0,No,No,6,Yes,Yes,No,No internet service,No internet service,No internet service,No internet service,No internet service,No internet service,Month-to-month,No,Electronic check,31.31,160.37,No
3921-PCXOQ,Female,0,No,No,58,Yes,Yes,DSL,No,No,Yes,Yes,Yes,No,Month-to-month,No,Credit card (automatic),78.38,4525.19,No
3641-AVMPE,Male,0,No,No,10,Yes,Yes,Fiber optic,Yes,No,No,No,No,No,One year,No,Electronic check,87.29,864.77,No
2821-UIHVS,Female,1,Yes,No,11,Yes,No,No,No internet service,No internet service,No internet service,No internet service,No internet service,No internet service,Two year,Yes,Electronic check,27.18,294.28,No
5404-NGIQC,Male,0,No,Yes,17,Yes,Yes,Fiber optic,Yes,No,Yes,No,Yes,Yes,Two year,No,Bank transfer (automatic),113.46,1931.45,No
7549-RCLPR,Female,0,No,No,0,No,No phone service,DSL,Yes,No,No,No,Yes,No,Two year,No,Electronic check,56.6, ,Yes
0626-WHQUZ,Male,0,No,Yes,60,No,No phone service,Fiber optic,Yes,No,No,No,Yes,No,One year,No,Credit card (automatic),86.74,5205.56,No
8607-STTJL,Female,0,Yes,No,0,Yes,Yes,Fiber optic,No,Yes,No,Yes,Yes,No,Month-to-month,Yes,Credit card (automatic),101.1, ,Yes
7078-YUDDI,Female,0,Yes,No,26,Yes,No,DSL,No,Yes,No,No,Yes,Yes,Month-to-month,Yes,Mailed check,73.17,1892.77,No
7996-LCTIN,Male,0,Yes,No,72,Yes,Yes,DSL,No,Yes,No,Yes,No,No,Two year,No,Bank transfer (automatic),66.73,4803.71,No
7029-BRMXF,Male,0,Yes,No,64,Yes,No,Fiber optic,No,No,No,No,Yes,No,Month-to-month,Yes,Credit card (automatic),81.58,5217.22,Yes
5306-HBBPA,Female,0,Yes,Yes,63,Yes,No,Fiber optic,No,Yes,Yes,No,No,Yes,Month-to-month,Yes,Electronic check,93.67,5895.41,Yes
3543-NTZOG,Female,0,Yes,No,48,Yes,No,Fiber optic,No,No,Yes,No,No,No,Month-to-month,No,Mailed check,79.89,3828.60,Yes
6161-TOAUQ,Female,0,No,No,70,Yes,Yes,No,No internet service,No internet service,No internet service,No internet service,No internet service,No internet service,Month-to-month,Yes,Credit card (automatic),34.33,2432.39,No
3875-OXEGH,Female,0,Yes,No,34,Yes,No,Fiber optic,No,Yes,No,Yes,No,No,One year,Yes,Mailed check,81.38,2754.46,No
6349-VPKVY,Female,0,No,No,56,Yes,Yes,DSL,Yes,No,No,No,No,No,Two year,Yes,Credit card (automatic),65.45,3654.81,No
9152-RVDUU,Female,0,Yes,Yes,40,Yes,No,Fiber optic,No,No,No,No,No,No,Two year,No,Bank transfer (automatic),73.95,2955.54,No
2326-OAPOP,Male,1,Yes,Yes,22,Yes,Yes,Fiber optic,No,Yes,Yes,No,No,No,Two year,No,Bank transfer (automatic),88.19,1954.36,No
5300-EEZGM,Male,0,Yes,No,34,Yes,Yes,Fiber optic,No,No,No,Yes,No,Yes,Month-to-month,Yes,Bank transfer (automatic),99.54,3382.96,Yes
3836-UUFXO,Male,0,Yes,Yes,47,Yes,Yes,DSL,Yes,No,No,No,No,No,Two year,Yes,Bank transfer (automatic),65.32,3072.13,No
4251-LXXOS,Male,1,No,No,41,Yes,No,Fiber optic,No,Yes,No,No,Yes,Yes,Month-to-month,No,Credit card (automatic),98.29,4050.08,Yes
7844-FWCEA,Female,0,Yes,No,71,Yes,No,DSL,No,No,Yes,No,Yes,Yes,Two year,Yes,Credit card (automatic),74.15,5267.75,No
9430-GOQHZ,Male,0,No,Yes,5,Yes,Yes,Fiber optic,Yes,Yes,No,No,No,No,Two year,No,Electronic check,96.79,473.62,No
1945-YOWVU,Male,0,Yes,No,34,Yes,No,Fiber optic,No,No,No,No,Yes,Yes,Month-to-month,Yes,Credit card (automatic),87.88,3001.03,Yes
5308-KEXGH,Male,0,Yes,Yes,16,Yes,No,Fiber optic,No,Yes,Yes,No,Yes,No,One year,Yes,Credit card (automatic),94.18,1507.07,No
0802-HKANA,Male,1,No,No,46,Yes,Yes,Fiber optic,Yes,No,No,No,Yes,No,Two year,Yes,Mailed check,96.17,4420.39,No
5452-JLJVB,Female,0,No,No,29,No,No phone service,Fiber optic,Yes,No,No,No,Yes,No,Month-to-month,No,Mailed check,85.29,2462.72,Yes
7533-KWNCS,Male,0,No,Yes,8,Yes,No,Fiber optic,No,No,Yes,Yes,No,No,Month-to-month,No,Mailed check,82.39,659.69,Yes
5804-QASSD,Male,0,No,No,22,Yes,No,DSL,Yes,No,No,No,Yes,No,One year,Yes,Bank transfer (automatic),63.77,1393.50,No
2537-AXQKQ,Female,0,No,No,44,Yes,Yes,DSL,No,No,No,Yes,No,No,Two year,No,Bank transfer (automatic),59.79,2629.91,No
6087-ABRRF,Female,0,Yes,No,64,Yes,No,No,No internet service,No internet service,No internet service,No internet service,No internet service,No internet service,Month-to-month,No,Bank transfer (automatic),24.62,1572.64,No
3709-DJKEI,Male,1,No,No,11,Yes,Yes,DSL,No,Yes,No,Yes,No,Yes,Month-to-month,Yes,Electronic check,75.57,842.28,No
4239-GAFHQ,Male,0,No,No,45,Yes,No,Fiber optic,No,No,No,Yes,Yes,No,Month-to-month,Yes,Mailed check,87.34,3915.88,No
7608-KSBWK,Male,0,Yes,No,32,Yes,No,No,No internet service,No internet service,No internet service,No internet service,No internet service,No internet service,Two year,Yes,Mailed check,25.46,805.81,No
2092-VCUYG,Female,0,No,No,21,Yes,No,No,No internet service,No internet service,No internet service,No internet service,No internet service,No internet service,Month-to-month,No,Electronic check,24.39,518.14,No
1063-KWFWD,Male,0,Yes,Yes,9,No,No phone service,No,No internet service,No internet service,No internet service,No internet service,No internet service,No internet service,One year,Yes,Mailed check,18.25,158.42,No
2422-DHRDK,Female,0,Yes,No,13,Yes,Yes,No,No internet service,No internet service,No internet service,No internet service,No internet service,No internet service,Month-to-month,No,Bank transfer (automatic),30.08,382.49,No
2610-ZAFSG,Female,1,Yes,No,10,Yes,No,Fiber optic,No,No,Yes,Yes,No,No,Month-to-month,No,Credit card (automatic),82.65,827.12,Yes
7441-XZMAJ,Male,0,No,No,18,Yes,Yes,DSL,No,No,Yes,Yes,No,Yes,Month-to-month,No,Mailed check,76.96,1381.31,No
8000-GDWUL,Male,0,No,No,50,Yes,Yes,DSL,Yes,No,No,No,No,No,Month-to-month,No,Electronic check,61.94,3082.32,No
6963-BXRPI,Female,0,Yes,No,27,Yes,Yes,DSL,No,Yes,Yes,Yes,Yes,No,Month-to-month,No,Electronic check,81.5,2177.73,No
4887-XTPTR,Female,0,Yes,No,26,No,No phone service,Fiber optic,No,Yes,No,No,Yes,No,Two year,No,Bank transfer (automatic),82.22,2151.88,No
3352-ROHRX,Female,0,Yes,No,10,Yes,No,DSL,No,No,No,No,No,Yes,Two year,Yes,Bank transfer (automatic),57.51,581.28,No
6255-ZUXOL,Female,0,Yes,No,21,Yes,Yes,Fiber optic,No,Yes,No,Yes,No,Yes,Month-to-month,Yes,Electronic check,106.86,2259.45,Yes
4656-MYCZW,Female,0,No,No,24,Yes,Yes,Fiber optic,No,No,No,No,No,No,Two year,Yes,Bank transfer (automatic),80.77,1922.28,No
9216-DQFKF,Female,0,No,Yes,18,Yes,No,DSL,No,No,No,No,No,No,Two year,Yes,Credit card (automatic),50.29,926.22,No
5102-LNBVV,Male,0,Yes,No,63,Yes,Yes,DSL,No,No,Yes,Yes,No,Yes,Two year,Yes,Bank transfer (automatic),80.46,5067.63,No
4994-IUMJF,Male,0,Yes,No,38,No,No phone service,No,No internet service,No internet service,No internet service,No internet service,No internet service,No internet service,One year,Yes,Bank transfer (automatic),18.25,674.94,No
3903-BJCGG,Male,0,Yes,No,6,Yes,Yes,No,No internet service,No internet service,No internet service,No internet service,No internet service,No internet service,Month-to-month,No,Electronic check,31.36,195.43,No
0760-HNNBH,Male,0,Yes,Yes,5,Yes,No,Fiber optic,No,No,Yes,No,Yes,No,Month-to-month,Yes,Credit card (automatic),87.78,431.64,Yes
2965-UOKZN,Female,0,No,No,8,Yes,Yes,Fiber optic,No,No,No,No,Yes,Yes,Month-to-month,Yes,Mailed check,103.29,841.05,Yes
1108-PHXQE,Female,0,Yes,Yes,17,Yes,Yes,DSL,No,No,Yes,No,Yes,No,Month-to-month,No,Mailed check,69.97,1177.70,No
5194-FIOJQ,Male,0,Yes,Yes,30,Yes,No,Fiber optic,No,Yes,No,Yes,No,Yes,One year,Yes,Credit card (automatic),92.58,2787.24,No
9280-QAWUV,Male,1,No,Yes,69,Yes,No,DSL,Yes,Yes,No,No,Yes,No,Month-to-month,No,Mailed check,68.84,4733.85,No
7112-MSMSD,Male,1,No,No,61,No,No phone service,DSL,No,No,No,No,Yes,Yes,Month-to-month,Yes,Mailed check,60.01,3657.71,No
2185-SYDDX,Male,0,Yes,No,60,Yes,Yes,DSL,No,No,Yes,No,No,No,Two year,Yes,Credit card (automatic),62.88,3780.60,No
6696-ZPPEO,Male,0,Yes,Yes,45,Yes,Yes,Fiber optic,No,Yes,No,No,No,No,Month-to-month,No,Electronic check,86.17,3890.67,Yes
6378-MSGLZ,Female,0,No,No,8,Yes,Yes,Fiber optic,No,No,No,No,No,Yes,Month-to-month,No,Electronic check,92.58,717.45,Yes
8016-RGACU,Female,0,Yes,No,21,Yes,No,Fiber optic,Yes,Yes,No,No,No,No,Month-to-month,Yes,Electronic check,81.37,1712.41,Yes
5882-XMDWV,Male,0,No,No,52,Yes,Yes,Fiber optic,No,No,No,Yes,Yes,No,Two year,No,Mailed check,97.22,5064.86,No
7531-GKDMI,Male,0,No,Yes,20,No,No phone service,DSL,Yes,No,No,No,No,No,Two year,No,Bank transfer (automatic),47.21,938.38,No
8642-CYYLK,Male,0,Yes,No,34,No,No phone service,Fiber optic,Yes,No,No,Yes,No,No,Month-to-month,No,Credit card (automatic),81.34,2760.34,No
3094-NPXJD,Male,0,Yes,Yes,28,Yes,Yes,No,No internet service,No internet service,No internet service,No internet service,No internet service,No internet service,One year,Yes,Mailed check,37.2,1017.55,No
9938-OIGZX,Male,0,Yes,Yes,52,Yes,No,No,No internet service,No internet service,No internet service,No internet service,No internet service,No internet service,Month-to-month,Yes,Electronic check,27.16,1414.46,No
3752-WCKWU,Male,1,No,No,61,Yes,Yes,DSL,Yes,No,No,No,No,No,Month-to-month,Yes,Mailed check,58.37,3558.65,No
3273-HZCJM,Male,0,No,No,57,Yes,Yes,No,No internet service,No internet service,No internet service,No internet service,No internet service,No internet service,Month-to-month,No,Electronic check,34.26,1946.04,No
8544-MSBFA,Male,0,No,No,60,Yes,No,Fiber optic,No,Yes,No,No,No,Yes,Two year,Yes,Electronic check,87.44,5241.19,No
6438-ZPQKO,Female,0,Yes,No,34,Yes,No,Fiber optic,No,Yes,Yes,No,No,No,Two year,Yes,Electronic check,80.87,2739.97,No
3254-WMAUN,Male,0,Yes,No,39,Yes,No,No,No internet service,No internet service,No internet service,No internet service,No internet service,No internet service,Month-to-month,Yes,Electronic check,25.91,1013.76,No
1118-ZCDOE,Male,0,Yes,No,58,Yes,No,Fiber optic,Yes,No,No,No,No,No,Two year,No,Electronic check,77.72,4508.24,No
3349-PYLYN,Male,0,No,Yes,0,No,No phone service,DSL,Yes,No,No,No,No,Yes,Month-to-month,No,Electronic check,59.85, ,Yes
5259-TCVOK,Female,0,No,No,43,Yes,Yes,DSL,Yes,No,No,No,No,Yes,Month-to-month,No,Credit card (automatic),75.03,3230.12,No
5187-FQRDW,Male,0,Yes,No,57,Yes,Yes,No,No internet service,No internet service,No internet service,No internet service,No internet service,No internet service,Month-to-month,Yes,Mailed check,34.35,1958.77,No
8949-BKKKA,Female,0,Yes,No,53,Yes,No,No,No internet service,No internet service,No internet service,No internet service,No internet service,No internet service,Month-to-month,Yes,Electronic check,22.33,1190.87,No
9046-YIXAU,Male,0,No,Yes,8,Yes,Yes,DSL,No,No,No,No,Yes,Yes,Month-to-month,No,Electronic check,77.35,632.43,Yes
5530-SJOTD,Female,0,Yes,No,24,No,No phone service,Fiber optic,Yes,Yes,Yes,No,No,No,Month-to-month,Yes,Electronic check,83.19,1986.44,Yes
3483-YIAEI,Female,0,No,No,37,Yes,No,DSL,No,No,No,No,No,Yes,Month-to-month,No,Credit card (automatic),60.91,2243.76,No
3431-ZPRBP,Male,0,Yes,No,24,Yes,No,No,No internet service,No internet service,No internet service,No internet service,No internet service,No internet service,Month-to-month,Yes,Mailed check,25.07,598.14,No
0290-DQDSY,Male,0,Yes,No,6,Yes,No,No,No internet service,No internet service,No internet service,No internet service,No internet service,No internet service,One year,Yes,Credit card (automatic),22.51,127.68,No
0786-QDJQD,Male,0,Yes,No,45,No,No phone service,Fiber optic,Yes,Yes,Yes,Yes,Yes,No,One year,Yes,Electronic check,97.83,4415.68,No
2105-GFYLI,Female,0,Yes,No,34,Yes,No,No,No internet service,No internet service,No internet service,No internet service,No internet service,No internet service,Two year,No,Credit card (automatic),26.57,904.85,No
1180-UAWIF,Female,0,Yes,No,60,Yes,Yes,Fiber optic,No,Yes,No,Yes,No,Yes,Month-to-month,Yes,Mailed check,100.54,6024.76,Yes
1582-PYXOL,Male,0,Yes,Yes,0,No,No phone service,DSL,No,Yes,Yes,Yes,No,No,Month-to-month,No,Credit card (automatic),54.25, ,Yes
6795-CWDJN,Female,0,Yes,Yes,19,Yes,No,No,No internet service,No internet service,No internet service,No internet service,No internet service,No internet service,Month-to-month,Yes,Bank transfer (automatic),21.27,405.02,No
4766-HJSSB,Male,0,Yes,No,57,No,No phone service,DSL,Yes,No,No,No,No,No,Month-to-month,Yes,Electronic check,52.23,2975.90,No
0955-MJLXF,Female,0,Yes,No,64,Yes,Yes,DSL,Yes,No,No,Yes,Yes,No,Month-to-month,Yes,Mailed check,75.61,4841.65,No
5066-JYNOW,Male,1,Yes,Yes,36,No,No phone service,Fiber optic,No,No,No,Yes,No,No,Month-to-month,Yes,Bank transfer (automatic),71.15,2560.69,Yes
7380-HCNQB,Male,0,No,No,23,Yes,No,Fiber optic,No,Yes,No,Yes,No,No,Month-to-month,No,Electronic check,83.61,1923.39,Yes
5428-HCRHP,Female,1,No,Yes,4,Yes,Yes,DSL,No,No,No,Yes,Yes,No,Month-to-month,Yes,Bank transfer (automatic),73.36,302.85,No
4809-SERCD,Female,0,Yes,No,10,Yes,No,Fiber optic,Yes,No,No,No,Yes,Yes,One year,No,Mailed check,100.32,994.84,No
3808-PIKFQ,Female,0,Yes,No,34,Yes,Yes,DSL,No,No,No,Yes,No,No,Month-to-month,No,Mailed check,65.52,2224.59,No
5744-AQXUH,Female,0,Yes,No,28,Yes,No,Fiber optic,Yes,No,No,No,No,Yes,Two year,Yes,Bank transfer (automatic),87.15,2447.63,No
9139-IMCVW,Female,0,No,No,22,Yes,No,Fiber optic,Yes,No,Yes,No,No,Yes,Month-to-month,No,Credit card (automatic),93.77,2068.30,Yes
2019-GWAZG,Male,0,Yes,Yes,23,Yes,No,No,No internet service,No internet service,No internet service,No internet service,No internet service,No internet service,Two year,No,Credit card (automatic),23.43,527.09,No
9556-GAJUO,Male,0,Yes,No,64,Yes,No,DSL,Yes,No,No,Yes,No,No,One year,No,Mailed check,56.42,3601.56,No
7722-WODFY,Female,0,No,No,43,Yes,No,No,No internet service,No internet service,No internet service,No internet service,No internet service,No internet service,Month-to-month,No,Bank transfer (automatic),24.08,1021.98,No
9115-SQRMG,Female,0,Yes,No,25,Yes,No,DSL,No,No,No,No,No,No,Month-to-month,No,Mailed check,48.26,1203.31,No
3173-DRPNQ,Female,0,No,No,55,Yes,No,Fiber optic,No,Yes,Yes,No,No,Yes,Month-to-month,Yes,Electronic check,93.66,5159.93,Yes
0256-MIUIH,Male,0,No,No,19,Yes,Yes,Fiber optic,No,No,Yes,No,No,Yes,One year,No,Bank transfer (automatic),96.75,1843.69,No
0278-NTNNN,Male,0,No,Yes,65,Yes,No,Fiber optic,No,Yes,No,No,Yes,No,Two year,No,Electronic check,90.5,5881.04,No
5381-VCJTB,Male,0,No,Yes,32,Yes,No,DSL,Yes,No,No,No,No,No,Month-to-month,Yes,Electronic check,50.9,1612.19,No
7970-ZVAFG,Male,0,Yes,Yes,46,Yes,No,Fiber optic,No,No,Yes,Yes,Yes,No,Two year,Yes,Bank transfer (automatic),91.35,4213.12,No
1878-JDTHA,Male,0,No,No,44,Yes,No,DSL,No,No,No,No,No,Yes,Month-to-month,Yes,Credit card (automatic),62.05,2725.65,No
7668-OMPZW,Male,0,Yes,No,44,Yes,No,DSL,No,No,No,No,Yes,No,Two year,Yes,Mailed check,57.16,2511.70,No
1006-ETUJZ,Male,0,No,No,69,Yes,Yes,Fiber optic,No,No,Yes,No,Yes,No,Month-to-month,No,Electronic check,98.15,6768.57,Yes
5950-BSTFM,Female,0,Yes,No,11,Yes,No,Fiber optic,Yes,No,No,No,Yes,Yes,Month-to-month,Yes,Bank transfer (automatic),97.64,1059.13,Yes
8178-RYWYV,Male,0,Yes,Yes,55,Yes,No,Fiber optic,No,Yes,Yes,No,Yes,No,Month-to-month,Yes,Bank transfer (automatic),90.69,5002.97,Yes
1798-XRHSC,Male,0,No,Yes,66,Yes,No,Fiber optic,No,Yes,No,No,No,No,Month-to-month,Yes,Credit card (automatic),75.33,4988.81,Yes
8883-LWMHO,Male,0,Yes,No,21,Yes,No,DSL,No,Yes,Yes,No,No,No,One year,No,Mailed check,57.04,1195.95,No
4085-SCNJQ,Male,0,Yes,Yes,37,Yes,No,DSL,No,Yes,No,No,Yes,Yes,Month-to-month,No,Bank transfer (automatic),72.29,2659.05,No
7106-KIVXX,Female,0,Yes,No,42,Yes,Yes,Fiber optic,Yes,No,Yes,No,No,Yes,Month-to-month,No,Bank transfer (automatic),101.31,4265.55,Yes
8688-LKQFH,Female,0,No,No,5,No,No phone service,Fiber optic,Yes,No,No,No,No,Yes,One year,Yes,Mailed check,83.86,425.47,No
9831-KIIHC,Female,0,Yes,No,10,Yes,Yes,Fiber optic,No,Yes,No,Yes,No,No,One year,Yes,Electronic check,94.85,946.74,No
4120-DUROS,Female,0,No,No,16,Yes,No,No,No internet service,No internet service,No internet service,No internet service,No internet service,No internet service,Month-to-month,Yes,Credit card (automatic),23.62,404.03,No
5568-TEKBV,Male,0,No,Yes,12,Yes,Yes,DSL,Yes,No,Yes,No,No,No,Two year,Yes,Bank transfer (automatic),67.18,815.58,No
3465-XVJNH,Female,0,No,No,47,Yes,No,No,No internet service,No internet service,No internet service,No internet service,No internet service,No internet service,Month-to-month,No,Electronic check,25.04,1167.47,No
3620-IIVBP,Male,0,No,Yes,37,Yes,No,No,No internet service,No internet service,No internet service,No internet service,No internet service,No internet service,Two year,No,Credit card (automatic),24.21,878.79,No
7956-MASOA,Female,0,No,No,37,Yes,Yes,No,No internet service,No internet service,No internet service,No internet service,No internet service,No internet service,Month-to-month,Yes,Credit card (automatic),36.07,1330.35,No
9003-WGLME,Female,1,Yes,Yes,48,Yes,No,Fiber optic,No,Yes,No,No,Yes,No,One year,No,Mailed check,86.73,4183.77,No
5146-NYVNJ,Female,0,Yes,Yes,64,Yes,Yes,No,No internet service,No internet service,No internet service,No internet service,No internet service,No internet service,Two year,No,Electronic check,31.36,2003.37,No
3286-NFWOH,Male,1,No,Yes,49,Yes,Yes,No,No internet service,No internet service,No internet service,No internet service,No internet service,No internet service,Month-to-month,Yes,Credit card (automatic),34.6,1694.58,No
4221-XALHS,Female,1,Yes,No,12,Yes,Yes,Fiber optic,No,No,Yes,No,No,No,Two year,Yes,Electronic check,87.96,1043.90,Yes
8198-FAEJY,Female,0,No,No,2,Yes,Yes,No,No internet service,No internet service,No internet service,No internet service,No internet service,No internet service,Two year,No,Electronic check,33.45,61.98,No
5630-UBXDQ,Female,1,Yes,No,27,Yes,Yes,No,No internet service,No internet service,No internet service,No internet service,No internet service,No internet service,Month-to-month,Yes,Electronic check,37.63,1015.02,No
9612-NYOMI,Male,1,No,No,69,Yes,Yes,DSL,Yes,No,Yes,Yes,Yes,No,Month-to-month,No,Credit card (automatic),81.05,5594.21,No
1280-BPBZS,Male,0,No,No,45,Yes,No,Fiber optic,Yes,No,No,No,No,No,Month-to-month,No,Electronic check,78.82,3545.24,Yes
9291-XHXRM,Male,1,Yes,No,45,Yes,Yes,Fiber optic,Yes,No,No,Yes,No,No,Month-to-month,No,Electronic check,93.36,4199.27,Yes
8646-XYRFI,Male,0,No,No,8,Yes,Yes,Fiber optic,No,No,No,No,No,No,Two year,Yes,Mailed check,85.45,676.15,No
5102-EGJJS,Male,0,No,No,61,Yes,Yes,DSL,No,No,No,Yes,Yes,No,Two year,No,Credit card (automatic),68.84,4206.44,No
8939-RCUCE,Female,0,No,No,44,Yes,No,Fiber optic,Yes,No,No,Yes,No,Yes,Month-to-month,Yes,Mailed check,92.13,4064.88,No
3925-XMDYV,Male,0,Yes,No,32,Yes,Yes,Fiber optic,Yes,Yes,No,No,No,No,Month-to-month,Yes,Electronic check,94.17,3027.12,Yes
4244-NDLFS,Female,0,No,Yes,3,Yes,No,DSL,No,No,Yes,No,Yes,No,Month-to-month,No,Bank transfer (automatic),63.09,178.27,Yes
9066-PDIRQ,Male,1,No,No,12,Yes,Yes,Fiber optic,Yes,Yes,No,No,No,No,One year,No,Mailed check,93.27,1104.59,No
2681-FSULY,Female,1,Yes,No,51,Yes,No,Fiber optic,No,No,Yes,Yes,No,No,Two year,Yes,Electronic check,81.63,4162.68,No
2040-HGOKR,Male,0,Yes,No,37,Yes,No,Fiber optic,No,No,Yes,No,No,Yes,Month-to-month,No,Credit card (automatic),89.19,3309.35,Yes
8463-LAXMA,Female,0,Yes,No,64,Yes,No,Fiber optic,No,No,Yes,Yes,No,No,Month-to-month,No,Electronic check,85.39,5464.86,Yes
2577-RYPTT,Male,1,No,No,45,Yes,Yes,DSL,No,No,Yes,No,No,No,Two year,Yes,Electronic check,66.35,2980.20,No
1096-JSTIV,Male,0,Yes,No,0,Yes,Yes,No,No internet service,No internet service,No internet service,No internet service,No internet service,No internet service,Month-to-month,Yes,Bank transfer (automatic),33.24, ,Yes
0884-XGKHY,Male,1,No,Yes,31,No,No phone service,Fiber optic,No,No,Yes,Yes,Yes,No,Month-to-month,No,Mailed check,87.94,2731.84,Yes
1947-PPSKF,Female,0,Yes,Yes,48,Yes,No,No,No internet service,No internet service,No internet service,No internet service,No internet service,No internet service,Month-to-month,No,Electronic check,23.54,1155.33,No
5627-XIXCF,Male,1,Yes,No,18,Yes,Yes,DSL,Yes,No,Yes,Yes,No,No,Month-to-month,Yes,Mailed check,71.38,1271.89,No
8021-LXFJK,Female,0,No,Yes,51,No,No phone service,DSL,Yes,No,Yes,No,No,Yes,Month-to-month,Yes,Mailed check,62.41,3196.29,No
7156-XIUSB,Female,1,Yes,Yes,38,Yes,Yes,DSL,No,Yes,No,Yes,No,No,Month-to-month,No,Bank transfer (automatic),66.26,2513.77,No
7095-RCXAF,Male,1,No,No,61,Yes,Yes,DSL,Yes,No,No,No,No,No,Two year,Yes,Electronic check,63.81,3885.58,No
2527-ETIOU,Female,1,Yes,Yes,40,Yes,Yes,Fiber optic,Yes,No,No,Yes,Yes,No,Two year,Yes,Mailed check,101.62,4072.98,No
3777-TQBTP,Male,0,Yes,Yes,19,Yes,Yes,DSL,No,No,Yes,Yes,No,No,Month-to-month,No,Mailed check,68.17,1292.67,No
9192-YYNKI,Female,0,No,Yes,21,Yes,Yes,DSL,Yes,Yes,No,No,Yes,Yes,Month-to-month,No,Mailed check,88.18,1838.92,No
6302-ONHDZ,Male,0,Yes,No,30,Yes,Yes,DSL,No,No,Yes,No,Yes,No,Two year,No,Bank transfer (automatic),72.64,2178.96,No
9176-JYROE,Female,0,No,No,55,Yes,Yes,Fiber optic,No,Yes,No,Yes,No,Yes,One year,Yes,Mailed check,106.13,5838.52,No
5119-DOHON,Female,0,Yes,No,18,No,No phone service,Fiber optic,Yes,Yes,No,No,No,No,Month-to-month,No,Electronic check,79.74,1434.92,Yes
4832-ZOXQY,Male,0,No,Yes,65,Yes,No,DSL,No,No,Yes,Yes,Yes,No,One year,Yes,Mailed check,69.19,4498.21,No
3872-SNICD,Male,1,No,No,65,Yes,No,No,No internet service,No internet service,No internet service,No internet service,No internet service,No internet service,One year,No,Electronic check,24.8,1608.04,No
8326-VQJXQ,Female,0,No,Yes,37,Yes,No,DSL,No,No,No,Yes,No,Yes,Month-to-month,Yes,Bank transfer (automatic),61.93,2300.63,No
3556-NKLNE,Female,1,Yes,No,38,Yes,Yes,DSL,No,No,No,No,No,No,Month-to-month,No,Electronic check,56.49,2149.28,Yes
4356-ZOZAY,Male,0,No,No,27,Yes,No,DSL,Yes,Yes,No,No,No,Yes,Month-to-month,No,Credit card (automatic),69.18,1851.29,No
7682-ZDPGV,Female,0,Yes,Yes,10,Yes,No,DSL,No,No,No,No,No,Yes,One year,No,Credit card (automatic),56.23,544.59,No
1196-YOIGX,Female,1,Yes,Yes,20,Yes,No,Fiber optic,No,No,No,No,Yes,No,Month-to-month,No,Electronic check,81.7,1649.62,Yes
9206-HBYTZ,Female,0,Yes,No,28,Yes,No,DSL,Yes,Yes,No,Yes,No,Yes,Two year,Yes,Electronic check,72.71,2044.20,No
8271-SQETQ,Female,0,No,Yes,41,Yes,Yes,Fiber optic,Yes,Yes,Yes,Yes,No,Yes,Month-to-month,No,Bank transfer (automatic),107.2,4397.83,No
9855-KBWLL,Female,0,No,Yes,11,Yes,Yes,DSL,No,No,No,No,No,Yes,One year,No,Credit card (automatic),66.5,726.47,No
8574-RMOPD,Male,0,No,Yes,1,Yes,Yes,DSL,No,Yes,No,Yes,No,No,Two year,Yes,Credit card (automatic),69.67,73.56,No
0051-VPAJS,Female,0,No,No,39,Yes,No,No,No internet service,No internet service,No internet service,No internet service,No internet service,No internet service,Two year,No,Electronic check,23.25,916.70,No
8175-VWELD,Male,0,Yes,Yes,62,Yes,No,DSL,No,No,No,No,Yes,No,Two year,No,Mailed check,59.2,3672.34,No
5734-GFMDM,Female,1,Yes,Yes,32,Yes,No,No,No internet service,No internet service,No internet service,No internet service,No internet service,No internet service,One year,Yes,Bank transfer (automatic),24.42,787.98,No
3930-UHGEC,Male,0,No,Yes,45,Yes,Yes,DSL,Yes,No,No,Yes,Yes,No,Month-to-month,Yes,Credit card (automatic),76.21,3448.50,No
0623-NUMLX,Male,0,No,No,9,No,No phone service,No,No internet service,No internet service,No internet service,No internet service,No internet service,No internet service,Month-to-month,Yes,Mailed check,18.25,151.95,No
6829-AQZMN,Male,0,No,No,10,Yes,No,No,No internet service,No internet service,No internet service,No internet service,No internet service,No internet service,Month-to-month,Yes,Mailed check,23.17,229.40,No
0116-IXDBS,Female,0,No,Yes,15,Yes,Yes,No,No internet service,No internet service,No internet service,No internet service,No internet service,No internet service,One year,Yes,Bank transfer (automatic),32.47,497.69,No
9487-MLSIJ,Female,0,No,No,7,Yes,Yes,No,No internet service,No internet service,No internet service,No internet service,No internet service,No internet service,Two year,Yes,Credit card (automatic),31.72,212.97,No
2970-TDFLR,Male,0,Yes,Yes,46,Yes,No,No,No internet service,No internet service,No internet service,No internet service,No internet service,No internet service,Month-to-month,Yes,Electronic check,21.83,1002.42,No
6495-NFNLV,Female,0,Yes,Yes,45,Yes,Yes,Fiber optic,Yes,No,No,No,No,Yes,One year,No,Bank transfer (automatic),100.16,4489.56,No
9793-ZHIMT,Male,1,No,Yes,3,Yes,No,No,No internet service,No internet service,No internet service,No internet service,No internet service,No internet service,One year,Yes,Credit card (automatic),21.29,83.84,No
0206-ATNQM,Male,0,No,No,43,Yes,No,Fiber optic,No,Yes,No,No,Yes,No,Month-to-month,No,Mailed check,88.98,3821.92,Yes
1046-SNXNO,Female,0,No,No,16,Yes,Yes,No,No internet service,No internet service,No internet service,No internet service,No internet service,No internet service,Two year,Yes,Electronic check,34.44,549.92,No
4447-BRXIJ,Female,0,Yes,No,4,Yes,Yes,No,No internet service,No internet service,No internet service,No internet service,No internet service,No internet service,Month-to-month,Yes,Electronic check,35.12,134.61,No
9137-RTZQP,Female,0,Yes,No,71,Yes,Yes,Fiber optic,No,No,No,No,No,No,Month-to-month,Yes,Bank transfer (automatic),80.37,5707.64,Yes
1600-RDWTU,Female,0,Yes,No,52,No,No phone service,No,No internet service,No internet service,No internet service,No internet service,No internet service,No internet service,One year,No,Mailed check,18.25,950.43,No
3385-CFMWG,Male,0,Yes,No,4,Yes,No,Fiber optic,Yes,No,No,No,No,No,Two year,No,Credit card (automatic),82.98,313.68,No
7305-XEMSD,Male,0,No,No,34,Yes,No,No,No internet service,No internet service,No internet service,No internet service,No internet service,No internet service,One year,Yes,Electronic check,28.32,945.75,No
7548-JCWYM,Female,0,No,Yes,22,Yes,Yes,DSL,Yes,No,No,Yes,No,Yes,Month-to-month,Yes,Credit card (automatic),81.98,1814.12,No
3992-QIARI,Male,0,No,No,21,Yes,No,DSL,No,No,No,Yes,Yes,Yes,Two year,No,Credit card (automatic),74.42,1572.93,No
4388-BSPCP,Female,1,Yes,No,58,No,No phone service,DSL,No,Yes,Yes,No,No,No,Month-to-month,Yes,Mailed check,53.6,3115.82,No
4295-RFFRF,Male,1,Yes,No,65,Yes,No,DSL,No,Yes,No,Yes,No,No,One year,Yes,Credit card (automatic),56.47,3653.99,No
5546-MOLUA,Female,0,Yes,No,35,Yes,Yes,No,No internet service,No internet service,No internet service,No internet service,No internet service,No internet service,Month-to-month,Yes,Credit card (automatic),29.64,1048.14,No
8219-VHBDR,Female,0,Yes,No,66,Yes,Yes,Fiber optic,Yes,Yes,Yes,No,No,No,One year,Yes,Credit card (automatic),99.87,6577.32,No
8919-BULEL,Male,0,No,No,27,Yes,Yes,DSL,No,Yes,No,Yes,No,Yes,Month-to-month,No,Electronic check,77.16,2079.21,No
6015-BPTZP,Female,0,Yes,No,72,Yes,Yes,No,No internet service,No internet service,No internet service,No internet service,No internet service,No internet service,Two year,No,Mailed check,30.13,2160.97,No
5694-HFETV,Male,0,Yes,No,22,No,No phone service,DSL,No,No,Yes,No,Yes,No,One year,Yes,Mailed check,58.96,1326.64,No
5505-QEWQQ,Male,0,No,Yes,12,Yes,No,DSL,No,No,No,Yes,No,No,Month-to-month,No,Bank transfer (automatic),58.9,707.60,No
5654-FNPCI,Male,0,Yes,No,72,Yes,Yes,Fiber optic,Yes,No,No,Yes,Yes,No,Two year,No,Electronic check,103.94,7483.12,No
4199-WCACY,Female,0,Yes,Yes,68,Yes,No,DSL,No,No,No,No,No,No,Month-to-month,Yes,Credit card (automatic),47.12,3207.37,No
4623-QCWDB,Male,0,No,Yes,29,Yes,Yes,DSL,No,No,No,Yes,Yes,No,Two year,Yes,Electronic check,74.33,2162.01,No
4415-JTASN,Male,0,No,Yes,55,Yes,Yes,Fiber optic,No,No,No,No,No,No,Month-to-month,No,Mailed check,81.65,4481.75,Yes
8965-NAYIQ,Female,1,No,No,59,Yes,Yes,Fiber optic,No,No,Yes,No,No,Yes,Two year,Yes,Bank transfer (automatic),97.12,5743.15,No
5619-HXFYC,Female,0,No,No,20,Yes,Yes,DSL,No,No,No,No,Yes,Yes,Month-to-month,Yes,Mailed check,78.92,1575.80,No
1156-FKCPE,Female,0,No,Yes,41,Yes,Yes,Fiber optic,No,No,No,Yes,No,No,Month-to-month,Yes,Electronic check,84.82,3453.39,Yes
7516-PXDPQ,Male,0,Yes,No,47,Yes,No,Fiber optic,No,Yes,Yes,Yes,Yes,Yes,Two year,No,Mailed check,108.57,5093.55,No
1361-FRGBS,Male,0,Yes,No,21,Yes,No,DSL,Yes,Yes,No,Yes,No,Yes,Month-to-month,No,Mailed check,72.69,1546.12,No
8348-GHOSK,Male,0,No,No,67,Yes,No,DSL,No,No,No,Yes,Yes,No,Month-to-month,No,Mailed check,62.82,4215.34,No
3631-NZFYP,Female,0,No,No,72,Yes,No,Fiber optic,Yes,No,Yes,No,No,No,One year,Yes,Credit card (automatic),81.87,5890.68,No
1070-ASUYJ,Female,0,No,No,49,Yes,Yes,DSL,Yes,Yes,No,No,Yes,No,Two year,No,Mailed check,81.08,3981.01,No
1007-JZJRI,Male,0,No,Yes,62,Yes,No,No,No internet service,No internet service,No internet service,No internet service,No internet service,No internet service,Month-to-month,No,Bank transfer (automatic),20.89,1280.80,No
8121-FWLVS,Female,0,Yes,No,47,No,No phone service,DSL,No,No,No,No,Yes,No,Month-to-month,No,Electronic check,52.18,2461.01,No
2114-XFYKU,Male,0,Yes,No,65,Yes,No,Fiber optic,Yes,No,Yes,Yes,No,No,Month-to-month,Yes,Electronic check,88.72,5781.41,No
9389-NEAEP,Female,0,Yes,No,54,Yes,No,DSL,No,No,No,No,Yes,No,One year,No,Electronic check,61.02,3287.50,No
4415-URJOX,Female,0,Yes,No,35,Yes,Yes,Fiber optic,No,No,No,No,No,No,One year,No,Mailed check,80.5,2823.91,No
5928-MTCPG,Female,0,No,No,28,Yes,Yes,DSL,Yes,No,No,Yes,No,Yes,Two year,Yes,Mailed check,78.95,2221.90,No
7600-UHNJS,Female,0,Yes,No,46,Yes,No,DSL,No,No,Yes,No,Yes,Yes,Month-to-month,No,Credit card (automatic),72.49,3313.66,No
7239-WCDPX,Male,0,Yes,No,49,Yes,No,No,No internet service,No internet service,No internet service,No internet service,No internet service,No internet service,Month-to-month,Yes,Bank transfer (automatic),27.45,1335.19,No
3833-MUQWY,Male,0,No,No,8,No,No phone service,Fiber optic,No,No,No,Yes,No,Yes,One year,Yes,Electronic check,84.31,672.04,No
8052-TXDHT,Male,0,Yes,No,61,No,No phone service,DSL,No,No,No,No,Yes,Yes,Month-to-month,Yes,Electronic check,62.55,3822.14,Yes
8509-BWJWS,Male,1,Yes,No,4,Yes,Yes,No,No internet service,No internet service,No internet service,No internet service,No internet service,No internet service,Month-to-month,No,Electronic check,30.39,124.51,No
0799-GJXAN,Male,0,No,No,6,Yes,No,DSL,Yes,No,No,Yes,No,No,Two year,Yes,Electronic check,58.0,348.71,No
2104-CZOHF,Female,0,No,Yes,43,Yes,Yes,Fiber optic,No,No,Yes,Yes,Yes,No,Month-to-month,No,Credit card (automatic),102.78,4419.39,Yes
9885-BIRSV,Female,0,Yes,No,36,Yes,Yes,DSL,No,No,Yes,No,Yes,Yes,One year,Yes,Bank transfer (automatic),78.09,2803.84,No
1413-OKSEF,Female,0,No,No,2,Yes,No,No,No internet service,No internet service,No internet service,No internet service,No internet service,No internet service,Two year,Yes,Electronic check,22.8,29.55,No
6978-NDTWL,Female,0,Yes,Yes,14,No,No phone service,Fiber optic,No,Yes,No,No,No,Yes,Month-to-month,No,Electronic check,85.97,1204.64,Yes
9981-MVZZH,Male,0,No,No,2,Yes,Yes,No,No internet service,No internet service,No internet service,No internet service,No internet service,No internet service,One year,Yes,Bank transfer (automatic),34.12,66.00,No
4470-FZMIF,Male,1,Yes,No,13,No,No phone service,DSL,No,No,Yes,No,Yes,No,Two year,No,Electronic check,57.91,752.47,No
6390-ILVST,Female,1,Yes,Yes,3,Yes,No,DSL,No,Yes,No,No,No,No,Month-to-month,No,Mailed check,52.83,155.96,Yes
9558-TEUCB,Male,0,No,No,34,Yes,Yes,Fiber optic,No,No,No,No,Yes,No,Month-to-month,No,Electronic check,92.08,3136.79,Yes
7989-KINEI,Male,0,No,Yes,7,Yes,Yes,DSL,No,Yes,No,Yes,No,Yes,Month-to-month,Yes,Credit card (automatic),76.64,523.69,No
3120-UALKA,Male,0,No,No,34,Yes,No,Fiber optic,Yes,No,No,No,No,No,One year,Yes,Mailed check,78.82,2682.86,No
6175-TYOZH,Female,1,No,Yes,67,Yes,Yes,No,No internet service,No internet service,No internet service,No internet service,No internet service,No internet service,Month-to-month,Yes,Electronic check,32.08,2134.97,No
9223-NIIUY,Male,0,Yes,No,35,Yes,Yes,No,No internet service,No internet service,No internet service,No internet service,No internet service,No internet service,Month-to-month,Yes,Credit card (automatic),33.39,1171.07,No
5779-WDPTF,Female,0,No,Yes,43,Yes,Yes,Fiber optic,No,No,Yes,No,No,No,Month-to-month,Yes,Mailed check,89.43,3848.78,Yes
8644-XFQQY,Male,0,Yes,Yes,63,Yes,Yes,Fiber optic,No,Yes,Yes,No,Yes,Yes,Month-to-month,Yes,Mailed check,109.74,6901.92,Yes
7501-ZSZCB,Female,0,Yes,No,66,Yes,No,DSL,Yes,No,Yes,No,No,No,One year,Yes,Mailed check,55.09,3646.56,No
1563-QFGTF,Female,0,No,No,19,Yes,Yes,No,No internet service,No internet service,No internet service,No internet service,No internet service,No internet service,Month-to-month,Yes,Electronic check,31.52,605.75,No
8393-ZESJR,Female,0,Yes,No,71,Yes,No,Fiber optic,Yes,Yes,No,No,Yes,No,Two year,No,Electronic check,92.13,6536.35,No
8044-HVVVT,Female,0,Yes,No,56,Yes,Yes,DSL,Yes,No,No,No,No,Yes,Two year,No,Mailed check,71.28,3986.81,No
0295-UJQER,Female,0,No,No,54,No,No phone service,No,No internet service,No internet service,No internet service,No internet service,No internet service,No internet service,Two year,Yes,Bank transfer (automatic),18.25,984.44,No
0356-YEHHK,Male,1,Yes,No,13,Yes,Yes,Fiber optic,No,No,No,No,No,No,Two year,No,Electronic check,81.31,1046.08,Yes
8228-WTQPG,Female,0,Yes,Yes,0,Yes,Yes,Fiber optic,No,Yes,Yes,No,Yes,No,Two year,No,Electronic check,101.53, ,Yes
9524-SHEZZ,Male,0,No,Yes,56,No,No phone service,No,No internet service,No internet service,No internet service,No internet service,No internet service,No internet service,Month-to-month,Yes,Mailed check,19.26,1073.89,No
5178-SMFFB,Male,0,Yes,No,13,Yes,No,DSL,No,Yes,No,Yes,No,No,Month-to-month,Yes,Electronic check,56.91,750.52,No
9747-NMHOL,Female,1,Yes,Yes,50,Yes,Yes,Fiber optic,No,Yes,Yes,Yes,Yes,Yes,One year,No,Mailed check,119.82,6003.20,No
2464-FBHEV,Male,0,Yes,No,57,Yes,Yes,DSL,No,Yes,Yes,No,No,No,Month-to-month,No,Mailed check,70.26,4020.34,No
0913-KIFXB,Male,0,Yes,No,8,No,No phone service,DSL,No,No,No,No,No,No,Month-to-month,Yes,Mailed check,44.08,359.77,No
9403-JAKPK,Male,0,No,No,47,Yes,Yes,DSL,No,No,No,Yes,Yes,No,Month-to-month,Yes,Credit card (automatic),70.15,3297.72,No
8162-RTGWI,Female,0,No,Yes,26,Yes,Yes,Fiber optic,Yes,No,No,Yes,No,No,One year,No,Electronic check,91.42,2371.87,No
2659-PGWZE,Male,0,Yes,No,71,Yes,No,DSL,Yes,No,Yes,No,No,Yes,Month-to-month,No,Credit card (automatic),69.35,4916.15,No
8662-QPUXU,Male,0,Yes,No,27,Yes,No,Fiber optic,Yes,No,Yes,No,No,No,Two year,Yes,Bank transfer (automatic),86.26,2327.29,No
9281-SDZAD,Female,0,Yes,No,55,No,No phone service,Fiber optic,No,No,Yes,No,No,No,One year,Yes,Electronic check,69.31,3818.17,No
3871-WFWKD,Female,0,Yes,No,33,Yes,No,No,No internet service,No internet service,No internet service,No internet service,No internet service,No internet service,Two year,No,Electronic check,24.69,814.59,No
4581-YZADL,Male,1,Yes,No,1,Yes,No,DSL,Yes,No,No,Yes,No,No,Month-to-month,No,Credit card (automatic),56.16,52.64,Yes
4853-PBPPU,Male,0,Yes,Yes,23,Yes,No,Fiber optic,Yes,Yes,No,Yes,Yes,No,Month-to-month,Yes,Electronic check,94.56,2195.54,Yes
7750-OXDRQ,Male,0,No,No,48,Yes,Yes,Fiber optic,No,Yes,No,No,No,No,Month-to-month,No,Bank transfer (automatic),89.42,4277.59,Yes
6133-JABQV,Male,0,Yes,No,39,Yes,No,DSL,No,Yes,No,No,No,No,Month-to-month,Yes,Credit card (automatic),50.27,1965.69,No
2073-JGJRV,Male,0,No,Yes,7,Yes,Yes,DSL,No,No,No,No,No,No,Month-to-month,Yes,Credit card (automatic),55.2,366.24,No
5600-RNKBU,Female,0,Yes,No,68,Yes,No,Fiber optic,Yes,No,No,No,Yes,No,One year,Yes,Bank transfer (automatic),92.94,6316.02,No
0152-TAUTH,Female,0,No,Yes,66,Yes,Yes,Fiber optic,No,Yes,Yes,Yes,Yes,No,Month-to-month,Yes,Credit card (automatic),104.63,6896.23,Yes
2909-EAKUI,Male,0,Yes,Yes,29,Yes,Yes,DSL,No,Yes,No,No,Yes,No,One year,No,Bank transfer (automatic),70.61,2046.35,No
4119-YLNEX,Male,0,No,Yes,51,Yes,No,Fiber optic,No,No,No,No,Yes,Yes,Month-to-month,Yes,Credit card (automatic),92.85,4734.15,Yes
9313-LKDKI,Male,0,No,Yes,38,Yes,Yes,Fiber optic,No,No,No,No,No,No,Month-to-month,Yes,Credit card (automatic),81.56,3088.55,Yes
9595-UFAUV,Male,0,Yes,Yes,70,Yes,Yes,Fiber optic,No,No,Yes,No,Yes,Yes,Two year,Yes,Electronic check,108.6,7593.90,No
7343-WZVNT,Female,0,Yes,No,12,Yes,No,DSL,No,Yes,No,No,Yes,No,Month-to-month,Yes,Mailed check,63.94,758.12,No
5372-HMRVX,Female,0,Yes,Yes,1,Yes,Yes,DSL,Yes,Yes,Yes,No,Yes,Yes,Two year,Yes,Mailed check,90.98,114.33,No
0589-ZRKMA,Male,0,No,No,65,Yes,No,Fiber optic,Yes,Yes,No,Yes,No,No,Month-to-month,Yes,Electronic check,92.25,5983.18,Yes
1450-GDIOF,Male,0,Yes,Yes,65,Yes,No,Fiber optic,Yes,Yes,Yes,No,Yes,No,Month-to-month,No,Credit card (automatic),94.86,6170.15,Yes
8031-VDINC,Female,0,Yes,No,14,Yes,No,No,No internet service,No internet service,No internet service,No internet service,No internet service,No internet service,Two year,No,Electronic check,22.4,292.46,No
0088-EORIM,Female,0,Yes,No,58,Yes,Yes,Fiber optic,No,Yes,Yes,No,No,No,Month-to-month,No,Electronic check,92.69,5373.82,Yes
7995-GVETG,Female,0,No,Yes,17,Yes,Yes,Fiber optic,No,No,No,No,No,No,Month-to-month,Yes,Electronic check,83.06,1424.55,Yes
3999-YUXMO,Male,0,Yes,No,68,Yes,Yes,Fiber optic,Yes,Yes,Yes,No,No,No,One year,Yes,Bank transfer (automatic),99.43,6772.73,No
5325-ABWOD,Male,1,No,No,29,Yes,No,Fiber optic,Yes,No,No,Yes,Yes,Yes,Month-to-month,No,Credit card (automatic),104.47,3029.18,No
4901-TXJTC,Male,0,No,No,4,Yes,Yes,Fiber optic,Yes,Yes,No,No,No,Yes,Two year,No,Electronic check,102.86,418.21,No
2427-ELNGK,Female,0,No,No,39,Yes,Yes,Fiber optic,Yes,Yes,Yes,No,No,No,One year,Yes,Mailed check,100.16,3905.60,No
7472-PNGHG,Male,1,Yes,No,20,Yes,No,DSL,Yes,No,Yes,No,No,No,Month-to-month,Yes,Electronic check,55.17,1103.20,No
1759-SDWCQ,Female,0,No,No,63,Yes,No,DSL,Yes,Yes,No,Yes,No,No,One year,No,Electronic check,63.39,3980.13,No
5295-ZLSFK,Female,0,Yes,No,7,Yes,Yes,DSL,No,No,No,No,No,No,Month-to-month,Yes,Electronic check,59.82,406.64,Yes
3399-PRNDL,Male,0,Yes,Yes,5,Yes,No,DSL,Yes,No,No,No,Yes,No,Month-to-month,No,Mailed check,62.99,312.97,No
3647-GZIXY,Female,1,No,Yes,67,No,No phone service,Fiber optic,Yes,No,Yes,No,Yes,No,Month-to-month,Yes,Electronic check,87.42,5868.93,Yes
0924-YHNZG,Female,0,Yes,No,57,Yes,Yes,Fiber optic,Yes,No,No,No,Yes,Yes,Month-to-month,No,Electronic check,107.78,6153.96,Yes
1534-NUMDT,Male,1,Yes,Yes,51,Yes,Yes,Fiber optic,Yes,No,No,Yes,Yes,No,One year,Yes,Mailed check,103.4,5261.67,No
3101-GLAVD,Male,1,No,No,29,Yes,Yes,Fiber optic,Yes,No,No,No,No,No,Month-to-month,Yes,Bank transfer (automatic),88.41,2564.26,Yes
1265-OOFHH,Female,0,Yes,No,56,Yes,Yes,DSL,No,No,Yes,Yes,No,Yes,Month-to-month,No,Bank transfer (automatic),79.53,4469.75,No
5096-XUMKD,Male,1,No,Yes,26,Yes,No,No,No internet service,No internet service,No internet service,No internet service,No internet service,No internet service,Two year,No,Mailed check,24.46,643.85,No
6552-PZDEI,Female,0,Yes,No,43,Yes,No,Fiber optic,No,No,Yes,Yes,No,No,Two year,No,Mailed check,82.53,3549.91,No
7259-QSJLW,Female,0,No,Yes,68,Yes,Yes,Fiber optic,No,No,Yes,No,No,Yes,Two year,Yes,Mailed check,98.44,6686.02,No
6126-LVGJY,Male,0,No,No,10,Yes,Yes,DSL,Yes,No,Yes,No,Yes,Yes,One year,No,Credit card (automatic),87.23,875.29,No
7539-YWERI,Female,0,No,Yes,42,Yes,Yes,No,No internet service,No internet service,No internet service,No internet service,No internet service,No internet service,Two year,No,Electronic check,29.55,1249.75,No
6889-EGEOS,Female,0,No,No,34,Yes,No,DSL,No,No,Yes,Yes,No,Yes,Month-to-month,Yes,Mailed check,70.66,2400.76,No
9778-KVBCM,Female,0,Yes,Yes,10,Yes,No,Fiber optic,No,Yes,No,No,No,No,Month-to-month,Yes,Credit card (automatic),81.16,814.76,Yes
9501-XKHVC,Female,1,No,No,53,Yes,Yes,DSL,Yes,Yes,Yes,No,No,Yes,One year,No,Mailed check,83.43,4413.14,No
1509-FIGYB,Male,0,No,No,49,Yes,No,No,No internet service,No internet service,No internet service,No internet service,No internet service,No internet service,Month-to-month,Yes,Electronic check,22.32,1099.24,No
4868-NPVPG,Female,0,No,No,60,Yes,Yes,Fiber optic,Yes,No,Yes,No,Yes,Yes,Month-to-month,No,Electronic check,111.89,6712.18,Yes
9450-ABNDI,Male,0,Yes,No,4,Yes,No,DSL,Yes,Yes,No,No,Yes,No,One year,Yes,Bank transfer (automatic),70.87,276.46,No
6504-KDUIP,Female,1,No,No,25,Yes,Yes,DSL,No,No,No,No,Yes,Yes,Month-to-month,Yes,Credit card (automatic),76.53,1923.56,No
2372-MSYUZ,Male,0,Yes,Yes,32,Yes,No,DSL,No,Yes,Yes,No,Yes,Yes,One year,Yes,Credit card (automatic),76.44,2458.50,No
0665-VCCPJ,Male,1,Yes,Yes,22,Yes,No,Fiber optic,Yes,No,No,No,No,No,Two year,Yes,Mailed check,73.58,1599.93,No
8069-GXFXA,Female,0,Yes,Yes,57,Yes,Yes,Fiber optic,Yes,Yes,Yes,No,No,No,One year,Yes,Credit card (automatic),99.25,5652.98,No
0832-FZPMI,Female,0,No,Yes,70,Yes,Yes,DSL,No,Yes,No,No,No,Yes,Month-to-month,Yes,Electronic check,76.06,5318.07,Yes
9384-MWSCL,Male,1,No,Yes,8,Yes,No,DSL,No,No,No,No,Yes,Yes,Month-to-month,Yes,Bank transfer (automatic),69.01,550.07,Yes
2758-YXQFD,Female,0,No,Yes,15,Yes,No,Fiber optic,No,Yes,Yes,Yes,No,Yes,Month-to-month,Yes,Credit card (automatic),96.94,1459.35,Yes
3281-QOJCT,Female,0,No,Yes,72,Yes,No,DSL,No,Yes,Yes,No,Yes,Yes,One year,Yes,Credit card (automatic),74.27,5331.67,No
3500-RDWVO,Male,1,Yes,Yes,43,Yes,Yes,Fiber optic,Yes,No,Yes,No,No,No,Two year,No,Credit card (automatic),93.94,4049.42,No
8645-JYQYV,Female,0,Yes,No,27,Yes,Yes,DSL,No,No,Yes,No,No,No,Month-to-month,Yes,Credit card (automatic),63.65,1711.11,No
3406-OMHUB,Male,0,No,No,22,Yes,No,Fiber optic,No,Yes,No,No,No,Yes,Two year,Yes,Credit card (automatic),86.73,1899.82,No
7969-YDKID,Male,1,Yes,No,11,Yes,No,DSL,No,Yes,No,No,Yes,No,Month-to-month,No,Electronic check,62.72,694.25,Yes
2291-ZSNXK,Female,0,No,No,41,Yes,No,Fiber optic,No,No,Yes,No,No,No,Month-to-month,Yes,Electronic check,79.3,3264.77,Yes
7111-JWOVL,Female,1,Yes,No,8,Yes,No,Fiber optic,Yes,Yes,No,Yes,Yes,No,Month-to-month,Yes,Credit card (automatic),99.52,800.20,Yes
0106-FBBPB,Female,0,Yes,Yes,57,No,No phone service,DSL,Yes,Yes,No,No,No,No,Month-to-month,Yes,Credit card (automatic),54.22,3090.91,No
7603-KTGRD,Male,0,No,No,72,No,No phone service,DSL,No,Yes,No,No,No,Yes,Month-to-month,No,Credit card (automatic),60.66,4360.03,No
0301-RPLJP,Female,0,No,No,18,Yes,No,No,No internet service,No internet service,No internet service,No internet service,No internet service,No internet service,Two year,Yes,Electronic check,23.51,422.92,No
2755-YXBVA,Male,1,Yes,Yes,35,Yes,Yes,DSL,No,No,No,No,No,No,One year,No,Credit card (automatic),59.33,2071.34,No
8338-CEAVS,Female,0,Yes,No,65,Yes,No,DSL,No,No,No,No,Yes,No,One year,No,Bank transfer (automatic),57.25,3706.91,No
0959-BPHNO,Male,0,No,No,56,Yes,No,DSL,No,Yes,No,No,Yes,No,Month-to-month,Yes,Mailed check,61.03,3419.06,No
1328-RSGDF,Female,0,No,No,56,Yes,No,Fiber optic,No,Yes,No,Yes,No,No,Month-to-month,Yes,Credit card (automatic),84.02,4715.11,No
2053-RWZEV,Female,0,No,No,24,Yes,Yes,DSL,No,No,Yes,Yes,No,No,One year,Yes,Credit card (automatic),68.87,1650.03,No
5815-ITLMV,Male,0,Yes,No,12,Yes,Yes,DSL,No,No,No,No,No,Yes,Month-to-month,No,Bank transfer (automatic),66.96,820.75,No
6043-MMJOO,Female,1,Yes,No,58,Yes,Yes,Fiber optic,Yes,No,Yes,No,No,Yes,One year,No,Mailed check,104.96,6083.34,No
1116-KMKDO,Male,0,Yes,No,12,Yes,No,DSL,Yes,No,Yes,Yes,Yes,No,Two year,Yes,Mailed check,72.52,861.23,No
5681-PJLMI,Female,1,Yes,Yes,26,Yes,No,Fiber optic,No,Yes,Yes,No,Yes,Yes,Two year,Yes,Mailed check,99.11,2600.18,No
4552-KJWOM,Female,0,Yes,Yes,39,Yes,No,No,No internet service,No internet service,No internet service,No internet service,No internet service,No internet service,Month-to-month,Yes,Bank transfer (automatic),23.29,909.15,No
6741-PMSIO,Female,0,Yes,No,51,Yes,No,Fiber optic,Yes,Yes,No,No,No,No,Two year,No,Bank transfer (automatic),80.27,4091.02,No
5774-QVGIP,Male,0,No,Yes,16,Yes,Yes,Fiber optic,Yes,Yes,No,Yes,No,No,Month-to-month,Yes,Bank transfer (automatic),91.69,1467.98,No
1190-URSBD,Female,0,Yes,No,50,Yes,Yes,No,No internet service,No internet service,No internet service,No internet service,No internet service,No internet service,Month-to-month,Yes,Credit card (automatic),32.51,1626.54,No
2891-GOSJX,Female,0,No,No,1,Yes,No,Fiber optic,No,No,Yes,No,No,No,Month-to-month,Yes,Electronic check,79.28,73.78,Yes
3382-WQGZK,Female,0,No,No,11,No,No phone service,DSL,Yes,Yes,No,No,No,No,Month-to-month,No,Credit card (automatic),52.16,574.33,No
1585-CQLDT,Female,0,Yes,Yes,27,Yes,No,DSL,No,No,No,No,Yes,No,One year,Yes,Electronic check,58.25,1567.32,No
7996-JGWRI,Male,0,Yes,No,24,Yes,Yes,No,No internet service,No internet service,No internet service,No internet service,No internet service,No internet service,Two year,Yes,Electronic check,32.31,762.57,No
5100-QDDNI,Female,0,Yes,No,30,No,No phone service,No,No internet service,No internet service,No internet service,No internet service,No internet service,No internet service,One year,Yes,Credit card (automatic),18.25,541.14,No
0227-RFTZF,Male,0,No,No,26,Yes,Yes,Fiber optic,No,No,Yes,Yes,No,Yes,Month-to-month,Yes,Mailed check,99.66,2581.53,Yes
4880-SQVPL,Female,1,No,Yes,58,Yes,Yes,Fiber optic,No,No,Yes,Yes,Yes,No,Two year,Yes,Bank transfer (automatic),98.24,5696.56,No
2054-LXBHL,Male,0,Yes,No,0,Yes,Yes,Fiber optic,Yes,No,Yes,No,No,Yes,One year,Yes,Bank transfer (automatic),103.29, ,Yes
4793-ODZOD,Male,1,No,Yes,34,Yes,No,Fiber optic,Yes,No,Yes,No,No,No,Month-to-month,No,Electronic check,81.83,2775.60,Yes
5388-CWEOI,Female,0,Yes,No,0,Yes,Yes,Fiber optic,No,Yes,No,Yes,Yes,No,One year,No,Mailed check,100.24, ,Yes
1294-LPEJO,Male,0,Yes,No,8,Yes,Yes,Fiber optic,No,No,Yes,No,No,Yes,Month-to-month,No,Credit card (automatic),97.45,797.31,Yes
6770-QCAQZ,Female,1,No,No,32,No,No phone service,Fiber optic,No,No,Yes,No,No,Yes,One year,Yes,Electronic check,80.28,2571.21,No
7081-YNGYS,Female,0,No,No,43,Yes,Yes,DSL,No,Yes,No,Yes,No,No,Two year,No,Bank transfer (automatic),67.78,2893.44,No
0095-GYFEB,Male,0,Yes,No,52,Yes,No,Fiber optic,No,No,No,No,No,No,One year,No,Mailed check,67.59,3500.91,No
1707-ZWGUS,Male,0,Yes,No,46,Yes,Yes,Fiber optic,Yes,Yes,No,No,Yes,No,Month-to-month,Yes,Electronic check,105.43,4850.09,Yes
6661-CSTYZ,Male,0,Yes,No,45,Yes,Yes,DSL,No,No,Yes,No,No,No,Two year,Yes,Mailed check,64.96,2928.98,No
0663-KQCPE,Female,0,Yes,No,17,Yes,No,DSL,No,Yes,No,No,Yes,No,Two year,No,Mailed check,61.08,1041.73,No
1699-GJEOL,Male,0,No,No,15,Yes,No,No,No internet service,No internet service,No internet service,No internet service,No internet service,No internet service,Month-to-month,No,Bank transfer (automatic),23.83,362.26,No
9503-TKHOB,Male,0,No,No,58,Yes,No,DSL,No,No,Yes,No,No,No,Month-to-month,No,Electronic check,51.73,2992.75,No
0654-MHKOM,Female,0,No,No,51,No,No phone service,No,No internet service,No internet service,No internet service,No internet service,No internet service,No internet service,Two year,Yes,Mailed check,22.51,1168.16,No
1180-VMCUX,Female,1,No,No,52,Yes,Yes,Fiber optic,No,Yes,Yes,No,Yes,No,Month-to-month,No,Bank transfer (automatic),99.95,5190.60,Yes
6379-KNRGE,Male,0,No,No,59,Yes,No,Fiber optic,No,No,No,No,Yes,No,One year,No,Bank transfer (automatic),85.24,5037.81,No
5296-WBPQJ,Female,1,Yes,Yes,8,Yes,No,Fiber optic,No,No,Yes,Yes,No,Yes,Two year,Yes,Electronic check,94.83,743.73,No
1792-TXCFB,Male,0,Yes,No,27,Yes,No,Fiber optic,No,No,Yes,No,No,No,Month-to-month,No,Bank transfer (automatic),75.66,2027.88,Yes
2083-VWBXI,Female,0,Yes,No,65,Yes,Yes,No,No internet service,No internet service,No internet service,No internet service,No internet service,No internet service,Two year,Yes,Mailed check,35.19,2291.44,No
9141-EGVDN,Male,0,No,No,21,Yes,No,DSL,No,No,No,Yes,Yes,No,Month-to-month,Yes,Mailed check,62.08,1310.72,No
1698-ASWPO,Male,0,No,Yes,34,Yes,No,Fiber optic,No,Yes,No,No,Yes,No,Month-to-month,Yes,Mailed check,86.41,2929.08,Yes
8469-GDURH,Male,1,Yes,No,40,Yes,Yes,DSL,No,No,No,No,Yes,No,Month-to-month,No,Electronic check,68.52,2751.74,Yes
0126-FNWED,Male,0,No,Yes,30,Yes,No,DSL,Yes,Yes,No,No,No,Yes,One year,Yes,Electronic check,67.53,2029.85,No
6296-BLXVL,Male,1,Yes,No,62,Yes,No,No,No internet service,No internet service,No internet service,No internet service,No internet service,No internet service,One year,Yes,Credit card (automatic),23.23,1442.41,No
2242-FBXMI,Female,0,No,No,58,Yes,No,DSL,Yes,No,Yes,No,No,No,One year,Yes,Mailed check,56.6,3286.44,No
6293-PZBYP,Male,1,Yes,No,9,Yes,No,DSL,No,Yes,Yes,No,Yes,No,One year,Yes,Mailed check,68.0,613.72,No
4195-GMBOQ,Male,0,Yes,No,35,Yes,No,Fiber optic,No,Yes,No,No,Yes,Yes,One year,Yes,Electronic check,100.04,3491.14,No
6023-RGUQL,Male,0,No,No,71,Yes,Yes,DSL,No,No,No,No,No,No,Month-to-month,Yes,Electronic check,55.91,3985.95,No
7963-ROWKR,Male,1,Yes,Yes,46,Yes,No,No,No internet service,No internet service,No internet service,No internet service,No internet service,No internet service,Month-to-month,Yes,Mailed check,23.67,1096.91,No
5066-LTDJU,Female,0,No,Yes,57,No,No phone service,DSL,No,Yes,Yes,No,Yes,Yes,One year,Yes,Mailed check,71.69,4085.10,No
1893-KYNCY,Male,0,No,No,46,Yes,Yes,DSL,No,Yes,Yes,Yes,No,No,Two year,Yes,Credit card (automatic),71.65,3306.58,No
0636-PJOPF,Male,0,No,No,21,Yes,No,Fiber optic,Yes,No,Yes,No,Yes,No,Month-to-month,Yes,Electronic check,97.83,2070.07,Yes
3376-DVVQM,Female,1,No,No,29,Yes,No,Fiber optic,No,No,No,No,No,No,Two year,No,Electronic check,76.07,2215.66,No
1355-AHRUD,Female,0,No,Yes,22,Yes,Yes,DSL,Yes,No,No,No,Yes,No,Two year,Yes,Bank transfer (automatic),71.77,1583.55,No
4497-ZGLYK,Male,0,No,No,46,Yes,No,Fiber optic,No,No,No,No,No,No,Month-to-month,Yes,Mailed check,71.87,3299.06,Yes
0551-HFKZI,Male,0,No,Yes,53,Yes,Yes,DSL,No,No,No,No,No,No,Month-to-month,Yes,Electronic check,56.38,2981.52,No
9465-OUVDS,Female,0,No,No,15,Yes,Yes,DSL,No,Yes,Yes,No,No,Yes,One year,No,Electronic check,79.63,1175.43,No
0058-XLRIH,Male,0,No,No,9,Yes,Yes,Fiber optic,Yes,No,Yes,Yes,No,No,Two year,No,Bank transfer (automatic),95.29,860.03,No
8381-AMYJH,Male,0,No,No,35,No,No phone service,No,No internet service,No internet service,No internet service,No internet service,No internet service,No internet service,Month-to-month,No,Credit card (automatic),18.78,656.71,No
6708-LPJYL,Male,0,Yes,No,27,Yes,No,DSL,Yes,No,Yes,No,No,No,Month-to-month,Yes,Credit card (automatic),62.75,1671.12,No
8531-TGAYC,Female,0,No,No,41,Yes,No,No,No internet service,No internet service,No internet service,No internet service,No internet service,No internet service,One year,No,Mailed check,23.37,934.12,No
3423-EAPIJ,Female,0,Yes,No,16,Yes,No,Fiber optic,No,No,No,Yes,No,No,Month-to-month,No,Bank transfer (automatic),80.07,1297.79,Yes
9383-NQEMY,Male,0,Yes,Yes,47,Yes,No,DSL,No,No,Yes,No,No,Yes,Two year,Yes,Electronic check,64.81,3028.75,No
2422-QRRYW,Female,0,No,No,51,Yes,Yes,Fiber optic,No,No,No,No,No,No,Two year,No,Bank transfer (automatic),82.06,4189.98,No
7182-JBQYX,Female,0,Yes,No,59,Yes,Yes,No,No internet service,No internet service,No internet service,No internet service,No internet service,No internet service,Month-to-month,Yes,Electronic check,30.23,1768.41,No
3622-TPBNZ,Female,0,No,No,38,Yes,Yes,DSL,Yes,Yes,No,No,No,No,Month-to-month,Yes,Credit card (automatic),70.05,2675.61,No
3927-KRKIS,Male,1,Yes,No,50,Yes,Yes,DSL,No,No,Yes,No,No,Yes,Month-to-month,No,Credit card (automatic),75.03,3757.66,No
3992-CXHFT,Female,0,No,No,50,Yes,Yes,Fiber optic,No,Yes,No,No,No,No,One year,No,Electronic check,91.86,4598.13,No
0375-BSGKK,Female,0,No,No,4,Yes,No,Fiber optic,No,No,No,No,Yes,No,Month-to-month,No,Bank transfer (automatic),83.02,322.26,Yes
3347-GYPOE,Female,0,Yes,No,63,Yes,No,DSL,No,No,No,No,No,No,Month-to-month,No,Credit card (automatic),45.98,2900.74,No
0355-IZUEV,Male,0,Yes,No,35,Yes,No,DSL,No,No,Yes,No,No,Yes,Month-to-month,No,Mailed check,63.22,2208.21,No
5257-FPPUC,Female,0,Yes,No,38,Yes,Yes,Fiber optic,No,No,No,No,No,No,Two year,Yes,Bank transfer (automatic),81.54,3083.14,No
0455-VSTOS,Male,1,Yes,No,10,Yes,No,Fiber optic,No,Yes,No,Yes,No,Yes,Two year,Yes,Electronic check,94.7,943.43,No
1767-MVOLO,Female,0,No,No,53,Yes,No,DSL,Yes,No,No,Yes,Yes,No,Month-to-month,No,Bank transfer (automatic),69.49,3674.54,No
6094-TJSRY,Male,0,Yes,No,3,Yes,Yes,No,No internet service,No internet service,No internet service,No internet service,No internet service,No internet service,Month-to-month,No,Bank transfer (automatic),34.31,93.20,No
7915-CSEGG,Female,1,No,No,47,Yes,No,Fiber optic,Yes,No,No,Yes,No,Yes,Two year,Yes,Electronic check,91.68,4311.25,No
9066-FFMPM,Female,0,Yes,No,54,Yes,Yes,Fiber optic,No,No,Yes,No,No,No,Month-to-month,No,Credit card (automatic),87.66,4718.67,Yes
1222-RYFBS,Male,0,Yes,No,32,Yes,Yes,Fiber optic,No,Yes,No,No,No,No,Month-to-month,Yes,Mailed check,84.71,2725.29,Yes
9536-VOFCK,Male,0,Yes,No,0,Yes,No,Fiber optic,Yes,Yes,Yes,Yes,No,No,Two year,Yes,Bank transfer (automatic),91.08, ,Yes
7851-QSSXU,Female,0,Yes,No,33,Yes,Yes,DSL,Yes,Yes,No,Yes,No,Yes,Two year,No,Electronic check,81.7,2704.36,No
0364-ZPFNZ,Male,0,Yes,No,28,Yes,Yes,No,No internet service,No internet service,No internet service,No internet service,No internet service,No internet service,Month-to-month,Yes,Electronic check,30.73,857.72,No
3181-RMRQM,Female,0,Yes,No,66,Yes,No,DSL,No,No,No,Yes,Yes,No,Two year,No,Credit card (automatic),62.0,4107.43,No
2560-EUADZ,Male,1,No,Yes,23,Yes,No,No,No internet service,No internet service,No internet service,No internet service,No internet service,No internet service,Month-to-month,Yes,Bank transfer (automatic),23.37,529.34,No
0066-SWCRZ,Female,0,No,Yes,65,Yes,Yes,Fiber optic,No,No,No,No,No,No,Month-to-month,No,Electronic check,80.74,5250.10,Yes
3926-LQFOB,Male,0,No,No,70,Yes,Yes,Fiber optic,Yes,Yes,No,No,No,Yes,Month-to-month,Yes,Mailed check,100.95,7069.97,Yes
7429-GKOBE,Female,0,No,No,60,Yes,No,No,No internet service,No internet service,No internet service,No internet service,No internet service,No internet service,Two year,No,Electronic check,23.4,1391.49,No
7002-PSMWV,Female,0,No,No,42,Yes,Yes,DSL,No,Yes,No,Yes,Yes,Yes,Two year,Yes,Bank transfer (automatic),87.71,3692.63,No
6311-JQMYN,Male,0,No,No,44,Yes,Yes,Fiber optic,Yes,No,No,No,No,No,Two year,No,Mailed check,88.8,3898.54,No
6921-SGECY,Male,0,Yes,No,34,Yes,No,Fiber optic,No,Yes,No,No,No,Yes,Two year,Yes,Electronic check,89.85,3061.63,No
1695-FNGVB,Female,0,No,Yes,32,Yes,Yes,Fiber optic,No,Yes,No,No,Yes,Yes,Month-to-month,No,Electronic check,109.22,3495.99,Yes
4287-ZKRAO,Female,1,Yes,No,68,Yes,No,DSL,No,No,No,No,No,No,Two year,No,Electronic check,49.8,3378.60,No
3391-WOCGG,Female,1,Yes,No,66,Yes,No,DSL,No,No,No,No,No,Yes,Two year,Yes,Electronic check,59.05,3895.11,No
0537-PPHCT,Male,0,No,No,11,Yes,No,Fiber optic,Yes,No,No,No,No,No,Month-to-month,No,Credit card (automatic),71.79,794.14,Yes
0916-NPOGM,Female,0,No,No,67,Yes,Yes,Fiber optic,No,Yes,No,No,Yes,No,Month-to-month,No,Credit card (automatic),96.27,6456.40,Yes
8988-FXYLW,Male,0,Yes,Yes,31,Yes,Yes,DSL,No,No,No,Yes,Yes,Yes,Month-to-month,Yes,Credit card (automatic),80.13,2466.02,No
3353-GHHHB,Male,0,Yes,No,23,Yes,Yes,DSL,No,No,No,Yes,No,No,Month-to-month,Yes,Mailed check,62.87,1450.66,No
9111-PTETE,Male,0,No,No,50,Yes,No,DSL,No,No,No,Yes,No,No,Two year,No,Electronic check,52.22,2602.05,No
3690-MQRMQ,Male,0,No,No,65,Yes,Yes,Fiber optic,No,No,Yes,Yes,No,Yes,Month-to-month,Yes,Mailed check,104.75,6795.85,Yes
9925-JKFAF,Male,0,No,Yes,68,Yes,No,No,No internet service,No internet service,No internet service,No internet service,No internet service,No internet service,One year,Yes,Bank transfer (automatic),19.57,1329.85,No
4656-BAWYR,Male,0,No,No,11,Yes,Yes,DSL,No,No,No,No,Yes,No,Month-to-month,Yes,Electronic check,65.25,707.82,Yes
6252-JKEBH,Male,0,No,No,24,No,No phone service,DSL,Yes,No,No,No,No,No,One year,No,Electronic check,46.9,1124.79,No
7650-XAHKR,Male,1,Yes,No,23,No,No phone service,No,No internet service,No internet service,No internet service,No internet service,No internet service,No internet service,Month-to-month,Yes,Electronic check,18.99,428.65,No
7936-PEPXL,Female,0,Yes,No,43,Yes,No,No,No internet service,No internet service,No internet service,No internet service,No internet service,No internet service,Two year,Yes,Electronic check,22.22,958.03,No
5402-JYNYU,Female,0,Yes,No,44,Yes,No,No,No internet service,No internet service,No internet service,No internet service,No internet service,No internet service,One year,No,Mailed check,24.26,1075.37,No
2540-RLEIL,Male,1,No,No,56,Yes,Yes,Fiber optic,No,No,No,No,No,No,Month-to-month,No,Mailed check,82.62,4637.77,Yes
3820-VOJNG,Female,0,No,No,44,Yes,Yes,No,No internet service,No internet service,No internet service,No internet service,No internet service,No internet service,Month-to-month,No,Mailed check,33.04,1445.88,No
3943-PCQMF,Male,0,Yes,Yes,17,Yes,No,Fiber optic,No,Yes,No,Yes,Yes,No,Month-to-month,Yes,Electronic check,93.39,1583.79,Yes
9404-FJUAU,Male,0,Yes,No,50,Yes,No,DSL,No,Yes,No,Yes,Yes,No,One year,No,Electronic check,63.64,3171.32,No
9021-QDBEJ,Male,0,No,Yes,19,Yes,Yes,DSL,No,No,No,No,No,No,Month-to-month,Yes,Mailed check,59.0,1114.77,No
0909-DGNNR,Male,0,No,No,28,Yes,No,DSL,No,Yes,No,No,No,No,One year,Yes,Credit card (automatic),52.39,1459.02,No
1045-PVRPW,Male,0,Yes,No,62,No,No phone service,Fiber optic,Yes,Yes,Yes,No,Yes,Yes,Two year,No,Electronic check,104.16,6461.69,No
5758-JBGUQ,Male,0,Yes,No,33,Yes,No,DSL,No,No,No,No,No,Yes,Month-to-month,Yes,Electronic check,61.5,2027.79,Yes
2316-QSLIN,Male,0,No,No,67,Yes,Yes,Fiber optic,Yes,No,No,Yes,Yes,No,Month-to-month,No,Electronic check,105.58,7073.41,Yes
1432-UPVQB,Male,0,Yes,No,4,Yes,No,Fiber optic,No,Yes,No,No,No,No,Month-to-month,Yes,Mailed check,77.79,319.85,Yes
0277-TFLYW,Male,0,No,No,21,Yes,No,Fiber optic,No,Yes,No,No,No,No,Month-to-month,Yes,Electronic check,79.26,1673.06,Yes
1127-JYCYL,Female,0,No,No,24,Yes,No,DSL,Yes,No,No,Yes,No,No,Two year,No,Mailed check,56.46,1349.60,No
9749-CWILF,Female,0,No,Yes,61,Yes,Yes,DSL,Yes,Yes,Yes,Yes,No,No,One year,Yes,Mailed check,75.27,4557.52,No
2467-NDRJR,Female,0,No,Yes,0,Yes,No,Fiber optic,Yes,Yes,Yes,No,Yes,No,One year,No,Electronic check,95.97, ,Yes
2706-FNBIL,Female,1,No,No,39,Yes,No,Fiber optic,No,No,No,No,Yes,No,Month-to-month,No,Credit card (automatic),84.51,3305.36,Yes
4126-GJQZN,Male,0,Yes,Yes,30,Yes,No,No,No internet service,No internet service,No internet service,No internet service,No internet service,No internet service,Two year,Yes,Bank transfer (automatic),21.76,661.41,No
3572-SXXXQ,Male,0,No,No,4,Yes,Yes,No,No internet service,No internet service,No internet service,No internet service,No internet service,No internet service,Month-to-month,No,Bank transfer (automatic),32.99,124.68,No
7718-WXPRP,Male,0,Yes,No,47,Yes,No,DSL,No,No,No,No,Yes,No,Month-to-month,Yes,Bank transfer (automatic),57.85,2721.76,No
3656-AXWTA,Female,1,Yes,No,72,Yes,No,Fiber optic,No,No,Yes,Yes,No,No,Month-to-month,Yes,Mailed check,87.93,6347.49,Yes
7967-JAUYU,Female,1,No,No,50,No,No phone service,DSL,No,No,Yes,No,Yes,No,Month-to-month,No,Credit card (automatic),54.96,2764.87,No
9288-TPTHG,Female,0,No,No,28,Yes,No,DSL,No,No,No,No,No,No,One year,Yes,Electronic check,47.63,1322.29,No
4525-XJNPM,Female,0,No,No,50,Yes,Yes,Fiber optic,No,No,No,No,No,No,Month-to-month,No,Credit card (automatic),84.11,4201.79,Yes
8272-BUNTU,Female,0,No,No,54,Yes,Yes,No,No internet service,No internet service,No internet service,No internet service,No internet service,No internet service,One year,Yes,Bank transfer (automatic),33.57,1795.35,No
5203-VBRAI,Male,0,Yes,No,41,Yes,No,Fiber optic,No,Yes,No,No,Yes,No,Two year,Yes,Mailed check,87.35,3576.58,No
2135-AIYHF,Male,0,Yes,No,19,Yes,Yes,Fiber optic,Yes,No,No,No,No,No,Month-to-month,Yes,Bank transfer (automatic),86.86,1644.06,Yes
3176-DCOFA,Male,0,Yes,Yes,59,Yes,Yes,DSL,No,No,Yes,No,No,No,One year,Yes,Credit card (automatic),64.95,3806.39,No
1620-RZZNY,Female,0,Yes,No,38,Yes,No,No,No internet service,No internet service,No internet service,No internet service,No internet service,No internet service,Month-to-month,Yes,Credit card (automatic),20.69,796.67,No
6697-OLLHP,Male,0,No,Yes,60,Yes,Yes,No,No internet service,No internet service,No internet service,No internet service,No internet service,No internet service,One year,No,Bank transfer (automatic),33.35,2015.24,No
8177-PEETU,Female,0,Yes,No,63,Yes,Yes,No,No internet service,No internet service,No internet service,No internet service,No internet service,No internet service,Two year,No,Bank transfer (automatic),31.37,1988.72,No
1142-QYRNL,Male,0,No,No,22,No,No phone service,Fiber optic,No,No,No,Yes,Yes,No,Month-to-month,No,Credit card (automatic),81.54,1803.52,Yes
9131-GOJOQ,Female,0,No,No,8,Yes,No,Fiber optic,No,No,No,Yes,No,No,One year,Yes,Mailed check,76.97,598.62,No
1418-DIQQQ,Male,0,No,No,52,Yes,No,No,No internet service,No internet service,No internet service,No internet service,No internet service,No internet service,Two year,No,Credit card (automatic),22.65,1196.62,No
3876-OASYO,Female,0,No,No,50,Yes,No,No,No internet service,No internet service,No internet service,No internet service,No internet service,No internet service,Month-to-month,No,Mailed check,22.1,1105.48,No
8455-ZTQEQ,Male,0,No,No,31,Yes,No,No,No internet service,No internet service,No internet service,No internet service,No internet service,No internet service,Month-to-month,Yes,Credit card (automatic),23.18,723.03,No
0446-PRFBM,Female,1,Yes,No,51,Yes,Yes,Fiber optic,No,No,Yes,No,No,Yes,Month-to-month,No,Bank transfer (automatic),99.29,5074.35,Yes
9439-UBHXV,Male,0,No,No,11,Yes,No,DSL,Yes,No,Yes,Yes,Yes,No,One year,No,Electronic check,73.96,818.59,No
2308-JENXS,Male,0,Yes,No,65,Yes,No,DSL,No,Yes,Yes,No,No,Yes,Month-to-month,Yes,Electronic check,68.16,4446.91,Yes
3378-CWIRD,Male,1,Yes,Yes,20,Yes,Yes,DSL,Yes,Yes,Yes,Yes,No,No,Month-to-month,No,Electronic check,78.03,1553.25,No
2738-AATSC,Female,0,Yes,No,39,Yes,No,DSL,No,Yes,No,No,Yes,Yes,Month-to-month,Yes,Electronic check,73.27,2871.96,Yes
9199-RXAOH,Female,0,Yes,No,10,Yes,Yes,DSL,No,No,Yes,No,Yes,No,Month-to-month,No,Mailed check,73.04,715.64,No
9218-PUOEM,Male,0,No,Yes,60,No,No phone service,No,No internet service,No internet service,No internet service,No internet service,No internet service,No internet service,Month-to-month,Yes,Bank transfer (automatic),18.49,1113.55,No
5366-YVPMQ,Male,1,Yes,No,27,Yes,Yes,Fiber optic,Yes,No,No,Yes,Yes,No,Month-to-month,No,Credit card (automatic),99.9,2691.94,No
8984-GADZD,Male,0,No,Yes,4,Yes,No,DSL,No,No,Yes,No,No,No,Month-to-month,Yes,Electronic check,50.26,203.28,Yes
4535-ZWCYH,Female,0,No,No,62,Yes,Yes,DSL,No,No,Yes,No,Yes,Yes,Two year,No,Mailed check,83.15,5167.90,No
0119-YLYYA,Female,0,No,No,14,Yes,No,No,No internet service,No internet service,No internet service,No internet service,No internet service,No internet service,Two year,No,Bank transfer (automatic),23.75,342.94,No
6287-CQYMJ,Male,0,No,Yes,31,Yes,Yes,DSL,No,No,Yes,No,Yes,No,Month-to-month,Yes,Mailed check,69.29,2148.09,No
0255-NJTPR,Male,0,No,No,40,Yes,Yes,Fiber optic,No,Yes,Yes,No,Yes,No,One year,Yes,Electronic check,103.71,4136.21,No
9594-FGKPY,Female,0,Yes,Yes,35,Yes,No,DSL,No,No,No,Yes,No,No,Two year,Yes,Bank transfer (automatic),51.37,1785.74,No
6394-PFIEU,Female,0,No,No,8,No,No phone service,DSL,Yes,No,No,No,No,No,Month-to-month,Yes,Electronic check,48.89,403.26,No
6121-ZJLNR,Female,0,Yes,No,43,Yes,No,Fiber optic,Yes,Yes,No,Yes,No,Yes,One year,No,Electronic check,95.69,4115.83,No
2544-BBLAS,Male,0,No,No,6,Yes,No,Fiber optic,Yes,No,No,Yes,No,Yes,Month-to-month,Yes,Mailed check,96.92,574.89,No
6468-FRAAZ,Female,0,No,Yes,43,Yes,Yes,Fiber optic,No,No,No,No,Yes,No,One year,Yes,Bank transfer (automatic),93.65,4017.54,No
8553-LRJCC,Female,0,No,No,43,Yes,Yes,DSL,Yes,Yes,Yes,No,No,No,Month-to-month,Yes,Mailed check,75.09,3234.62,No
7568-AROYU,Male,0,Yes,Yes,5,Yes,No,DSL,No,No,No,No,Yes,No,Month-to-month,No,Electronic check,57.48,305.28,Yes
3088-TYJMQ,Female,0,No,No,15,Yes,No,Fiber optic,No,No,No,Yes,No,Yes,Month-to-month,Yes,Electronic check,89.54,1340.69,Yes
4034-CBFKC,Female,0,Yes,No,65,Yes,No,DSL,No,Yes,No,No,No,No,Month-to-month,No,Mailed check,54.07,3524.41,No
9041-OROTT,Male,0,No,No,3,Yes,No,No,No internet service,No internet service,No internet service,No internet service,No internet service,No internet service,Two year,Yes,Electronic check,21.82,54.28,No
3607-MZPYJ,Female,0,Yes,Yes,63,Yes,No,DSL,No,No,Yes,No,No,No,Two year,No,Credit card (automatic),52.45,3312.03,No
5359-GFQUX,Male,0,No,Yes,4,Yes,No,Fiber optic,No,Yes,No,No,Yes,No,Two year,Yes,Electronic check,90.98,379.26,Yes
7983-JFGUH,Male,0,No,No,36,Yes,No,DSL,No,Yes,No,Yes,No,Yes,Month-to-month,No,Credit card (automatic),70.29,2523.09,No
2740-MVROG,Male,0,Yes,Yes,25,Yes,Yes,Fiber optic,No,No,No,Yes,No,No,Two year,Yes,Bank transfer (automatic),85.17,2137.42,No
8293-DDCEY,Male,0,No,Yes,29,Yes,No,DSL,No,No,Yes,No,No,No,Month-to-month,Yes,Credit card (automatic),55.04,1598.33,No
7918-JRGEG,Female,0,No,No,1,Yes,No,DSL,No,No,Yes,Yes,No,No,Two year,No,Bank transfer (automatic),57.39,56.89,No
4570-KMLAU,Male,0,No,No,17,Yes,No,Fiber optic,No,No,Yes,Yes,No,No,Month-to-month,Yes,Bank transfer (automatic),82.51,1388.08,Yes
0298-NWVXH,Female,0,No,No,6,Yes,No,No,No internet service,No internet service,No internet service,No internet service,No internet service,No internet service,One year,Yes,Electronic check,22.31,121.83,No
5333-FARFN,Female,0,Yes,No,19,Yes,No,No,No internet service,No internet service,No internet service,No internet service,No internet service,No internet service,One year,No,Bank transfer (automatic),24.73,473.82,No
0856-NQHPL,Female,0,No,No,14,Yes,No,Fiber optic,No,No,No,Yes,No,No,Month-to-month,No,Mailed check,80.43,1124.55,Yes
4456-WUQIV,Female,0,Yes,Yes,51,Yes,No,DSL,No,No,No,No,No,No,Month-to-month,Yes,Mailed check,49.53,2529.23,No
8312-LDJPX,Male,0,No,No,27,Yes,Yes,No,No internet service,No internet service,No internet service,No internet service,No internet service,No internet service,One year,No,Electronic check,32.83,900.31,No
2753-GNMUE,Female,0,Yes,Yes,63,Yes,No,No,No internet service,No internet service,No internet service,No internet service,No internet service,No internet service,One year,No,Bank transfer (automatic),23.15,1444.10,No
8293-UQWXF,Female,1,No,Yes,66,Yes,No,DSL,No,No,Yes,No,No,Yes,Two year,Yes,Mailed check,62.37,4130.29,No
8214-MYAQZ,Female,0,Yes,Yes,2,Yes,Yes,DSL,No,Yes,No,No,No,No,One year,Yes,Credit card (automatic),60.48,109.88,No
2924-TVLHH,Male,0,Yes,No,56,Yes,No,Fiber optic,No,No,Yes,No,No,No,Month-to-month,Yes,Electronic check,78.43,4390.05,Yes
3065-UDVHV,Female,0,No,No,54,No,No phone service,Fiber optic,No,No,Yes,Yes,No,No,Two year,Yes,Electronic check,80.49,4340.97,No
2823-MUBKP,Female,0,No,Yes,11,Yes,Yes,DSL,No,Yes,No,No,No,No,Two year,Yes,Electronic check,64.97,705.23,No
9915-NBJQH,Female,0,No,No,63,Yes,Yes,DSL,No,Yes,No,Yes,No,No,One year,No,Electronic check,67.28,4258.67,No
9909-VLQXN,Female,1,No,Yes,56,Yes,Yes,Fiber optic,Yes,Yes,No,Yes,No,No,Month-to-month,Yes,Credit card (automatic),97.61,5468.05,No
4240-ANDYI,Male,0,No,No,35,Yes,No,Fiber optic,No,No,Yes,No,Yes,No,Two year,Yes,Mailed check,88.14,3099.76,No
0231-WCQAS,Male,0,No,No,7,Yes,No,No,No internet service,No internet service,No internet service,No internet service,No internet service,No internet service,Month-to-month,Yes,Bank transfer (automatic),22.89,149.51,No
5306-BLEPH,Male,1,Yes,Yes,8,Yes,Yes,DSL,No,No,Yes,No,No,No,Month-to-month,Yes,Mailed check,61.99,495.04,Yes
6795-PWYVY,Male,0,No,No,34,No,No phone service,Fiber optic,Yes,No,No,No,No,No,Month-to-month,Yes,Bank transfer (automatic),73.83,2497.74,Yes
1115-BCXHK,Male,0,Yes,Yes,34,Yes,No,No,No internet service,No internet service,No internet service,No internet service,No internet service,No internet service,Month-to-month,No,Electronic check,21.39,711.67,No
3870-XPQOT,Female,0,No,No,10,Yes,No,Fiber optic,No,No,Yes,No,No,Yes,One year,Yes,Bank transfer (automatic),88.7,891.01,No
9569-DXXNN,Male,0,Yes,No,5,Yes,No,No,No internet service,No internet service,No internet service,No internet service,No internet service,No internet service,One year,No,Credit card (automatic),25.7,129.45,No
8531-OWZSM,Male,0,No,No,24,Yes,Yes,DSL,No,Yes,No,Yes,Yes,Yes,Month-to-month,No,Credit card (automatic),86.81,2091.61,No
2231-UCJEL,Female,1,No,No,0,Yes,Yes,No,No internet service,No internet service,No internet service,No internet service,No internet service,No internet service,Month-to-month,No,Bank transfer (automatic),33.27, ,Yes
6818-JFLFC,Male,1,No,No,8,Yes,Yes,No,No internet service,No internet service,No internet service,No internet service,No internet service,No internet service,One year,Yes,Mailed check,33.53,293.00,No
9834-CEHHN,Female,0,No,Yes,28,Yes,Yes,DSL,No,No,No,Yes,No,Yes,Two year,No,Mailed check,74.41,2071.10,No
7509-PFKJW,Male,0,No,No,45,Yes,Yes,Fiber optic,No,No,No,Yes,No,No,Month-to-month,No,Electronic check,86.64,3894.22,Yes
8776-RAOBV,Female,0,Yes,No,31,Yes,Yes,Fiber optic,No,Yes,No,Yes,Yes,No,One year,Yes,Mailed check,99.81,3099.84,No
1939-SVMXK,Female,0,No,Yes,30,Yes,Yes,Fiber optic,Yes,No,Yes,No,No,Yes,Two year,Yes,Electronic check,106.94,3200.16,No
5145-YVZUA,Male,0,Yes,No,5,Yes,No,No,No internet service,No internet service,No internet service,No internet service,No internet service,No internet service,Month-to-month,Yes,Credit card (automatic),24.42,125.04,No
9445-GMMTW,Female,0,Yes,No,28,Yes,Yes,Fiber optic,No,Yes,No,No,Yes,No,Month-to-month,No,Electronic check,96.31,2691.77,Yes
4537-IRKTK,Male,0,Yes,No,30,Yes,No,DSL,No,Yes,No,No,Yes,No,Two year,Yes,Electronic check,59.61,1784.20,No
7782-QYQCS,Male,0,No,No,15,No,No phone service,No,No internet service,No internet service,No internet service,No internet service,No internet service,No internet service,Two year,No,Mailed check,18.25,262.52,No
8061-WOAZJ,Male,0,Yes,Yes,3,Yes,No,DSL,Yes,No,No,No,No,No,One year,Yes,Mailed check,53.73,164.89,No
7991-SNHSA,Male,0,No,No,7,Yes,No,Fiber optic,No,Yes,Yes,Yes,Yes,No,One year,Yes,Credit card (automatic),96.02,675.04,No
8737-ECQJE,Female,0,Yes,No,64,No,No phone service,Fiber optic,Yes,No,Yes,Yes,Yes,Yes,Month-to-month,Yes,Electronic check,103.63,6629.84,Yes
5362-GNQWQ,Female,0,Yes,No,36,Yes,No,DSL,No,Yes,No,Yes,No,No,Two year,Yes,Bank transfer (automatic),58.13,2099.09,No
0113-MADBD,Female,0,No,No,29,Yes,No,Fiber optic,No,No,No,Yes,No,Yes,Two year,No,Mailed check,88.43,2559.68,No
3880-UWTUB,Female,0,Yes,No,23,Yes,Yes,No,No internet service,No internet service,No internet service,No internet service,No internet service,No internet service,Month-to-month,Yes,Mailed check,36.63,867.27,No
2696-DLAQD,Female,1,Yes,No,72,Yes,No,Fiber optic,No,Yes,Yes,Yes,No,Yes,Month-to-month,Yes,Electronic check,100.6,7253.25,Yes
3568-IZUJS,Male,0,No,No,42,Yes,Yes,Fiber optic,No,No,No,Yes,No,Yes,Two year,Yes,Credit card (automatic),96.14,4046.71,No
2506-CEPWG,Female,0,No,No,10,Yes,Yes,Fiber optic,No,No,Yes,Yes,No,Yes,Month-to-month,Yes,Electronic check,100.7,991.52,Yes
8028-HRXXR,Female,0,Yes,No,60,Yes,Yes,No,No internet service,No internet service,No internet service,No internet service,No internet service,No internet service,Month-to-month,No,Electronic check,31.19,1870.65,No
7268-TFYKE,Female,0,Yes,No,37,Yes,Yes,No,No internet service,No internet service,No internet service,No internet service,No internet service,No internet service,Two year,No,Credit card (automatic),31.75,1167.75,No
0282-KKJBT,Female,0,Yes,No,47,Yes,Yes,Fiber optic,No,No,No,No,Yes,Yes,Month-to-month,No,Electronic check,104.76,4919.44,Yes
4668-HMOBL,Female,0,No,Yes,25,No,No phone service,No,No internet service,No internet service,No internet service,No internet service,No internet service,No internet service,Month-to-month,No,Electronic check,18.25,458.95,No
7742-YWAHJ,Male,0,Yes,No,23,Yes,Yes,DSL,No,No,No,No,No,No,One year,No,Electronic check,57.34,1316.31,No
4589-NXKNC,Female,0,Yes,Yes,72,Yes,Yes,Fiber optic,No,No,No,Yes,No,No,Two year,Yes,Credit card (automatic),90.79,6534.69,No
4304-ZGQTV,Male,0,Yes,No,11,Yes,No,DSL,No,No,No,Yes,Yes,No,Month-to-month,No,Bank transfer (automatic),63.44,709.86,No
8712-ZEKWS,Male,0,No,Yes,16,Yes,No,DSL,No,No,No,Yes,No,Yes,One year,No,Bank transfer (automatic),64.04,1017.11,No
6495-FKNDH,Female,1,Yes,Yes,52,Yes,Yes,No,No internet service,No internet service,No internet service,No internet service,No internet service,No internet service,Two year,No,Electronic check,30.21,1570.86,No
8183-VGDXN,Male,0,Yes,Yes,13,No,No phone service,Fiber optic,Yes,No,No,No,Yes,No,One year,Yes,Bank transfer (automatic),82.9,1069.87,No
9707-ZLSEZ,Female,0,No,No,24,Yes,No,DSL,No,No,No,Yes,No,Yes,Month-to-month,No,Credit card (automatic),62.02,1480.74,No
7533-LTVWU,Female,1,No,Yes,12,Yes,No,Fiber optic,No,Yes,No,No,No,No,One year,No,Bank transfer (automatic),75.48,903.49,No
9767-THFCH,Female,0,Yes,No,36,Yes,Yes,Fiber optic,No,No,Yes,No,No,Yes,Two year,Yes,Electronic check,97.4,3518.30,No
6943-QZCRH,Female,0,No,No,9,Yes,No,No,No internet service,No internet service,No internet service,No internet service,No internet service,No internet service,Two year,Yes,Mailed check,21.53,181.21,No
7443-AAVOT,Female,0,No,Yes,72,Yes,No,Fiber optic,No,Yes,Yes,No,Yes,Yes,One year,Yes,Bank transfer (automatic),104.27,7505.58,No
3282-HBDAK,Female,0,Yes,Yes,6,Yes,Yes,Fiber optic,Yes,Yes,Yes,No,No,Yes,Month-to-month,Yes,Electronic check,107.97,647.34,Yes
4100-RUIFT,Male,0,No,Yes,13,Yes,No,Fiber optic,No,No,No,Yes,Yes,Yes,Month-to-month,No,Mailed check,97.87,1256.28,Yes
2720-TMUEP,Female,0,No,Yes,4,Yes,Yes,DSL,Yes,No,No,No,No,Yes,Month-to-month,No,Bank transfer (automatic),70.0,272.46,No
4773-IPAEU,Male,0,No,No,12,Yes,No,DSL,No,Yes,Yes,Yes,Yes,Yes,Month-to-month,No,Credit card (automatic),84.68,1023.72,No
4782-IHSRO,Male,0,No,Yes,19,Yes,No,DSL,Yes,Yes,No,No,No,No,Month-to-month,No,Bank transfer (automatic),54.58,1041.06,No
3134-RHASW,Female,0,Yes,No,27,Yes,Yes,Fiber optic,Yes,No,No,No,No,Yes,Month-to-month,Yes,Credit card (automatic),96.77,2616.63,Yes
9012-PRBFG,Male,0,No,Yes,51,Yes,Yes,DSL,Yes,Yes,No,No,No,Yes,Month-to-month,Yes,Bank transfer (automatic),77.37,3948.58,No
5587-XVUIL,Male,0,No,No,38,Yes,Yes,Fiber optic,Yes,No,No,Yes,Yes,Yes,Month-to-month,No,Credit card (automatic),113.95,4350.73,No
1656-DYGRT,Male,0,No,No,20,Yes,Yes,No,No internet service,No internet service,No internet service,No internet service,No internet service,No internet service,Month-to-month,Yes,Electronic check,32.37,649.00,No
4197-AOCON,Male,0,Yes,Yes,63,Yes,Yes,Fiber optic,No,No,Yes,Yes,Yes,No,Two year,Yes,Mailed check,101.16,6362.10,No
0476-IRLHH,Female,1,No,No,16,Yes,No,DSL,Yes,No,Yes,No,Yes,No,Month-to-month,No,Electronic check,69.78,1105.13,No
5217-FDEUM,Female,0,Yes,No,69,Yes,Yes,Fiber optic,Yes,No,Yes,No,Yes,No,One year,No,Mailed check,99.57,6868.17,No
8877-PLBSP,Male,1,No,No,24,Yes,Yes,Fiber optic,Yes,Yes,No,No,No,No,Two year,No,Electronic check,94.39,2262.05,No
7467-FUXQQ,Female,0,No,No,18,Yes,No,No,No internet service,No internet service,No internet service,No internet service,No internet service,No internet service,Two year,No,Electronic check,23.97,426.11,No
0295-VUMNG,Female,0,No,Yes,10,Yes,Yes,DSL,No,No,No,Yes,Yes,Yes,Two year,Yes,Electronic check,82.55,833.01,No
4130-GTMDM,Male,0,No,No,31,Yes,No,Fiber optic,Yes,No,No,No,No,No,Two year,No,Electronic check,78.09,2435.15,No
3273-HYQOD,Male,0,Yes,Yes,9,Yes,No,DSL,Yes,No,Yes,Yes,No,Yes,Two year,No,Bank transfer (automatic),72.15,647.60,No
5755-JDIPG,Female,0,Yes,No,43,Yes,Yes,Fiber optic,No,No,No,No,No,No,Two year,Yes,Bank transfer (automatic),81.01,3471.65,No
5015-OAOOP,Female,0,No,Yes,58,Yes,Yes,Fiber optic,No,No,Yes,Yes,No,Yes,Two year,Yes,Electronic check,100.59,5839.15,No
4026-EZAAO,Male,0,Yes,Yes,1,Yes,Yes,DSL,No,No,No,No,No,Yes,Month-to-month,No,Electronic check,65.86,63.08,Yes
7862-LVSZD,Female,0,Yes,No,11,Yes,Yes,Fiber optic,Yes,No,Yes,Yes,No,Yes,Month-to-month,Yes,Mailed check,105.46,1158.24,No
3295-EKYIC,Male,0,No,No,64,Yes,Yes,No,No internet service,No internet service,No internet service,No internet service,No internet service,No internet service,Two year,No,Electronic check,34.88,2228.35,No
8230-ULYRD,Female,0,Yes,No,67,Yes,No,DSL,Yes,No,Yes,No,No,No,Two year,Yes,Credit card (automatic),59.31,3968.44,No
9178-SMYFV,Male,0,No,Yes,16,Yes,No,Fiber optic,Yes,No,Yes,No,No,No,One year,Yes,Credit card (automatic),82.48,1305.42,No
6450-SYLUU,Male,0,Yes,Yes,52,Yes,Yes,Fiber optic,No,No,Yes,Yes,Yes,Yes,Two year,No,Credit card (automatic),108.21,5625.04,No
7168-WEPVD,Male,0,Yes,No,18,Yes,No,No,No internet service,No internet service,No internet service,No internet service,No internet service,No internet service,Two year,Yes,Electronic check,21.76,388.81,No
6032-DALMB,Female,0,No,No,0,Yes,Yes,DSL,No,Yes,Yes,No,No,Yes,Month-to-month,No,Mailed check,79.18, ,Yes
8651-ARGRS,Female,1,No,Yes,51,No,No phone service,No,No internet service,No internet service,No internet service,No internet service,No internet service,No internet service,Month-to-month,Yes,Credit card (automatic),18.25,923.02,No
7683-GQKBW,Male,1,No,No,16,Yes,No,DSL,Yes,No,No,No,No,No,Two year,No,Electronic check,51.08,801.60,No
1598-KEZGA,Male,1,No,No,57,Yes,Yes,No,No internet service,No internet service,No internet service,No internet service,No internet service,No internet service,Month-to-month,Yes,Credit card (automatic),32.18,1841.62,No
7845-MKHTB,Female,0,Yes,Yes,70,No,No phone service,DSL,No,No,No,Yes,Yes,Yes,Two year,No,Credit card (automatic),69.54,4854.47,No
9714-OFEVV,Female,1,Yes,Yes,61,Yes,No,DSL,No,Yes,No,Yes,No,No,Two year,No,Electronic check,61.88,3775.00,No
2282-SKNBG,Male,0,Yes,No,32,Yes,No,Fiber optic,No,No,No,No,No,No,Month-to-month,No,Credit card (automatic),75.18,2410.41,Yes
9930-FUNBF,Female,1,Yes,No,69,Yes,No,DSL,Yes,Yes,No,Yes,Yes,Yes,Two year,Yes,Credit card (automatic),82.37,5667.69,No
0232-OMVKD,Male,1,No,Yes,51,Yes,Yes,DSL,Yes,No,Yes,No,No,No,Two year,Yes,Electronic check,65.92,3356.38,No
0448-XHUXJ,Male,0,Yes,No,5,Yes,Yes,Fiber optic,No,Yes,Yes,Yes,No,Yes,One year,Yes,Bank transfer (automatic),106.73,542.21,No
6067-SIXBV,Male,0,Yes,Yes,63,Yes,Yes,No,No internet service,No internet service,No internet service,No internet service,No internet service,No internet service,Month-to-month,Yes,Electronic check,35.49,2231.24,No
3259-MYBJJ,Female,0,No,Yes,58,Yes,No,Fiber optic,No,No,No,No,No,No,Month-to-month,No,Mailed check,72.72,4195.78,Yes
9453-WBGRQ,Female,0,No,No,21,Yes,Yes,Fiber optic,No,Yes,Yes,No,No,Yes,Month-to-month,Yes,Mailed check,98.2,2067.91,Yes
4177-ATYUL,Male,0,Yes,No,68,Yes,Yes,Fiber optic,Yes,No,No,No,Yes,No,Month-to-month,No,Bank transfer (automatic),94.07,6392.21,Yes
9524-NLMMQ,Female,0,Yes,No,1,Yes,No,DSL,No,No,Yes,No,No,No,Two year,Yes,Bank transfer (automatic),50.94,49.06,No
7513-TYYUL,Female,0,No,No,45,Yes,Yes,DSL,No,No,Yes,No,No,No,Two year,No,Mailed check,57.19,2570.55,No
2057-QQKWG,Male,0,No,No,61,Yes,No,No,No internet service,No internet service,No internet service,No internet service,No internet service,No internet service,Month-to-month,No,Mailed check,24.73,1516.21,No
1215-MXXPQ,Female,0,No,No,51,Yes,Yes,DSL,No,Yes,Yes,No,No,Yes,Month-to-month,No,Electronic check,82.53,4223.05,Yes
8788-KLVCA,Male,1,Yes,No,44,No,No phone service,Fiber optic,No,No,No,No,Yes,No,Month-to-month,Yes,Mailed check,79.84,3530.95,Yes
7926-MZFCF,Male,0,No,No,52,Yes,Yes,No,No internet service,No internet service,No internet service,No internet service,No internet service,No internet service,Month-to-month,Yes,Credit card (automatic),35.02,1834.89,No
2807-ETQIM,Male,0,No,No,35,Yes,No,DSL,No,Yes,No,Yes,No,No,Month-to-month,Yes,Mailed check,59.89,2094.18,No
8489-NYGXQ,Male,1,Yes,No,50,Yes,No,No,No internet service,No internet service,No internet service,No internet service,No internet service,No internet service,Month-to-month,Yes,Credit card (automatic),20.51,1027.39,No
3993-LICOL,Female,0,No,No,17,Yes,Yes,Fiber optic,No,No,No,Yes,No,No,Month-to-month,Yes,Credit card (automatic),87.64,1470.26,Yes
9904-GLTYF,Female,0,No,Yes,11,Yes,No,No,No internet service,No internet service,No internet service,No internet service,No internet service,No internet service,Month-to-month,Yes,Credit card (automatic),23.05,260.54,No
5299-UZVDM,Male,0,Yes,No,56,Yes,No,Fiber optic,No,No,No,No,No,Yes,One year,Yes,Electronic check,86.46,4836.89,No
2465-RAUUP,Female,1,Yes,Yes,45,Yes,No,Fiber optic,No,Yes,Yes,Yes,No,Yes,One year,Yes,Bank transfer (automatic),96.62,4332.80,No
5203-TJBNH,Female,0,No,No,40,Yes,Yes,Fiber optic,No,No,Yes,Yes,No,Yes,One year,Yes,Credit card (automatic),104.37,4188.26,No
5202-XTCMP,Male,0,Yes,No,19,Yes,Yes,No,No internet service,No internet service,No internet service,No internet service,No internet service,No internet service,Month-to-month,Yes,Credit card (automatic),31.49,605.55,No
3313-YDQAA,Male,1,Yes,No,19,Yes,No,Fiber optic,No,Yes,No,Yes,No,Yes,Two year,Yes,Mailed check,90.6,1736.75,No
4555-YQZVM,Female,1,No,Yes,9,Yes,No,No,No internet service,No internet service,No internet service,No internet service,No internet service,No internet service,One year,No,Electronic check,20.75,180.25,No
7724-ZTQIU,Female,0,No,Yes,61,Yes,Yes,Fiber optic,No,No,Yes,No,Yes,No,Month-to-month,Yes,Mailed check,94.69,5759.14,Yes
1163-QUROG,Male,1,Yes,Yes,63,Yes,Yes,Fiber optic,No,Yes,Yes,Yes,Yes,Yes,Month-to-month,No,Electronic check,117.76,7433.36,Yes
8015-HGYBL,Male,0,Yes,No,23,Yes,Yes,DSL,Yes,No,No,Yes,Yes,Yes,Month-to-month,No,Electronic check,89.54,2052.86,No
8326-UMUMB,Male,0,No,No,40,Yes,No,DSL,Yes,Yes,No,No,Yes,No,Month-to-month,No,Bank transfer (automatic),73.1,2922.87,No
5534-WHFUC,Female,0,No,No,32,Yes,Yes,No,No internet service,No internet service,No internet service,No internet service,No internet service,No internet service,Two year,No,Electronic check,34.51,1118.93,No
6724-KRJZT,Female,0,Yes,Yes,33,Yes,No,DSL,No,No,Yes,Yes,No,Yes,Month-to-month,No,Credit card (automatic),66.31,2176.77,No
3724-PURID,Male,0,Yes,No,58,Yes,No,Fiber optic,No,Yes,No,Yes,Yes,No,One year,No,Electronic check,95.1,5511.53,No
8818-IRKMF,Female,0,Yes,Yes,9,Yes,Yes,Fiber optic,Yes,No,No,Yes,Yes,No,Month-to-month,No,Mailed check,104.65,932.13,No
8316-OYFKT,Female,0,Yes,No,4,Yes,Yes,Fiber optic,No,No,Yes,Yes,No,No,Month-to-month,Yes,Electronic check,92.68,370.15,Yes
0326-KMZUC,Female,0,No,Yes,36,Yes,No,No,No internet service,No internet service,No internet service,No internet service,No internet service,No internet service,Two year,Yes,Electronic check,20.92,751.68,No
1147-XNLUM,Female,0,Yes,Yes,30,Yes,Yes,Fiber optic,No,Yes,No,Yes,Yes,No,Month-to-month,Yes,Credit card (automatic),99.53,2976.08,Yes
1365-JWERH,Male,0,Yes,Yes,22,Yes,No,Fiber optic,Yes,No,No,No,No,No,Month-to-month,Yes,Bank transfer (automatic),76.35,1677.50,Yes
1762-DGDIW,Female,0,No,Yes,10,Yes,No,No,No internet service,No internet service,No internet service,No internet service,No internet service,No internet service,Month-to-month,Yes,Mailed check,23.18,237.23,No
0038-MDMUQ,Female,0,No,No,21,No,No phone service,Fiber optic,Yes,Yes,No,Yes,Yes,Yes,Month-to-month,No,Mailed check,105.78,2228.23,No
1339-VMVHM,Male,1,Yes,No,36,Yes,No,No,No internet service,No internet service,No internet service,No internet service,No internet service,No internet service,Month-to-month,No,Bank transfer (automatic),21.39,772.44,No
8005-DTAYL,Male,1,No,Yes,26,Yes,Yes,Fiber optic,No,Yes,Yes,No,Yes,Yes,Two year,No,Bank transfer (automatic),113.26,2947.20,No
2490-XCNOA,Male,0,Yes,No,0,Yes,No,Fiber optic,No,No,No,No,No,No,One year,Yes,Electronic check,74.04, ,Yes
9502-UTWVL,Male,1,Yes,Yes,62,Yes,No,DSL,No,No,No,No,No,No,Month-to-month,Yes,Electronic check,46.62,2875.19,Yes
2771-WABXL,Male,0,Yes,No,4,Yes,No,DSL,Yes,Yes,No,No,Yes,No,Month-to-month,Yes,Bank transfer (automatic),65.5,274.13,No
0104-GFFVH,Female,0,Yes,No,10,Yes,Yes,No,No internet service,No internet service,No internet service,No internet service,No internet service,No internet service,Two year,Yes,Bank transfer (automatic),32.96,332.64,No
4962-YJCNV,Female,0,Yes,No,39,Yes,No,DSL,Yes,No,Yes,No,No,No,One year,No,Electronic check,55.86,2191.66,No
2002-DBYKX,Female,1,No,Yes,27,No,No phone service,DSL,Yes,No,No,No,No,Yes,One year,Yes,Electronic check,54.91,1487.64,No
2634-TIPGM,Male,0,Yes,No,28,Yes,No,DSL,No,No,No,No,No,Yes,Month-to-month,Yes,Credit card (automatic),61.04,1718.66,No
3716-KQXNM,Male,0,Yes,No,15,Yes,No,Fiber optic,Yes,No,Yes,No,Yes,No,Month-to-month,Yes,Electronic check,91.8,1366.23,Yes
5488-CYMMI,Female,0,No,No,0,Yes,No,DSL,Yes,No,No,No,No,No,Month-to-month,No,Credit card (automatic),53.95, ,Yes
1410-WTUDV,Male,0,Yes,No,62,Yes,Yes,Fiber optic,Yes,No,No,No,No,Yes,Two year,Yes,Mailed check,98.55,6139.34,No
1737-SLKPE,Male,0,Yes,No,71,Yes,No,Fiber optic,No,No,No,No,No,No,Month-to-month,Yes,Credit card (automatic),70.55,5011.56,Yes
2627-YLRCL,Female,0,Yes,No,3,No,No phone service,DSL,No,No,No,No,No,Yes,Two year,No,Bank transfer (automatic),53.5,169.70,No
6496-BNNDQ,Female,0,No,No,50,Yes,Yes,DSL,No,No,Yes,Yes,Yes,Yes,Two year,No,Electronic check,88.64,4437.75,No
4706-GWOQL,Female,0,Yes,No,60,Yes,No,DSL,No,Yes,No,No,No,Yes,Month-to-month,No,Credit card (automatic),63.28,3789.26,No
2141-UUPDW,Male,0,No,No,72,Yes,Yes,DSL,No,Yes,No,No,No,No,Month-to-month,Yes,Bank transfer (automatic),63.05,4531.43,No
9513-PGYYL,Female,1,Yes,Yes,25,Yes,Yes,Fiber optic,Yes,No,No,No,No,No,Month-to-month,Yes,Mailed check,89.05,2226.56,Yes
2087-WFOJW,Male,1,No,Yes,1,Yes,No,DSL,Yes,No,Yes,Yes,No,No,Month-to-month,No,Bank transfer (automatic),63.9,53.97,Yes
8592-MNCDZ,Female,0,No,No,66,Yes,No,Fiber optic,Yes,Yes,Yes,Yes,No,No,Month-to-month,Yes,Electronic check,94.22,6236.22,Yes
9798-NHKJR,Female,0,No,No,44,Yes,No,No,No internet service,No internet service,No internet service,No internet service,No internet service,No internet service,Month-to-month,No,Electronic check,20.57,908.93,No
3317-CRGAV,Female,0,Yes,No,59,Yes,No,No,No internet service,No internet service,No internet service,No internet service,No internet service,No internet service,Two year,Yes,Electronic check,19.52,1164.64,No
2242-DMMOS,Female,0,No,No,19,Yes,No,No,No internet service,No internet service,No internet service,No internet service,No internet service,No internet service,Month-to-month,Yes,Mailed check,21.9,423.12,No
6293-BRYKA,Female,1,No,Yes,18,Yes,No,No,No internet service,No internet service,No internet service,No internet service,No internet service,No internet service,Two year,Yes,Electronic check,22.79,400.23,No
0902-RSNUY,Female,1,Yes,Yes,36,Yes,Yes,Fiber optic,No,No,Yes,No,No,No,Month-to-month,Yes,Mailed check,89.57,3229.10,Yes
1052-MGVKG,Male,1,No,No,14,No,No phone service,Fiber optic,No,Yes,Yes,Yes,Yes,Yes,One year,Yes,Electronic check,106.93,1506.13,No
4022-WONCU,Male,0,No,No,69,Yes,No,Fiber optic,No,No,Yes,No,No,Yes,Two year,No,Mailed check,86.48,5967.61,No
3360-WXSCT,Male,0,Yes,Yes,64,Yes,No,No,No internet service,No internet service,No internet service,No internet service,No internet service,No internet service,Month-to-month,Yes,Electronic check,25.34,1612.35,No
5603-LGBQA,Male,0,No,No,12,Yes,No,Fiber optic,No,No,Yes,No,Yes,Yes,Month-to-month,No,Credit card (automatic),98.14,1173.16,Yes
9540-ZCKGY,Male,0,No,No,55,No,No phone service,DSL,No,No,No,Yes,No,Yes,One year,Yes,Bank transfer (automatic),56.75,3124.71,No
8520-SZBUX,Male,1,Yes,No,56,Yes,Yes,DSL,Yes,No,No,No,Yes,Yes,Month-to-month,Yes,Credit card (automatic),83.77,4700.00,No
4024-WUNJU,Male,0,Yes,Yes,2,Yes,No,DSL,No,Yes,No,Yes,No,No,Month-to-month,Yes,Mailed check,58.73,105.45,No
6776-MNSKB,Female,0,Yes,No,44,Yes,No,Fiber optic,No,No,Yes,No,No,No,Two year,No,Bank transfer (automatic),78.54,3449.11,No
0582-EIYGD,Female,0,No,No,71,No,No phone service,Fiber optic,Yes,Yes,No,Yes,No,Yes,Month-to-month,No,Electronic check,95.76,6807.29,Yes
1130-DVPVW,Male,0,No,No,27,Yes,Yes,DSL,No,No,No,Yes,Yes,Yes,Two year,Yes,Bank transfer (automatic),81.83,2197.83,No
4811-DTTQT,Male,0,Yes,No,32,Yes,No,No,No internet service,No internet service,No internet service,No internet service,No internet service,No internet service,Month-to-month,No,Credit card (automatic),23.71,757.70,No
4822-EJFCQ,Female,1,No,No,24,Yes,Yes,No,No internet service,No internet service,No internet service,No internet service,No internet service,No internet service,Month-to-month,Yes,Electronic check,29.53,707.78,No
9701-SVTDO,Male,0,No,No,61,Yes,Yes,Fiber optic,Yes,Yes,Yes,No,Yes,Yes,Two year,Yes,Bank transfer (automatic),114.93,7019.50,No
8516-OSIVX,Male,0,Yes,No,64,Yes,No,DSL,Yes,Yes,No,Yes,Yes,No,Month-to-month,Yes,Electronic check,72.81,4662.95,No
0152-QVEYF,Female,0,Yes,No,70,Yes,Yes,Fiber optic,Yes,No,No,No,No,Yes,One year,No,Electronic check,96.41,6747.75,No
4000-GVPEP,Female,0,No,No,37,Yes,Yes,No,No internet service,No internet service,No internet service,No internet service,No internet service,No internet service,Month-to-month,No,Credit card (automatic),35.48,1313.40,No
3774-TORGU,Male,0,No,Yes,27,Yes,No,DSL,No,No,Yes,No,No,Yes,Month-to-month,No,Electronic check,64.64,1747.40,Yes
2889-NPHAL,Male,0,No,No,29,Yes,Yes,Fiber optic,No,No,Yes,No,No,Yes,Month-to-month,Yes,Bank transfer (automatic),98.91,2869.87,Yes
2131-LXQTU,Female,0,Yes,Yes,0,Yes,Yes,DSL,No,No,No,Yes,No,Yes,Month-to-month,No,Credit card (automatic),72.75, ,Yes
9371-YRRBL,Female,0,No,No,17,Yes,No,No,No internet service,No internet service,No internet service,No internet service,No internet service,No internet service,Month-to-month,No,Bank transfer (automatic),20.95,366.51,No
9729-KNZOX,Male,1,No,No,1,Yes,Yes,No,No internet service,No internet service,No internet service,No internet service,No internet service,No internet service,One year,No,Electronic check,27.01,34.57,No
6936-KXVVC,Female,0,No,No,70,Yes,Yes,Fiber optic,No,No,No,No,No,No,Month-to-month,Yes,Bank transfer (automatic),81.36,5696.00,Yes
4914-EGDKV,Male,0,No,No,58,No,No phone service,Fiber optic,No,No,No,No,No,No,One year,Yes,Mailed check,68.69,3994.49,No
8358-ZLPAH,Male,0,Yes,No,49,Yes,Yes,DSL,No,Yes,No,Yes,No,Yes,One year,Yes,Bank transfer (automatic),75.69,3731.46,No
0323-NWNII,Female,0,Yes,No,17,Yes,No,DSL,No,Yes,Yes,Yes,No,Yes,Month-to-month,Yes,Electronic check,75.84,1298.28,No
9090-IDNCY,Female,0,Yes,No,6,Yes,No,No,No internet service,No internet service,No internet service,No internet service,No internet service,No internet service,Month-to-month,No,Bank transfer (automatic),23.23,136.12,No
4500-MNPGJ,Male,0,Yes,Yes,60,No,No phone service,DSL,No,No,No,No,No,Yes,Month-to-month,Yes,Mailed check,54.34,3246.52,No
7768-QRSML,Female,0,Yes,Yes,67,No,No phone service,DSL,Yes,No,Yes,Yes,Yes,Yes,One year,Yes,Electronic check,80.82,5408.98,No
4337-XKGAJ,Male,0,No,No,16,Yes,Yes,Fiber optic,No,No,Yes,No,Yes,Yes,Month-to-month,Yes,Mailed check,106.04,1697.04,Yes
3042-SDBGM,Female,0,Yes,No,68,No,No phone service,Fiber optic,No,No,Yes,No,No,No,Month-to-month,No,Bank transfer (automatic),72.43,4947.76,Yes
3415-IPHXR,Female,0,Yes,No,54,Yes,Yes,No,No internet service,No internet service,No internet service,No internet service,No internet service,No internet service,Two year,Yes,Credit card (automatic),34.24,1845.35,No
3707-SHFWB,Male,0,No,Yes,12,Yes,Yes,Fiber optic,No,No,No,No,No,Yes,Two year,No,Credit card (automatic),89.91,1094.60,No
0523-MOICB,Male,1,No,Yes,67,Yes,Yes,DSL,No,Yes,No,No,No,No,Month-to-month,No,Bank transfer (automatic),63.73,4272.76,No
1151-KGWWN,Male,1,Yes,No,39,Yes,No,Fiber optic,No,Yes,No,No,Yes,Yes,Two year,Yes,Mailed check,100.37,3909.10,No
1697-XNREN,Male,0,Yes,Yes,14,Yes,No,DSL,No,No,No,No,No,No,Month-to-month,Yes,Electronic check,49.16,677.69,Yes
5859-VJZOF,Female,1,No,Yes,27,Yes,Yes,DSL,Yes,Yes,No,No,No,No,Two year,Yes,Bank transfer (automatic),68.55,1849.04,No
8960-ANDBC,Male,0,Yes,Yes,56,Yes,No,Fiber optic,No,Yes,No,No,Yes,No,Month-to-month,No,Mailed check,85.11,4758.74,Yes
6621-OAYZC,Female,0,No,Yes,63,Yes,Yes,Fiber optic,No,No,No,No,No,No,Two year,Yes,Electronic check,82.78,5207.15,No
8395-MGZVA,Male,0,No,No,4,Yes,Yes,DSL,No,No,No,No,Yes,Yes,One year,No,Mailed check,75.36,288.33,No
5542-ZSZMG,Female,0,No,Yes,61,Yes,No,Fiber optic,Yes,No,Yes,No,Yes,Yes,Month-to-month,Yes,Electronic check,102.85,6268.14,Yes
7226-ZLWIN,Female,0,No,No,41,Yes,Yes,No,No internet service,No internet service,No internet service,No internet service,No internet service,No internet service,Month-to-month,Yes,Electronic check,33.06,1347.34,No
5690-GRWCI,Female,1,No,Yes,65,Yes,Yes,Fiber optic,No,No,Yes,No,No,No,One year,Yes,Bank transfer (automatic),86.46,5618.30,No
4671-KQGOF,Male,0,No,No,19,Yes,Yes,Fiber optic,No,Yes,No,No,No,No,Month-to-month,No,Mailed check,90.6,1721.05,Yes
5123-SBCNV,Female,0,No,Yes,39,Yes,Yes,DSL,No,No,No,No,Yes,Yes,Two year,No,Electronic check,75.23,2925.08,No
8350-FSIDG,Male,0,No,Yes,26,Yes,Yes,Fiber optic,No,No,No,Yes,Yes,Yes,Month-to-month,No,Electronic check,112.84,2929.25,Yes
3561-JFHOM,Male,0,No,No,20,Yes,Yes,DSL,Yes,No,No,Yes,No,No,Month-to-month,Yes,Credit card (automatic),69.44,1387.00,No
5130-OGXZR,Female,0,Yes,No,19,Yes,Yes,Fiber optic,Yes,No,Yes,Yes,No,No,Month-to-month,No,Credit card (automatic),99.66,1899.49,No
9477-UHFOO,Male,0,Yes,Yes,31,Yes,No,No,No internet service,No internet service,No internet service,No internet service,No internet service,No internet service,Month-to-month,Yes,Bank transfer (automatic),23.17,727.30,No
4343-ACHWL,Female,1,Yes,Yes,53,Yes,No,DSL,No,No,No,No,Yes,Yes,One year,No,Electronic check,64.78,3430.87,No
6285-HXSTF,Female,0,Yes,No,35,Yes,No,Fiber optic,No,Yes,No,No,No,No,Two year,Yes,Credit card (automatic),76.62,2680.61,No
1614-DIMMO,Male,1,No,Yes,57,Yes,No,DSL,No,Yes,Yes,No,No,No,Month-to-month,Yes,Credit card (automatic),57.28,3254.90,No
1666-QHROO,Male,0,Yes,No,66,No,No phone service,No,No internet service,No internet service,No internet service,No internet service,No internet service,No internet service,One year,No,Electronic check,18.25,1202.49,No
4146-FLETH,Male,0,Yes,Yes,71,No,No phone service,No,No internet service,No internet service,No internet service,No internet service,No internet service,No internet service,Month-to-month,Yes,Mailed check,18.25,1284.39,No
7091-CMQCJ,Female,1,Yes,No,29,Yes,Yes,DSL,No,No,No,No,Yes,No,Month-to-month,No,Mailed check,71.23,2071.22,No
7366-PEQJD,Female,0,No,No,67,Yes,No,No,No internet service,No internet service,No internet service,No internet service,No internet service,No internet service,Month-to-month,No,Electronic check,21.02,1396.38,No
6417-RXKPR,Male,0,No,No,6,Yes,No,DSL,No,No,No,No,Yes,Yes,Two year,Yes,Electronic check,67.36,406.66,No
4307-JSDTU,Male,0,No,Yes,23,Yes,Yes,DSL,Yes,No,No,Yes,Yes,Yes,Two year,Yes,Electronic check,85.96,1971.08,No
2839-OKPDF,Female,0,No,No,8,Yes,No,DSL,No,No,No,No,No,Yes,Two year,Yes,Mailed check,57.57,484.39,No
7633-EJELA,Male,0,No,Yes,33,Yes,Yes,No,No internet service,No internet service,No internet service,No internet service,No internet service,No internet service,Month-to-month,Yes,Electronic check,29.04,964.44,No
7942-STLWP,Male,0,No,No,72,Yes,No,No,No internet service,No internet service,No internet service,No internet service,No internet service,No internet service,Month-to-month,Yes,Mailed check,21.94,1585.26,No
4044-VWERN,Female,0,Yes,No,54,Yes,Yes,DSL,No,No,No,No,No,No,Month-to-month,No,Electronic check,60.06,3241.32,Yes
1306-QCJGL,Male,1,No,Yes,11,Yes,No,No,No internet service,No internet service,No internet service,No internet service,No internet service,No internet service,Month-to-month,No,Mailed check,23.17,266.68,No
5647-FDKQB,Female,1,No,No,57,Yes,No,DSL,Yes,Yes,No,No,Yes,No,Two year,No,Mailed check,64.94,3703.24,No
5326-GPBHO,Female,0,No,No,58,Yes,Yes,Fiber optic,No,No,Yes,No,No,Yes,Two year,No,Electronic check,98.5,5706.81,No
0969-LQMLO,Male,0,No,No,67,Yes,Yes,No,No internet service,No internet service,No internet service,No internet service,No internet service,No internet service,One year,No,Bank transfer (automatic),33.96,2282.71,No
2291-ZETFR,Female,0,No,No,16,Yes,Yes,DSL,No,Yes,No,No,No,No,Month-to-month,No,Electronic check,63.52,1016.07,Yes
3602-QRYJP,Male,0,No,No,72,Yes,Yes,Fiber optic,No,No,Yes,Yes,No,No,Two year,Yes,Mailed check,93.65,6727.80,No
4337-LSOPL,Female,0,No,No,29,Yes,No,Fiber optic,Yes,No,No,Yes,No,Yes,Month-to-month,Yes,Electronic check,96.06,2776.09,Yes
3158-TKVTN,Female,0,No,No,62,Yes,No,Fiber optic,No,Yes,Yes,Yes,No,Yes,Two year,Yes,Credit card (automatic),100.33,6233.17,No
1563-GMKHS,Male,0,Yes,Yes,61,Yes,Yes,DSL,No,Yes,No,No,Yes,No,Month-to-month,Yes,Mailed check,71.47,4356.60,No
1419-UJFXV,Female,0,Yes,No,61,Yes,No,Fiber optic,No,Yes,No,No,No,Yes,Month-to-month,No,Bank transfer (automatic),86.82,5303.53,Yes
3210-RREIA,Male,1,No,No,17,Yes,Yes,DSL,No,Yes,No,No,No,No,Two year,Yes,Electronic check,61.36,1030.15,No
3969-SHCHR,Female,0,No,No,20,Yes,Yes,No,No internet service,No internet service,No internet service,No internet service,No internet service,No internet service,Month-to-month,Yes,Electronic check,33.28,675.83,No
4382-LEPZY,Male,0,Yes,No,34,Yes,Yes,Fiber optic,No,Yes,Yes,No,Yes,No,Month-to-month,Yes,Mailed check,104.26,3525.75,Yes
5100-GNRWA,Male,0,No,No,16,No,No phone service,No,No internet service,No internet service,No internet service,No internet service,No internet service,No internet service,Month-to-month,Yes,Mailed check,18.25,276.25,No
3934-PZOQW,Female,0,No,No,53,Yes,Yes,No,No internet service,No internet service,No internet service,No internet service,No internet service,No internet service,Month-to-month,Yes,Bank transfer (automatic),33.49,1759.99,No
1178-VKQAK,Female,0,No,No,23,Yes,Yes,DSL,No,Yes,No,Yes,No,Yes,Two year,Yes,Electronic check,76.47,1761.43,No
6728-DDSXI,Male,1,No,No,14,Yes,No,Fiber optic,Yes,No,No,No,No,Yes,Month-to-month,No,Credit card (automatic),85.76,1203.05,Yes
0103-JWNGL,Female,1,Yes,No,13,Yes,Yes,No,No internet service,No internet service,No internet service,No internet service,No internet service,No internet service,Month-to-month,Yes,Credit card (automatic),33.21,422.87,No
5437-GKKZQ,Male,1,No,No,46,Yes,No,Fiber optic,Yes,Yes,No,Yes,No,No,One year,Yes,Electronic check,91.69,4199.47,No
5134-HVBUO,Male,0,No,No,30,Yes,No,DSL,Yes,No,No,No,No,Yes,One year,Yes,Electronic check,62.98,1901.10,No
4507-SEWSN,Female,0,Yes,Yes,57,Yes,No,Fiber optic,No,No,No,Yes,No,Yes,Month-to-month,Yes,Bank transfer (automatic),89.95,5130.46,No
9546-JKCMB,Male,0,No,No,39,Yes,Yes,Fiber optic,No,No,No,Yes,No,Yes,Month-to-month,Yes,Mailed check,98.35,3840.36,Yes
3236-UDOFW,Male,0,Yes,No,61,Yes,No,Fiber optic,No,No,No,Yes,No,No,Month-to-month,Yes,Mailed check,77.71,4742.57,No
4626-LOSFH,Female,0,Yes,No,53,Yes,Yes,Fiber optic,Yes,No,No,No,No,No,Two year,Yes,Credit card (automatic),88.97,4700.84,No
5924-IXPVP,Male,0,Yes,No,59,Yes,Yes,DSL,Yes,Yes,Yes,No,Yes,No,Month-to-month,No,Mailed check,81.81,4823.46,No
8189-JFPYL,Male,0,Yes,Yes,10,Yes,Yes,No,No internet service,No internet service,No internet service,No internet service,No internet service,No internet service,Month-to-month,No,Mailed check,29.97,293.62,No
3412-ADLBL,Male,1,No,No,25,Yes,No,DSL,No,No,No,No,No,No,Month-to-month,Yes,Bank transfer (automatic),45.31,1123.14,No
1091-DFWGW,Female,0,No,No,26,Yes,Yes,No,No internet service,No internet service,No internet service,No internet service,No internet service,No internet service,Two year,Yes,Electronic check,32.66,839.21,No
3420-XZGIN,Female,0,Yes,No,29,Yes,Yes,Fiber optic,Yes,Yes,No,No,No,No,Month-to-month,Yes,Credit card (automatic),93.7,2717.60,Yes
9344-WMIXG,Female,0,No,No,52,No,No phone service,Fiber optic,No,No,Yes,No,Yes,Yes,Month-to-month,Yes,Bank transfer (automatic),93.41,4863.45,Yes
0959-OOIMW,Female,0,Yes,No,36,Yes,No,Fiber optic,No,Yes,No,Yes,Yes,No,One year,No,Bank transfer (automatic),91.65,3297.91,No
0828-TYOXG,Male,0,No,No,2,Yes,No,DSL,No,No,No,Yes,Yes,No,Two year,Yes,Credit card (automatic),62.93,131.68,No
3830-VDZSE,Male,0,Yes,No,68,Yes,No,DSL,No,Yes,No,No,No,No,Two year,Yes,Electronic check,51.88,3539.31,No
2852-UXNPX,Male,0,No,No,8,Yes,No,No,No internet service,No internet service,No internet service,No internet service,No internet service,No internet service,Month-to-month,Yes,Electronic check,20.43,168.92,No
5440-PBKDF,Male,0,Yes,No,25,Yes,No,DSL,No,No,No,No,No,No,Month-to-month,No,Bank transfer (automatic),44.3,1116.60,No
6070-YOTLO,Female,0,Yes,Yes,34,Yes,Yes,Fiber optic,No,No,No,No,No,No,Month-to-month,Yes,Electronic check,82.25,2785.60,Yes
6581-OOGUM,Male,0,No,No,68,Yes,No,No,No internet service,No internet service,No internet service,No internet service,No internet service,No internet service,Month-to-month,Yes,Mailed check,24.5,1660.44,No
6098-ANEHA,Male,0,No,No,10,Yes,No,DSL,No,Yes,No,No,No,No,Month-to-month,Yes,Bank transfer (automatic),52.78,512.44,No
6166-IVDWG,Female,0,Yes,Yes,29,Yes,Yes,DSL,No,No,No,Yes,No,No,Two year,Yes,Electronic check,60.06,1738.01,No
3187-UNUQY,Female,0,Yes,Yes,20,Yes,Yes,No,No internet service,No internet service,No internet service,No internet service,No internet service,No internet service,Two year,Yes,Mailed check,35.13,679.50,No
9749-FJKZX,Male,0,Yes,Yes,3,Yes,No,Fiber optic,No,Yes,Yes,No,No,No,Month-to-month,No,Mailed check,81.42,250.68,Yes
5932-GBGQM,Male,1,No,No,16,Yes,No,Fiber optic,No,Yes,No,Yes,Yes,No,Month-to-month,No,Bank transfer (automatic),88.26,1419.17,Yes
9480-HIIHP,Male,0,No,No,59,Yes,Yes,Fiber optic,Yes,No,No,No,No,Yes,Month-to-month,Yes,Electronic check,97.7,5753.10,Yes
3606-FEQHZ,Male,0,No,No,30,Yes,No,No,No internet service,No internet service,No internet service,No internet service,No internet service,No internet service,Month-to-month,No,Electronic check,25.11,754.80,No
0027-PXGUO,Female,0,Yes,Yes,5,Yes,No,DSL,No,No,Yes,No,No,Yes,Month-to-month,Yes,Mailed check,63.26,324.53,Yes
7171-JEDOM,Female,0,No,No,38,Yes,No,DSL,No,No,No,No,No,Yes,One year,Yes,Electronic check,55.75,2121.64,No
0460-RONIL,Male,0,Yes,No,41,Yes,No,DSL,No,No,No,Yes,No,No,Month-to-month,Yes,Mailed check,50.92,2074.84,No
4616-WGUIR,Female,0,No,Yes,49,Yes,No,DSL,No,Yes,No,No,No,Yes,Month-to-month,No,Credit card (automatic),65.14,3190.71,No
3170-YLMNE,Male,0,No,Yes,26,Yes,No,Fiber optic,No,Yes,Yes,No,No,Yes,Month-to-month,Yes,Bank transfer (automatic),91.63,2390.36,Yes
2302-KHLRR,Male,0,No,No,1,Yes,No,Fiber optic,No,No,No,No,No,Yes,Two year,Yes,Credit card (automatic),80.29,66.16,Yes
8440-MFXVN,Male,0,No,No,64,No,No phone service,No,No internet service,No internet service,No internet service,No internet service,No internet service,No internet service,Two year,Yes,Mailed check,18.25,1159.60,No
6310-LVIJU,Male,0,Yes,No,13,Yes,Yes,Fiber optic,No,No,Yes,No,Yes,No,Month-to-month,No,Mailed check,97.2,1266.94,Yes
1023-PGIHY,Female,0,Yes,No,14,Yes,Yes,No,No internet service,No internet service,No internet service,No internet service,No internet service,No internet service,One year,No,Credit card (automatic),35.53,501.87,No
6977-QLNLY,Male,0,Yes,Yes,50,Yes,Yes,No,No internet service,No internet service,No internet service,No internet service,No internet service,No internet service,Month-to-month,Yes,Credit card (automatic),34.26,1712.88,No
1699-MUDAQ,Female,0,No,No,21,Yes,Yes,Fiber optic,Yes,No,No,Yes,No,No,Month-to-month,No,Credit card (automatic),93.13,1956.17,No
2072-JBVDN,Male,0,No,No,57,Yes,Yes,DSL,Yes,No,No,No,Yes,No,Month-to-month,No,Electronic check,77.79,4428.00,No
3115-EITUQ,Female,0,Yes,Yes,61,Yes,No,Fiber optic,No,Yes,No,No,No,No,Month-to-month,No,Credit card (automatic),79.0,4815.54,Yes
1244-TNPZS,Male,1,Yes,No,49,Yes,Yes,DSL,No,No,No,No,No,No,Month-to-month,Yes,Mailed check,63.43,3087.60,No
8056-JDJCX,Female,1,No,No,40,Yes,No,Fiber optic,Yes,No,Yes,No,No,No,Month-to-month,No,Electronic check,82.06,3281.19,Yes
8098-GAGEZ,Male,0,Yes,No,31,Yes,Yes,No,No internet service,No internet service,No internet service,No internet service,No internet service,No internet service,Two year,Yes,Bank transfer (automatic),32.93,1031.06,No
6875-BHNDX,Male,0,Yes,Yes,32,Yes,Yes,No,No internet service,No internet service,No internet service,No internet service,No internet service,No internet service,Month-to-month,No,Mailed check,31.42,1014.01,No
6371-IFWZA,Male,1,Yes,No,64,Yes,Yes,No,No internet service,No internet service,No internet service,No internet service,No internet service,No internet service,Two year,No,Electronic check,33.15,2128.46,No
2946-AIUMS,Female,0,Yes,Yes,40,Yes,No,DSL,No,Yes,Yes,Yes,No,Yes,Two year,No,Credit card (automatic),72.52,2891.84,No
6979-ZSGWD,Female,0,Yes,No,58,Yes,No,DSL,Yes,Yes,Yes,Yes,No,Yes,Two year,No,Credit card (automatic),84.14,4884.28,No
9800-UMSZM,Female,0,No,Yes,57,Yes,Yes,Fiber optic,No,Yes,No,Yes,No,No,One year,Yes,Credit card (automatic),92.46,5260.04,No
8460-BKDIE,Male,1,Yes,No,3,Yes,Yes,Fiber optic,Yes,Yes,No,No,No,Yes,Month-to-month,Yes,Mailed check,105.17,318.37,Yes
4871-GQZKO,Male,0,No,No,2,No,No phone service,DSL,No,Yes,Yes,Yes,No,Yes,Month-to-month,Yes,Electronic check,67.89,124.22,Yes
8213-TCBET,Female,0,No,No,65,Yes,No,Fiber optic,Yes,Yes,No,Yes,No,Yes,Month-to-month,Yes,Credit card (automatic),99.22,6429.23,No
4718-ZPAHU,Male,0,No,Yes,35,Yes,Yes,Fiber optic,No,No,No,No,No,Yes,Month-to-month,No,Credit card (automatic),93.62,3258.41,Yes
1749-ONZCG,Male,0,Yes,No,22,Yes,No,No,No internet service,No internet service,No internet service,No internet service,No internet service,No internet service,Two year,Yes,Credit card (automatic),23.84,533.83,No
3959-XARNX,Female,0,Yes,No,10,Yes,Yes,Fiber optic,No,No,Yes,No,No,No,Month-to-month,No,Bank transfer (automatic),87.95,888.14,Yes
6981-HVATB,Female,0,Yes,Yes,34,Yes,No,DSL,No,Yes,No,Yes,No,Yes,Month-to-month,Yes,Mailed check,64.56,2193.14,No
6853-UQDZC,Male,0,No,No,28,Yes,Yes,DSL,No,No,Yes,No,No,Yes,Month-to-month,Yes,Electronic check,74.76,2080.19,Yes
8532-LOTHL,Female,0,Yes,Yes,60,Yes,No,No,No internet service,No internet service,No internet service,No internet service,No internet service,No internet service,Month-to-month,Yes,Electronic check,19.2,1141.04,No
4047-LTRPC,Male,0,No,No,61,Yes,No,No,No internet service,No internet service,No internet service,No internet service,No internet service,No internet service,Two year,Yes,Mailed check,25.87,1571.23,No
8624-SJTLH,Male,0,No,No,6,Yes,Yes,Fiber optic,No,No,Yes,No,No,Yes,Month-to-month,No,Bank transfer (automatic),99.03,607.95,Yes
2279-MZWWJ,Male,1,No,Yes,18,No,No phone service,DSL,No,No,No,No,No,No,Month-to-month,No,Electronic check,43.51,778.41,Yes
1699-CGDHH,Female,0,Yes,No,69,Yes,Yes,DSL,No,Yes,Yes,Yes,Yes,Yes,Two year,Yes,Mailed check,93.04,6419.86,No
5255-SKDOB,Male,0,Yes,Yes,61,No,No phone service,Fiber optic,No,No,No,Yes,Yes,No,Month-to-month,Yes,Mailed check,85.59,5229.54,No
0169-PEPYS,Female,0,No,No,22,No,No phone service,DSL,Yes,No,Yes,No,No,Yes,One year,No,Electronic check,65.64,1439.06,No
1316-JVXER,Female,0,Yes,No,52,Yes,Yes,DSL,Yes,No,No,No,Yes,No,One year,Yes,Mailed check,69.92,3636.51,No
3013-FTTNZ,Female,0,Yes,No,10,Yes,Yes,No,No internet service,No internet service,No internet service,No internet service,No internet service,No internet service,Two year,Yes,Mailed check,28.28,288.80,No
9189-XXUSF,Male,0,Yes,No,71,Yes,Yes,Fiber optic,No,No,No,Yes,No,Yes,Month-to-month,No,Credit card (automatic),99.15,7043.38,Yes
8767-PTFOO,Female,0,No,No,34,Yes,Yes,No,No internet service,No internet service,No internet service,No internet service,No internet service,No internet service,Month-to-month,Yes,Electronic check,32.98,1126.74,No
4172-NEXIM,Male,0,No,No,12,Yes,Yes,Fiber optic,No,No,No,No,No,No,Month-to-month,Yes,Credit card (automatic),81.76,984.58,Yes
8416-PKKWL,Male,0,Yes,No,69,Yes,No,Fiber optic,No,Yes,No,No,Yes,No,Month-to-month,No,Credit card (automatic),88.22,6080.44,Yes
7740-MKDDO,Female,0,No,Yes,60,Yes,Yes,DSL,Yes,No,Yes,Yes,No,No,Month-to-month,No,Bank transfer (automatic),71.0,4264.66,No
2724-BFVXH,Female,0,No,No,38,Yes,Yes,Fiber optic,No,Yes,No,No,Yes,No,One year,No,Credit card (automatic),98.97,3762.41,No
0419-LEJIT,Female,0,No,Yes,67,Yes,No,Fiber optic,No,Yes,Yes,No,No,Yes,One year,Yes,Electronic check,91.32,6111.37,No
7075-XVKCO,Male,0,Yes,Yes,42,Yes,Yes,DSL,No,No,No,No,No,Yes,Two year,No,Bank transfer (automatic),67.66,2830.44,No
7494-GFIGC,Male,0,No,Yes,41,Yes,No,Fiber optic,No,No,No,No,Yes,No,Month-to-month,Yes,Electronic check,83.93,3436.84,Yes
4891-AXXBN,Female,0,Yes,No,15,Yes,Yes,No,No internet service,No internet service,No internet service,No internet service,No internet service,No internet service,Two year,Yes,Credit card (automatic),31.74,483.06,No
7416-WSQKP,Male,0,Yes,Yes,10,Yes,No,No,No internet service,No internet service,No internet service,No internet service,No internet service,No internet service,Month-to-month,Yes,Mailed check,22.07,220.21,No
3137-BQKNP,Female,1,No,No,62,Yes,Yes,No,No internet service,No internet service,No internet service,No internet service,No internet service,No internet service,One year,Yes,Bank transfer (automatic),32.73,2041.80,No
2965-VWXCS,Male,1,Yes,No,71,Yes,No,DSL,No,Yes,No,No,No,No,Two year,No,Bank transfer (automatic),53.51,3798.59,No
9769-ETFYF,Male,1,No,Yes,30,No,No phone service,DSL,No,Yes,No,No,No,No,One year,Yes,Mailed check,50.7,1511.78,No
7051-SFRDV,Female,0,Yes,No,69,Yes,No,DSL,No,No,No,Yes,Yes,Yes,One year,No,Mailed check,72.1,4973.64,No
4557-IUVFV,Female,0,No,No,23,No,No phone service,DSL,Yes,Yes,No,No,Yes,No,Month-to-month,No,Mailed check,64.44,1491.29,No
1300-AGPQP,Male,0,No,No,54,No,No phone service,DSL,Yes,Yes,No,No,No,No,Month-to-month,No,Credit card (automatic),54.09,2932.80,No
5155-CHDWD,Male,0,Yes,No,0,Yes,Yes,DSL,No,No,No,No,No,No,Two year,No,Credit card (automatic),58.53, ,Yes
0548-NOYLM,Female,0,No,No,37,Yes,No,Fiber optic,Yes,Yes,Yes,Yes,No,Yes,Month-to-month,Yes,Bank transfer (automatic),104.72,3860.35,No
7617-SVZGF,Male,0,Yes,Yes,55,Yes,Yes,DSL,No,No,No,Yes,No,No,Two year,No,Mailed check,66.08,3635.07,No
4318-NPWWT,Female,0,Yes,No,45,Yes,Yes,Fiber optic,No,Yes,No,Yes,Yes,No,Two year,Yes,Electronic check,103.14,4645.90,No
4513-MTMDW,Female,1,No,No,5,Yes,No,Fiber optic,Yes,Yes,Yes,Yes,No,No,Month-to-month,No,Mailed check,94.36,450.52,Yes
6661-UZRUF,Male,0,No,No,31,Yes,No,DSL,No,Yes,No,No,No,No,Month-to-month,Yes,Electronic check,51.86,1630.29,No
2543-JIKNX,Female,0,No,No,11,Yes,Yes,Fiber optic,No,No,No,No,Yes,No,Month-to-month,No,Credit card (automatic),92.29,998.66,Yes
6088-VWMPC,Female,1,No,No,33,Yes,Yes,DSL,No,Yes,Yes,Yes,Yes,Yes,One year,Yes,Credit card (automatic),90.94,2983.60,No
4600-UIWQM,Female,1,No,No,65,Yes,No,Fiber optic,No,No,No,No,No,No,Two year,Yes,Bank transfer (automatic),72.38,4694.26,No
4771-WJEPY,Female,1,No,No,43,Yes,No,No,No internet service,No internet service,No internet service,No internet service,No internet service,No internet service,Month-to-month,Yes,Electronic check,23.54,1011.60,No
2036-ABPNE,Female,0,No,No,20,Yes,Yes,DSL,No,Yes,No,No,Yes,No,Two year,Yes,Mailed check,72.97,1438.70,No
8032-UUZBU,Female,0,Yes,No,69,Yes,Yes,DSL,No,No,No,No,Yes,No,Month-to-month,No,Mailed check,67.52,4655.32,No
8491-WVWXZ,Male,0,No,No,5,Yes,Yes,DSL,No,Yes,Yes,Yes,No,Yes,Month-to-month,Yes,Electronic check,82.51,385.10,Yes
4166-XGZWN,Female,0,No,Yes,11,Yes,Yes,Fiber optic,No,No,Yes,No,Yes,No,One year,No,Bank transfer (automatic),97.73,1068.64,No
8711-WZOKJ,Female,1,Yes,No,3,Yes,Yes,No,No internet service,No internet service,No internet service,No internet service,No internet service,No internet service,Month-to-month,No,Credit card (automatic),32.75,100.70,No
2082-QVTQP,Female,1,No,No,6,Yes,Yes,No,No internet service,No internet service,No internet service,No internet service,No internet service,No internet service,Month-to-month,No,Bank transfer (automatic),36.11,225.50,No
3760-ZLYFP,Male,0,Yes,Yes,72,Yes,No,No,No internet service,No internet service,No internet service,No internet service,No internet service,No internet service,One year,Yes,Credit card (automatic),22.92,1633.14,No
1262-CECSE,Female,0,Yes,No,6,Yes,Yes,Fiber optic,No,No,No,No,No,No,One year,Yes,Credit card (automatic),80.93,470.98,No
4800-KIUDB,Male,1,Yes,Yes,46,Yes,No,Fiber optic,Yes,No,No,No,No,No,Two year,No,Mailed check,81.7,3755.37,No
8584-DWEXX,Female,1,No,No,21,Yes,No,DSL,No,Yes,No,No,Yes,No,Two year,Yes,Electronic check,62.89,1329.20,No
1497-SWCVR,Female,0,Yes,No,26,Yes,No,DSL,Yes,No,No,Yes,No,Yes,Month-to-month,Yes,Mailed check,67.67,1771.20,No
5574-AHYAU,Male,0,No,No,37,Yes,Yes,Fiber optic,No,Yes,Yes,No,No,No,One year,No,Mailed check,91.18,3374.26,No
5314-DMGFC,Female,0,No,No,13,Yes,No,DSL,No,No,No,Yes,No,No,Two year,Yes,Mailed check,51.46,658.37,No
8342-HGGXW,Female,0,No,No,39,Yes,No,No,No internet service,No internet service,No internet service,No internet service,No internet service,No internet service,Two year,Yes,Electronic check,26.17,1012.83,No
2210-EDPOR,Male,0,No,No,49,Yes,Yes,DSL,No,Yes,No,No,No,No,Month-to-month,Yes,Mailed check,61.19,2983.73,No
0251-ZOWGS,Female,0,Yes,No,31,Yes,Yes,DSL,No,Yes,Yes,No,Yes,Yes,Month-to-month,No,Bank transfer (automatic),86.48,2691.15,No
0841-OXLJJ,Female,0,Yes,No,68,Yes,No,DSL,Yes,Yes,No,No,No,Yes,Month-to-month,Yes,Mailed check,69.2,4706.67,No
3964-SJHRA,Female,0,No,No,65,Yes,No,No,No internet service,No internet service,No internet service,No internet service,No internet service,No internet service,Month-to-month,No,Electronic check,19.89,1306.10,No
4396-OYPFK,Female,0,No,Yes,4,Yes,Yes,No,No internet service,No internet service,No internet service,No internet service,No internet service,No internet service,Month-to-month,No,Electronic check,35.03,131.77,No
0713-SFRUK,Male,0,No,Yes,39,Yes,Yes,No,No internet service,No internet service,No internet service,No internet service,No internet service,No internet service,One year,No,Bank transfer (automatic),34.22,1322.86,No
8211-OYVRS,Female,0,Yes,No,37,Yes,No,No,No internet service,No internet service,No internet service,No internet service,No internet service,No internet service,Two year,Yes,Credit card (automatic),22.72,850.61,No
0111-WCMND,Female,1,Yes,No,71,No,No phone service,No,No internet service,No internet service,No internet service,No internet service,No internet service,No internet service,Two year,No,Mailed check,18.78,1328.37,No
1488-GLHUU,Female,0,No,Yes,61,Yes,Yes,DSL,No,No,Yes,No,Yes,Yes,Two year,Yes,Electronic check,86.13,5249.49,No
2502-KRGID,Male,0,No,Yes,1,Yes,Yes,DSL,No,Yes,Yes,No,No,No,Two year,Yes,Electronic check,69.61,83.54,Yes
6791-WPLSX,Male,0,Yes,No,39,Yes,No,Fiber optic,No,No,No,No,No,Yes,Month-to-month,Yes,Bank transfer (automatic),84.77,3307.85,Yes
5272-ISQMB,Female,0,No,No,70,Yes,No,No,No internet service,No internet service,No internet service,No internet service,No internet service,No internet service,Month-to-month,No,Electronic check,24.07,1695.70,No
3133-TAYZK,Female,0,No,No,49,No,No phone service,No,No internet service,No internet service,No internet service,No internet service,No internet service,No internet service,Month-to-month,Yes,Mailed check,18.25,898.42,No
6127-WTDYP,Male,0,Yes,No,21,Yes,Yes,Fiber optic,No,No,Yes,Yes,No,No,Month-to-month,Yes,Electronic check,92.78,1955.67,Yes
4460-CRKZF,Female,0,Yes,Yes,6,Yes,No,DSL,Yes,Yes,No,No,No,Yes,One year,No,Electronic check,68.42,423.22,No
5905-JPRTF,Female,0,No,No,72,Yes,No,DSL,No,No,Yes,Yes,No,No,Month-to-month,Yes,Electronic check,59.25,4255.65,No
2223-YTMDD,Female,1,No,No,34,Yes,Yes,DSL,No,No,Yes,Yes,No,No,Month-to-month,Yes,Mailed check,67.15,2291.17,No
6416-SKAIE,Female,0,No,Yes,23,Yes,No,DSL,Yes,No,No,No,Yes,Yes,Two year,Yes,Bank transfer (automatic),74.04,1718.78,No
9000-LYMXK,Male,0,No,No,35,Yes,No,DSL,No,Yes,No,No,No,No,Month-to-month,No,Mailed check,52.52,1830.81,No
5955-TUJSC,Male,1,No,No,52,Yes,No,DSL,No,Yes,No,No,No,No,Month-to-month,Yes,Bank transfer (automatic),53.48,2773.39,No
9647-ELDSR,Male,0,Yes,Yes,25,Yes,No,Fiber optic,No,No,Yes,Yes,Yes,No,Two year,No,Mailed check,93.17,2348.82,No
2674-QSDPZ,Male,0,Yes,Yes,55,Yes,Yes,Fiber optic,No,No,No,No,Yes,No,Month-to-month,Yes,Bank transfer (automatic),93.78,5153.42,Yes
3098-LZOTB,Female,0,No,No,42,Yes,No,DSL,No,Yes,Yes,No,No,Yes,Month-to-month,No,Electronic check,68.73,2889.33,Yes
8335-XEXQM,Female,0,No,No,40,Yes,Yes,Fiber optic,No,No,No,No,No,No,Month-to-month,No,Bank transfer (automatic),83.0,3303.13,Yes
3026-AUQVY,Male,0,No,No,37,Yes,No,No,No internet service,No internet service,No internet service,No internet service,No internet service,No internet service,Month-to-month,Yes,Credit card (automatic),21.35,794.48,No
2535-BDMMW,Male,0,Yes,Yes,6,Yes,No,Fiber optic,Yes,No,No,Yes,Yes,No,Month-to-month,No,Credit card (automatic),95.74,570.70,No
5860-FKSPH,Female,0,Yes,Yes,39,Yes,No,DSL,Yes,No,No,No,No,No,Month-to-month,Yes,Credit card (automatic),52.09,2035.99,No
0912-NCWXI,Female,1,Yes,No,23,Yes,Yes,DSL,No,No,No,No,No,No,Month-to-month,Yes,Credit card (automatic),60.35,1386.81,No
6751-ACYWR,Female,0,No,No,21,Yes,Yes,DSL,No,No,No,No,No,No,Two year,No,Credit card (automatic),55.65,1178.22,No
0125-IHJIH,Female,0,Yes,No,45,Yes,No,Fiber optic,Yes,Yes,No,No,Yes,No,Month-to-month,Yes,Bank transfer (automatic),90.79,4094.23,Yes
6575-BIISI,Female,0,No,No,22,Yes,No,DSL,Yes,Yes,No,Yes,No,Yes,Month-to-month,Yes,Electronic check,75.19,1655.50,No
1253-XAMVB,Male,0,Yes,No,6,Yes,No,Fiber optic,No,No,No,No,No,No,Two year,No,Mailed check,76.49,452.04,No
5018-VHGII,Female,0,No,No,33,Yes,No,Fiber optic,No,Yes,No,Yes,No,Yes,Month-to-month,Yes,Electronic check,94.17,3088.09,Yes
3646-DLZQT,Female,0,Yes,No,10,No,No phone service,No,No internet service,No internet service,No internet service,No internet service,No internet service,No internet service,One year,No,Mailed check,18.25,178.61,No
9284-TPHUP,Male,1,Yes,Yes,42,Yes,No,Fiber optic,No,No,Yes,Yes,No,No,Month-to-month,No,Credit card (automatic),85.28,3588.84,Yes
2171-NXPEH,Female,0,No,No,71,Yes,Yes,No,No internet service,No internet service,No internet service,No internet service,No internet service,No internet service,Two year,Yes,Credit card (automatic),31.13,2208.57,No
4015-SXECZ,Female,0,No,No,10,Yes,No,Fiber optic,No,No,No,Yes,No,No,Month-to-month,Yes,Electronic check,75.79,759.63,Yes
6738-VNAEU,Female,0,Yes,No,42,Yes,Yes,No,No internet service,No internet service,No internet service,No internet service,No internet service,No internet service,Two year,Yes,Mailed check,33.31,1398.02,No
6657-BNPWJ,Male,0,No,No,24,Yes,No,No,No internet service,No internet service,No internet service,No internet service,No internet service,No internet service,Two year,Yes,Electronic check,22.01,507.21,No
6391-DTFNW,Female,0,Yes,No,30,Yes,Yes,Fiber optic,Yes,No,Yes,Yes,Yes,Yes,Month-to-month,No,Electronic check,119.63,3588.18,Yes
2902-YAMHR,Female,0,No,Yes,25,Yes,Yes,Fiber optic,No,No,Yes,Yes,Yes,No,Month-to-month,Yes,Bank transfer (automatic),104.03,2601.10,Yes
5261-TZIFT,Female,0,Yes,Yes,70,Yes,Yes,No,No internet service,No internet service,No internet service,No internet service,No internet service,No internet service,Two year,Yes,Mailed check,32.32,2258.54,No
1983-YRGKE,Female,0,Yes,Yes,44,Yes,Yes,Fiber optic,Yes,Yes,Yes,No,No,Yes,Month-to-month,No,Credit card (automatic),109.27,4810.46,Yes
7733-OXCGX,Male,0,Yes,No,57,Yes,Yes,DSL,No,No,Yes,Yes,No,Yes,Month-to-month,Yes,Bank transfer (automatic),82.46,4682.67,No
7938-OZTXV,Female,0,Yes,No,63,Yes,Yes,Fiber optic,No,No,No,Yes,No,Yes,Month-to-month,Yes,Credit card (automatic),97.45,6126.08,Yes
4340-WHYSI,Female,0,Yes,Yes,19,Yes,No,No,No internet service,No internet service,No internet service,No internet service,No internet service,No internet service,Month-to-month,No,Electronic check,23.7,454.34,No
9495-AYYVX,Female,0,Yes,No,61,Yes,No,No,No internet service,No internet service,No internet service,No internet service,No internet service,No internet service,One year,No,Bank transfer (automatic),24.22,1476.93,No
3446-GWETH,Female,0,No,Yes,60,Yes,Yes,No,No internet service,No internet service,No internet service,No internet service,No internet service,No internet service,Month-to-month,No,Credit card (automatic),34.14,2061.81,No
0051-LCTNP,Male,1,No,Yes,53,Yes,Yes,DSL,No,No,No,No,No,No,Two year,Yes,Electronic check,62.2,3303.07,No
1969-ASBMY,Male,0,Yes,No,34,Yes,Yes,Fiber optic,No,No,No,No,No,No,Month-to-month,No,Mailed check,85.32,2916.34,Yes
7242-NKLKK,Female,0,No,No,33,Yes,No,DSL,Yes,Yes,No,No,No,No,Month-to-month,No,Bank transfer (automatic),56.04,1862.89,No
5419-PHFSM,Female,0,No,No,0,Yes,Yes,No,No internet service,No internet service,No internet service,No internet service,No internet service,No internet service,Month-to-month,No,Bank transfer (automatic),31.1, ,Yes
0411-YKMJW,Male,0,No,No,8,Yes,Yes,No,No internet service,No internet service,No internet service,No internet service,No internet service,No internet service,Month-to-month,Yes,Credit card (automatic),32.77,264.74,No
5091-KGOCB,Male,0,No,Yes,20,No,No phone service,No,No internet service,No internet service,No internet service,No internet service,No internet service,No internet service,Month-to-month,Yes,Bank transfer (automatic),19.17,395.46,No
5771-VEGTM,Female,0,Yes,No,21,Yes,No,DSL,No,No,Yes,Yes,No,Yes,Two year,Yes,Credit card (automatic),70.06,1460.58,No
1928-JXMYU,Male,0,Yes,No,30,Yes,Yes,Fiber optic,Yes,Yes,No,No,Yes,No,Two year,Yes,Bank transfer (automatic),105.04,3157.41,No
4660-OEXGB,Female,1,Yes,Yes,36,Yes,No,Fiber optic,No,Yes,Yes,No,No,No,Two year,Yes,Electronic check,82.97,2976.39,No
7190-NSPSF,Male,0,No,No,47,Yes,No,Fiber optic,No,Yes,No,Yes,No,No,Two year,Yes,Bank transfer (automatic),84.21,3974.72,No
2672-YQOSS,Female,0,No,Yes,1,Yes,No,Fiber optic,Yes,No,No,No,No,Yes,Month-to-month,Yes,Mailed check,91.19,91.02,Yes
6431-GSGJL,Male,0,No,No,15,No,No phone service,No,No internet service,No internet service,No internet service,No internet service,No internet service,No internet service,Two year,Yes,Mailed check,19.07,285.30,No
6165-ZTUHE,Female,0,No,Yes,49,Yes,No,No,No internet service,No internet service,No internet service,No internet service,No internet service,No internet service,Month-to-month,Yes,Mailed check,23.77,1155.76,No
2155-GHDLX,Female,0,Yes,No,22,Yes,No,Fiber optic,No,No,No,No,Yes,Yes,One year,Yes,Bank transfer (automatic),94.97,2057.07,No
0552-ILUQW,Male,1,No,No,5,Yes,No,Fiber optic,No,Yes,No,Yes,No,Yes,Month-to-month,No,Credit card (automatic),93.47,466.85,Yes
9299-KTVXM,Male,0,Yes,No,60,Yes,No,Fiber optic,Yes,No,Yes,No,No,No,Two year,Yes,Electronic check,84.41,5052.51,No
3879-JVGXB,Male,0,No,No,35,No,No phone service,Fiber optic,No,No,No,No,No,Yes,Month-to-month,Yes,Credit card (automatic),81.76,2883.07,Yes
4674-SFUHY,Female,0,Yes,No,21,Yes,No,Fiber optic,No,Yes,No,No,Yes,No,Month-to-month,No,Credit card (automatic),85.7,1799.47,Yes
8533-YTXIE,Male,0,Yes,No,61,Yes,No,No,No internet service,No internet service,No internet service,No internet service,No internet service,No internet service,Month-to-month,No,Bank transfer (automatic),22.66,1392.72,No
5244-RZFIK,Male,0,No,Yes,10,No,No phone service,No,No internet service,No internet service,No internet service,No internet service,No internet service,No internet service,Month-to-month,Yes,Bank transfer (automatic),18.25,195.00,No
6718-SJEWD,Female,0,Yes,Yes,44,Yes,Yes,No,No internet service,No internet service,No internet service,No internet service,No internet service,No internet service,Month-to-month,No,Mailed check,31.69,1409.91,No
6799-DPOUK,Female,0,No,Yes,55,No,No phone service,DSL,No,No,No,No,No,No,Two year,No,Mailed check,41.9,2319.03,No
2472-OPNEZ,Male,0,No,Yes,44,Yes,No,Fiber optic,No,Yes,No,No,No,No,One year,No,Bank transfer (automatic),73.77,3255.79,No
0120-YIUNT,Female,0,Yes,No,43,Yes,No,Fiber optic,Yes,No,Yes,Yes,Yes,Yes,One year,Yes,Mailed check,107.15,4608.19,No
4346-KXBTX,Male,0,Yes,No,0,Yes,No,DSL,Yes,No,No,No,No,Yes,Two year,Yes,Electronic check,65.17, ,Yes
6845-XOLNK,Female,1,Yes,No,27,Yes,No,Fiber optic,No,No,No,No,No,Yes,Month-to-month,Yes,Bank transfer (automatic),80.54,2160.01,Yes
4837-LCUOH,Female,1,Yes,No,3,Yes,No,No,No internet service,No internet service,No internet service,No internet service,No internet service,No internet service,Two year,No,Credit card (automatic),19.57,55.18,No
9603-RROWC,Male,0,Yes,Yes,3,No,No phone service,DSL,Yes,No,No,Yes,No,No,One year,Yes,Bank transfer (automatic),51.86,153.17,No
2550-AKFWI,Male,0,Yes,Yes,57,Yes,No,DSL,No,No,No,No,No,No,Two year,Yes,Credit card (automatic),46.47,2651.72,No
3952-MMDIN,Female,1,Yes,Yes,41,Yes,Yes,No,No internet service,No internet service,No internet service,No internet service,No internet service,No internet service,Month-to-month,Yes,Electronic check,34.7,1441.09,No
0462-BMKBA,Male,0,No,Yes,67,Yes,No,DSL,No,No,No,No,No,No,One year,No,Mailed check,51.5,3451.75,No
4260-IRXZT,Male,0,Yes,No,64,Yes,No,No,No internet service,No internet service,No internet service,No internet service,No internet service,No internet service,Two year,Yes,Mailed check,27.45,1754.29,No
5867-WRYOA,Male,0,No,Yes,39,Yes,No,DSL,No,Yes,No,Yes,No,Yes,One year,No,Bank transfer (automatic),66.53,2596.26,No
1229-TUFQN,Male,0,No,No,6,Yes,No,Fiber optic,No,No,Yes,No,No,Yes,One year,No,Electronic check,89.21,520.55,Yes
7598-EWDFF,Male,0,Yes,Yes,1,Yes,Yes,Fiber optic,Yes,No,No,No,Yes,Yes,Month-to-month,Yes,Mailed check,107.96,113.59,Yes
3574-BIKTT,Male,0,No,No,33,Yes,No,Fiber optic,Yes,No,Yes,No,No,Yes,Month-to-month,Yes,Bank transfer (automatic),93.84,3086.83,Yes
6995-DFCWF,Female,1,Yes,No,50,Yes,No,No,No internet service,No internet service,No internet service,No internet service,No internet service,No internet service,One year,Yes,Mailed check,24.15,1209.09,No
2094-ZRWWD,Male,0,Yes,No,11,No,No phone service,DSL,No,No,No,No,No,No,One year,Yes,Electronic check,42.87,462.69,No
5015-BLLDP,Male,0,Yes,No,55,Yes,No,Fiber optic,No,No,Yes,No,No,No,Month-to-month,Yes,Mailed check,76.11,4187.41,Yes
3989-GNGLK,Male,0,No,No,15,Yes,Yes,No,No internet service,No internet service,No internet service,No internet service,No internet service,No internet service,Month-to-month,Yes,Bank transfer (automatic),31.47,474.50,No
0422-VDHNT,Male,0,Yes,No,7,Yes,No,Fiber optic,Yes,No,No,Yes,No,No,One year,Yes,Bank transfer (automatic),83.42,591.45,No
7324-LEJZQ,Female,0,Yes,Yes,41,Yes,No,No,No internet service,No internet service,No internet service,No internet service,No internet service,No internet service,One year,Yes,Credit card (automatic),23.75,980.02,No
7779-TMPIP,Female,0,No,Yes,5,No,No phone service,Fiber optic,Yes,Yes,No,No,No,No,Month-to-month,No,Mailed check,76.77,392.98,Yes
9265-YNMDD,Male,0,No,No,48,Yes,Yes,Fiber optic,No,No,No,No,No,No,Month-to-month,Yes,Credit card (automatic),82.56,3963.94,Yes
5727-NHNWG,Male,0,No,Yes,10,Yes,Yes,Fiber optic,No,Yes,Yes,No,No,Yes,Two year,No,Bank transfer (automatic),105.34,1044.96,No
4119-LHFXS,Female,0,Yes,Yes,61,Yes,No,DSL,Yes,No,No,No,Yes,No,Two year,Yes,Bank transfer (automatic),63.03,3840.02,No
0518-EUMZH,Male,0,No,No,29,Yes,Yes,Fiber optic,No,No,No,Yes,No,No,Month-to-month,No,Mailed check,88.94,2581.84,Yes
5289-TZDLM,Male,0,Yes,No,9,Yes,No,DSL,Yes,Yes,Yes,Yes,Yes,No,Two year,Yes,Electronic check,81.01,739.61,No
1236-MSHHP,Female,0,Yes,Yes,17,Yes,No,Fiber optic,No,No,No,No,No,Yes,One year,No,Credit card (automatic),83.29,1421.18,No
9137-AANDK,Male,1,No,Yes,61,Yes,Yes,No,No internet service,No internet service,No internet service,No internet service,No internet service,No internet service,Month-to-month,Yes,Credit card (automatic),32.09,1967.55,No
1071-DCOBX,Male,0,No,No,8,Yes,No,Fiber optic,Yes,No,No,No,No,No,Month-to-month,Yes,Bank transfer (automatic),77.03,621.44,Yes
2894-YSENJ,Female,0,Yes,No,72,Yes,Yes,Fiber optic,No,Yes,No,No,No,Yes,Month-to-month,No,Credit card (automatic),99.27,7147.15,Yes
5871-RUUUT,Male,0,No,Yes,5,Yes,Yes,Fiber optic,Yes,Yes,No,No,Yes,Yes,Two year,Yes,Credit card (automatic),109.99,552.76,No
7409-EQDAV,Male,0,No,No,1,Yes,Yes,Fiber optic,No,No,Yes,No,No,No,One year,Yes,Mailed check,91.01,93.72,Yes
5073-BMNQK,Female,0,Yes,No,25,Yes,No,Fiber optic,Yes,No,No,Yes,Yes,No,Two year,No,Electronic check,95.33,2387.33,No
2699-HEWBO,Female,0,Yes,No,8,Yes,No,Fiber optic,No,No,No,Yes,No,No,Month-to-month,Yes,Bank transfer (automatic),75.32,608.76,Yes
3545-LBWXN,Female,0,Yes,No,4,Yes,No,Fiber optic,No,No,No,No,No,No,One year,Yes,Credit card (automatic),71.98,286.42,No
8560-IFLTJ,Male,0,No,No,16,Yes,Yes,Fiber optic,Yes,No,Yes,No,Yes,Yes,Month-to-month,Yes,Bank transfer (automatic),111.98,1795.19,Yes
8012-APPRR,Female,1,No,No,61,Yes,No,Fiber optic,Yes,No,No,No,No,Yes,Month-to-month,Yes,Mailed check,89.08,5434.48,Yes
6958-EIMPJ,Male,1,Yes,Yes,46,Yes,No,DSL,Yes,No,No,No,No,No,Month-to-month,Yes,Mailed check,51.5,2383.62,No
8182-KSKNO,Male,0,No,No,38,Yes,Yes,Fiber optic,No,No,No,No,No,Yes,Two year,Yes,Electronic check,88.24,3345.46,No
8676-YHDRN,Female,0,No,No,58,Yes,Yes,Fiber optic,No,No,No,No,No,Yes,One year,Yes,Electronic check,95.45,5526.82,No
4131-UFKAO,Male,0,Yes,Yes,5,Yes,No,Fiber optic,No,No,No,Yes,Yes,Yes,One year,Yes,Electronic check,93.42,460.91,No
7147-USVAQ,Male,0,No,Yes,67,Yes,No,Fiber optic,Yes,Yes,No,No,No,Yes,Two year,Yes,Mailed check,96.38,6448.98,No
7699-KSXKO,Female,0,No,Yes,37,Yes,No,No,No internet service,No internet service,No internet service,No internet service,No internet service,No internet service,One year,Yes,Mailed check,22.23,818.69,No
7096-RLBRU,Female,0,Yes,No,55,Yes,Yes,Fiber optic,No,No,Yes,No,No,No,Month-to-month,Yes,Mailed check,87.97,4827.39,Yes
6338-NJIWO,Male,0,No,No,13,Yes,No,No,No internet service,No internet service,No internet service,No internet service,No internet service,No internet service,Month-to-month,Yes,Electronic check,22.47,303.11,No
9379-SSLWL,Male,0,Yes,No,53,Yes,No,Fiber optic,Yes,No,Yes,Yes,Yes,No,One year,No,Electronic check,97.11,5149.07,No
8330-PAMCL,Male,0,Yes,Yes,31,No,No phone service,No,No internet service,No internet service,No internet service,No internet service,No internet service,No internet service,Two year,Yes,Bank transfer (automatic),18.25,569.23,No
6831-VVITX,Male,0,No,No,30,Yes,Yes,No,No internet service,No internet service,No internet service,No internet service,No internet service,No internet service,Month-to-month,Yes,Electronic check,32.47,965.27,No
2185-XJYQM,Female,0,No,No,68,Yes,No,DSL,Yes,No,No,No,Yes,No,Two year,Yes,Electronic check,61.31,4170.96,No
0486-GBSTR,Male,0,No,No,16,Yes,Yes,No,No internet service,No internet service,No internet service,No internet service,No internet service,No internet service,Two year,No,Bank transfer (automatic),34.22,549.15,No
9846-YEOVP,Male,0,Yes,No,3,Yes,No,Fiber optic,No,Yes,Yes,No,No,No,Month-to-month,No,Credit card (automatic),82.54,223.15,Yes
3700-UPZIB,Male,0,Yes,Yes,5,Yes,No,Fiber optic,Yes,Yes,No,Yes,No,No,One year,No,Electronic check,91.95,446.53,No
2742-VFNEE,Female,0,Yes,No,63,Yes,Yes,Fiber optic,Yes,No,Yes,Yes,Yes,No,Two year,Yes,Electronic check,106.23,6685.04,No
5151-SBQAI,Female,0,No,No,29,No,No phone service,DSL,Yes,No,No,No,Yes,Yes,Month-to-month,Yes,Electronic check,68.99,2007.67,No
3496-RJYDZ,Female,0,Yes,Yes,8,Yes,No,Fiber optic,Yes,Yes,No,No,No,Yes,Month-to-month,Yes,Bank transfer (automatic),91.94,731.28,Yes
9073-WCKLI,Male,0,No,No,23,Yes,Yes,Fiber optic,No,Yes,Yes,No,No,No,One year,No,Credit card (automatic),91.75,2118.53,No
4428-CRMYL,Male,0,Yes,No,19,Yes,No,No,No internet service,No internet service,No internet service,No internet service,No internet service,No internet service,Two year,No,Electronic check,22.96,442.00,No
8933-MZVIX,Male,0,Yes,Yes,12,Yes,No,Fiber optic,No,No,No,No,No,No,Two year,No,Credit card (automatic),74.29,873.09,No
9256-OVSNP,Male,0,Yes,No,54,Yes,No,DSL,Yes,No,No,No,No,No,One year,No,Electronic check,54.6,2955.42,No
8318-CFENO,Male,1,No,Yes,18,Yes,Yes,DSL,Yes,No,No,Yes,No,Yes,Two year,No,Electronic check,77.68,1390.40,No
1082-WYIPZ,Male,0,Yes,No,46,Yes,No,Fiber optic,No,No,No,Yes,No,Yes,One year,Yes,Credit card (automatic),91.15,4198.12,No
5782-VEGWY,Male,1,Yes,No,70,Yes,No,Fiber optic,Yes,No,No,No,Yes,Yes,Month-to-month,No,Bank transfer (automatic),99.67,6961.21,Yes
0543-ZPNAD,Male,0,Yes,No,66,Yes,Yes,Fiber optic,Yes,No,Yes,No,No,No,Month-to-month,No,Mailed check,93.58,6168.81,Yes
9630-ZAQJE,Female,0,No,Yes,39,Yes,No,DSL,Yes,Yes,Yes,Yes,No,No,One year,No,Bank transfer (automatic),69.38,2693.62,No
6871-IDLZK,Female,0,No,No,57,Yes,Yes,Fiber optic,No,Yes,No,No,No,No,Two year,Yes,Mailed check,85.99,4900.84,No
4435-ARDDH,Female,0,No,No,30,Yes,No,DSL,No,No,No,Yes,No,No,One year,Yes,Electronic check,55.28,1665.87,No
8353-DKIND,Male,0,Yes,No,44,Yes,Yes,No,No internet service,No internet service,No internet service,No internet service,No internet service,No internet service,One year,Yes,Credit card (automatic),30.4,1326.85,No
5826-GAKBE,Female,0,Yes,No,53,Yes,No,Fiber optic,No,Yes,Yes,Yes,No,No,Month-to-month,Yes,Bank transfer (automatic),88.87,4717.00,No
7562-FICMM,Female,0,Yes,No,72,Yes,Yes,No,No internet service,No internet service,No internet service,No internet service,No internet service,No internet service,One year,No,Bank transfer (automatic),32.84,2363.48,No
5649-HHVGS,Female,0,No,No,26,Yes,Yes,No,No internet service,No internet service,No internet service,No internet service,No internet service,No internet service,Month-to-month,Yes,Credit card (automatic),30.13,802.13,No
6639-MDSJG,Male,0,Yes,No,51,Yes,Yes,Fiber optic,No,Yes,No,Yes,No,Yes,Month-to-month,No,Mailed check,100.56,5129.55,Yes
4255-VBKJW,Male,0,No,No,54,Yes,No,Fiber optic,Yes,No,No,Yes,No,No,Month-to-month,Yes,Electronic check,82.94,4468.48,No
6935-TPTFI,Male,0,Yes,No,26,Yes,Yes,Fiber optic,No,Yes,No,No,No,No,Month-to-month,No,Mailed check,87.8,2290.80,Yes
6154-VMXHO,Female,1,No,Yes,44,Yes,Yes,DSL,No,No,No,No,Yes,No,Month-to-month,No,Credit card (automatic),66.5,2917.49,No
2856-YNWJI,Female,0,Yes,No,42,Yes,No,Fiber optic,Yes,No,Yes,No,Yes,Yes,Two year,No,Credit card (automatic),102.22,4284.13,No
0028-AAEHR,Female,1,No,No,41,Yes,No,Fiber optic,No,No,Yes,Yes,No,Yes,Two year,No,Credit card (automatic),90.06,3687.91,No
3503-DYIVX,Female,0,No,Yes,5,Yes,No,DSL,No,No,Yes,No,No,No,Month-to-month,Yes,Electronic check,50.12,248.08,Yes
9397-OCBVE,Male,0,Yes,Yes,47,Yes,Yes,No,No internet service,No internet service,No internet service,No internet service,No internet service,No internet service,Month-to-month,No,Electronic check,32.37,1522.48,No
7092-WPZNL,Male,1,No,No,57,Yes,No,DSL,No,Yes,No,No,No,No,One year,Yes,Bank transfer (automatic),49.34,2802.66,No
3947-QQGOI,Female,0,No,No,26,Yes,No,Fiber optic,Yes,Yes,Yes,No,No,No,Two year,Yes,Bank transfer (automatic),87.57,2271.81,No
3796-RNEIM,Male,0,Yes,No,31,Yes,No,DSL,No,No,No,Yes,Yes,No,Two year,No,Electronic check,63.91,1975.18,No
8221-WVOEG,Male,0,No,No,37,Yes,Yes,DSL,Yes,Yes,No,No,No,No,One year,Yes,Mailed check,67.6,2504.57,No
3488-DFRCY,Female,0,Yes,No,52,No,No phone service,No,No internet service,No internet service,No internet service,No internet service,No internet service,No internet service,Month-to-month,No,Electronic check,18.96,976.12,No
5741-WPFOR,Female,0,No,No,26,Yes,Yes,DSL,No,No,Yes,No,No,No,One year,No,Mailed check,61.49,1582.80,No
5703-QRPAF,Male,1,Yes,Yes,39,No,No phone service,Fiber optic,No,No,No,No,Yes,No,One year,No,Credit card (automatic),73.97,2873.88,No
5033-HVBED,Male,0,Yes,No,34,Yes,No,Fiber optic,No,No,No,No,No,Yes,Two year,Yes,Mailed check,84.06,2853.51,No
9374-CPJOD,Female,0,No,No,61,Yes,Yes,Fiber optic,No,Yes,No,Yes,Yes,No,Two year,Yes,Electronic check,102.41,6250.29,No
0593-VRPUI,Male,0,Yes,Yes,0,No,No phone service,DSL,No,No,Yes,No,Yes,No,One year,Yes,Electronic check,55.77, ,Yes
7209-SHSEB,Female,0,Yes,No,26,Yes,No,DSL,No,Yes,No,Yes,Yes,No,Month-to-month,No,Mailed check,67.25,1757.66,No
0944-VBIBR,Male,0,No,No,21,Yes,No,No,No internet service,No internet service,No internet service,No internet service,No internet service,No internet service,Month-to-month,No,Mailed check,21.39,436.90,No
4835-RMDLI,Female,0,No,No,47,Yes,Yes,No,No internet service,No internet service,No internet service,No internet service,No internet service,No internet service,One year,No,Electronic check,34.54,1608.47,No
1033-ATOCM,Male,0,Yes,No,23,Yes,No,Fiber optic,No,No,No,Yes,Yes,No,Two year,Yes,Electronic check,86.04,1977.12,No
1937-GYHAR,Male,0,No,No,22,Yes,No,Fiber optic,No,No,No,No,Yes,Yes,Month-to-month,No,Electronic check,91.25,2000.59,Yes
1738-BNDOQ,Female,0,Yes,No,52,Yes,No,Fiber optic,No,No,Yes,Yes,Yes,No,One year,Yes,Bank transfer (automatic),92.87,4824.28,No
2580-OERWD,Female,1,No,No,34,Yes,No,Fiber optic,No,Yes,No,Yes,No,No,Two year,Yes,Mailed check,83.01,2836.63,No
4712-EZDES,Male,1,Yes,Yes,72,Yes,No,No,No internet service,No internet service,No internet service,No internet service,No internet service,No internet service,One year,Yes,Electronic check,22.45,1603.12,No
8750-TWZUD,Male,0,No,No,26,Yes,Yes,Fiber optic,No,No,No,Yes,No,No,Month-to-month,No,Bank transfer (automatic),83.92,2179.84,Yes
8725-LDGQA,Male,0,Yes,Yes,6,Yes,Yes,Fiber optic,No,Yes,Yes,Yes,No,No,One year,Yes,Electronic check,94.72,573.06,No
5968-PWIZN,Female,0,No,No,23,Yes,No,Fiber optic,No,No,No,Yes,Yes,No,One year,Yes,Bank transfer (automatic),88.27,2022.23,No
8762-NSKEW,Female,1,No,No,22,No,No phone service,DSL,Yes,Yes,No,Yes,No,No,Month-to-month,Yes,Mailed check,55.69,1235.43,No
9607-QMKTR,Female,0,No,No,6,Yes,No,No,No internet service,No internet service,No internet service,No internet service,No internet service,No internet service,Month-to-month,Yes,Electronic check,24.0,159.00,No
4533-GKTBD,Female,1,No,Yes,55,Yes,Yes,No,No internet service,No internet service,No internet service,No internet service,No internet service,No internet service,Two year,No,Electronic check,28.31,1555.24,No
6035-XHYEN,Male,0,No,No,21,Yes,Yes,No,No internet service,No internet service,No internet service,No internet service,No internet service,No internet service,One year,No,Bank transfer (automatic),31.97,686.75,No
1218-VPNPK,Female,1,Yes,Yes,19,Yes,Yes,DSL,No,Yes,No,No,No,No,Month-to-month,No,Electronic check,60.5,1150.79,Yes
0266-ECOWE,Female,0,No,No,5,Yes,No,Fiber optic,Yes,No,No,No,No,No,Month-to-month,No,Electronic check,75.01,364.56,Yes
5256-NXBRF,Male,0,Yes,Yes,30,Yes,Yes,Fiber optic,No,No,Yes,No,No,No,Month-to-month,Yes,Mailed check,84.83,2553.41,Yes
7400-JITLZ,Male,0,Yes,No,72,Yes,No,Fiber optic,No,Yes,No,No,No,Yes,Month-to-month,No,Electronic check,87.34,6278.07,Yes
0711-AAYAV,Male,1,No,No,61,Yes,No,No,No internet service,No internet service,No internet service,No internet service,No internet service,No internet service,Two year,Yes,Credit card (automatic),21.47,1297.29,No
6343-DZOAF,Female,0,Yes,Yes,41,Yes,Yes,No,No internet service,No internet service,No internet service,No internet service,No internet service,No internet service,Two year,Yes,Mailed check,31.69,1307.09,No
9966-XWVLX,Male,0,Yes,No,12,Yes,No,Fiber optic,Yes,No,No,No,Yes,No,One year,Yes,Mailed check,85.59,1019.60,No
2823-MJNFH,Female,1,No,Yes,26,No,No phone service,DSL,No,No,Yes,No,No,No,Month-to-month,No,Electronic check,49.63,1307.79,Yes
2954-EEIWI,Male,0,No,No,46,Yes,No,No,No internet service,No internet service,No internet service,No internet service,No internet service,No internet service,One year,No,Mailed check,22.89,1036.16,No
8553-HBEQJ,Female,0,No,Yes,56,Yes,No,Fiber optic,No,No,No,No,No,No,One year,Yes,Credit card (automatic),72.17,4051.40,No
1051-DMPEW,Male,0,No,No,3,Yes,No,No,No internet service,No internet service,No internet service,No internet service,No internet service,No internet service,Two year,Yes,Mailed check,24.19,71.18,No
9043-GJWXD,Female,0,Yes,No,21,Yes,No,DSL,No,No,Yes,Yes,No,Yes,Month-to-month,Yes,Electronic check,67.99,1406.33,No
3944-KSEUH,Female,0,No,No,53,Yes,Yes,Fiber optic,No,Yes,Yes,No,No,Yes,One year,No,Electronic check,101.37,5383.86,No
6741-XIBPN,Male,1,No,Yes,0,Yes,Yes,Fiber optic,Yes,No,No,No,No,No,Two year,No,Mailed check,88.54, ,Yes
0520-MFHYF,Female,0,Yes,No,50,Yes,Yes,DSL,Yes,No,Yes,No,No,Yes,Two year,Yes,Credit card (automatic),81.23,4051.93,No
5042-WLYFU,Female,0,No,No,62,Yes,Yes,DSL,Yes,No,No,No,Yes,No,Month-to-month,Yes,Electronic check,72.36,4462.03,No
6844-ZDEGC,Female,0,Yes,No,29,Yes,No,Fiber optic,No,No,No,No,Yes,No,Month-to-month,No,Credit card (automatic),83.85,2449.71,Yes
3817-YEGVQ,Male,0,Yes,Yes,33,Yes,Yes,No,No internet service,No internet service,No internet service,No internet service,No internet service,No internet service,Month-to-month,Yes,Credit card (automatic),35.23,1170.67,No
7890-OHSLF,Male,0,Yes,No,28,Yes,Yes,No,No internet service,No internet service,No internet service,No internet service,No internet service,No internet service,Month-to-month,Yes,Electronic check,33.16,925.43,No
9747-GGWYV,Male,0,No,No,67,Yes,No,Fiber optic,Yes,Yes,No,No,No,Yes,Month-to-month,Yes,Electronic check,94.91,6371.62,Yes
5856-OWBHL,Male,0,Yes,No,70,No,No phone service,DSL,Yes,No,No,Yes,No,No,Two year,Yes,Mailed check,52.45,3672.30,No
5367-QZMDT,Female,0,Yes,No,56,Yes,No,No,No internet service,No internet service,No internet service,No internet service,No internet service,No internet service,Two year,Yes,Electronic check,18.26,1024.18,No
9853-PQHKY,Male,0,No,Yes,32,Yes,No,DSL,Yes,No,No,No,No,No,Month-to-month,No,Credit card (automatic),50.24,1623.61,No
4497-HUPDF,Female,0,Yes,No,64,No,No phone service,Fiber optic,No,Yes,No,No,Yes,Yes,Month-to-month,No,Electronic check,94.05,6022.52,Yes
9478-MQIMI,Male,0,Yes,Yes,33,Yes,Yes,Fiber optic,Yes,No,Yes,Yes,No,Yes,One year,Yes,Credit card (automatic),111.42,3687.96,No
5946-KXIYJ,Female,0,Yes,No,49,Yes,No,DSL,No,No,No,Yes,No,No,Two year,No,Bank transfer (automatic),51.42,2514.46,No
2706-LPOUM,Male,1,Yes,Yes,56,Yes,No,No,No internet service,No internet service,No internet service,No internet service,No internet service,No internet service,One year,Yes,Mailed check,26.07,1446.84,No
1174-NKCQW,Female,0,Yes,No,48,Yes,Yes,Fiber optic,No,No,No,No,No,No,Month-to-month,Yes,Bank transfer (automatic),80.77,3873.82,Yes
2613-RTUNH,Male,0,No,No,47,Yes,Yes,DSL,No,No,No,No,Yes,No,Month-to-month,No,Electronic check,67.13,3162.07,Yes
1929-EKIPZ,Male,0,Yes,No,55,Yes,No,Fiber optic,Yes,Yes,No,No,Yes,No,One year,Yes,Bank transfer (automatic),92.86,5122.77,No
4839-EOIDU,Female,0,No,Yes,11,Yes,Yes,Fiber optic,No,Yes,No,Yes,Yes,No,Two year,No,Electronic check,103.86,1143.62,No
4334-VGOVQ,Male,0,No,Yes,55,Yes,No,Fiber optic,No,No,Yes,Yes,Yes,Yes,One year,Yes,Bank transfer (automatic),104.03,5743.27,No
1629-MBVTK,Female,0,No,No,8,Yes,Yes,DSL,No,No,No,No,No,Yes,Month-to-month,No,Credit card (automatic),67.78,535.46,No
4520-CCVDG,Female,0,No,Yes,28,Yes,Yes,Fiber optic,No,No,Yes,Yes,Yes,No,Month-to-month,Yes,Mailed check,107.9,3012.60,Yes
1375-ZSZRO,Male,0,No,No,36,Yes,Yes,DSL,No,No,No,Yes,Yes,Yes,Two year,No,Mailed check,83.57,3010.37,No
2001-SIHLO,Male,1,No,No,20,Yes,Yes,Fiber optic,Yes,No,Yes,No,No,Yes,Month-to-month,Yes,Electronic check,101.67,2036.15,Yes
8664-PGTUL,Female,1,No,No,0,Yes,Yes,DSL,No,No,Yes,No,No,No,Month-to-month,Yes,Bank transfer (automatic),66.55, ,Yes
0321-BXQXI,Male,0,Yes,No,64,No,No phone service,Fiber optic,No,No,No,No,No,No,Two year,Yes,Electronic check,68.43,4376.67,No
5096-OUOYW,Female,0,No,No,26,Yes,No,No,No internet service,No internet service,No internet service,No internet service,No internet service,No internet service,Two year,Yes,Electronic check,25.55,660.49,No
4131-IBBRQ,Male,0,No,No,23,Yes,No,DSL,Yes,No,No,Yes,Yes,Yes,Month-to-month,Yes,Electronic check,74.73,1711.73,No
8711-ELPNT,Male,0,Yes,No,48,Yes,No,DSL,No,No,No,No,Yes,Yes,Two year,Yes,Credit card (automatic),68.31,3286.46,No
1773-TITZY,Female,0,No,Yes,33,Yes,Yes,DSL,No,No,No,No,Yes,No,Month-to-month,Yes,Bank transfer (automatic),67.37,2225.07,No
2172-MBMHO,Female,0,Yes,No,56,Yes,Yes,No,No internet service,No internet service,No internet service,No internet service,No internet service,No internet service,Two year,No,Bank transfer (automatic),31.93,1792.37,No
7485-UCGNO,Male,0,Yes,No,49,Yes,Yes,Fiber optic,Yes,Yes,No,No,No,No,Two year,Yes,Credit card (automatic),93.36,4550.60,No
8362-RMKAF,Male,0,Yes,No,45,Yes,No,Fiber optic,No,No,No,Yes,No,No,Month-to-month,Yes,Electronic check,80.26,3623.34,Yes
4128-SWAWY,Male,0,Yes,No,9,Yes,Yes,DSL,No,Yes,Yes,Yes,Yes,No,Two year,Yes,Credit card (automatic),82.69,735.97,No
7697-PDRNI,Male,0,No,No,6,Yes,No,DSL,No,No,No,No,No,Yes,One year,No,Bank transfer (automatic),60.84,377.97,No
2361-NOHJX,Female,0,No,No,13,Yes,No,Fiber optic,No,Yes,Yes,No,Yes,Yes,Two year,No,Electronic check,100.53,1294.87,No
4870-IMNEI,Female,0,Yes,No,14,Yes,No,Fiber optic,No,No,Yes,Yes,Yes,Yes,Month-to-month,Yes,Credit card (automatic),103.63,1438.22,Yes
8992-XWGLZ,Male,0,Yes,No,50,Yes,Yes,No,No internet service,No internet service,No internet service,No internet service,No internet service,No internet service,Two year,Yes,Mailed check,34.06,1698.54,No
1111-NDGBU,Female,0,No,No,54,Yes,Yes,Fiber optic,Yes,Yes,No,No,No,No,Two year,No,Mailed check,88.26,4770.02,No
6878-GSQZW,Male,0,Yes,No,31,Yes,Yes,Fiber optic,No,Yes,No,No,No,No,Month-to-month,No,Electronic check,88.96,2769.31,Yes
5109-DDVKU,Male,0,No,Yes,58,Yes,No,DSL,No,No,No,Yes,No,No,Two year,Yes,Bank transfer (automatic),52.49,3042.65,No
8789-WICYB,Male,0,No,No,72,Yes,Yes,Fiber optic,No,Yes,No,No,No,No,Month-to-month,Yes,Mailed check,88.82,6388.56,Yes
8531-ZCEYG,Female,0,No,No,38,Yes,No,Fiber optic,Yes,No,Yes,No,No,No,Month-to-month,Yes,Electronic check,85.38,3256.80,Yes
2317-VSMUU,Female,1,Yes,Yes,46,Yes,No,No,No internet service,No internet service,No internet service,No internet service,No internet service,No internet service,Month-to-month,Yes,Bank transfer (automatic),23.46,1076.55,No
0459-ZKKMB,Female,1,No,No,32,Yes,No,Fiber optic,No,No,Yes,No,No,Yes,Two year,Yes,Electronic check,87.46,2796.61,No
2942-EUXZI,Female,0,Yes,Yes,32,No,No phone service,Fiber optic,No,No,No,Yes,Yes,Yes,Month-to-month,Yes,Mailed check,89.98,2888.62,Yes
7202-QMIMP,Male,0,Yes,No,37,Yes,Yes,Fiber optic,No,No,No,No,No,No,Month-to-month,No,Mailed check,82.84,3071.20,Yes
2752-YXCWU,Male,0,No,Yes,20,Yes,Yes,No,No internet service,No internet service,No internet service,No internet service,No internet service,No internet service,Month-to-month,Yes,Electronic check,35.89,724.80,No
1703-KMKDZ,Female,0,No,No,68,Yes,No,DSL,No,No,Yes,Yes,Yes,No,Month-to-month,Yes,Bank transfer (automatic),61.82,4213.54,No
4306-JBJCU,Male,0,Yes,No,42,Yes,No,No,No internet service,No internet service,No internet service,No internet service,No internet service,No internet service,Two year,No,Electronic check,25.33,1053.03,No
7971-IVIDC,Female,0,No,No,10,Yes,Yes,DSL,No,No,No,No,Yes,Yes,One year,Yes,Electronic check,79.26,795.19,No
4436-XOUIG,Female,1,No,No,59,Yes,Yes,Fiber optic,No,No,No,No,No,No,Month-to-month,Yes,Mailed check,82.89,4882.55,Yes
6739-FEANI,Female,1,No,No,45,Yes,No,Fiber optic,Yes,No,Yes,Yes,No,No,Two year,Yes,Mailed check,89.2,4006.59,No
1572-ENGDU,Female,0,No,No,71,Yes,Yes,Fiber optic,No,Yes,No,No,Yes,No,Two year,No,Electronic check,100.28,7129.31,No
0369-GJJDL,Male,0,No,No,55,Yes,No,DSL,No,No,Yes,Yes,No,Yes,One year,No,Mailed check,67.12,3702.65,No
5407-WPEZZ,Male,0,No,No,40,Yes,Yes,DSL,No,No,No,Yes,Yes,No,One year,Yes,Electronic check,73.18,2951.66,No
6927-UBBTW,Male,0,No,No,42,Yes,Yes,Fiber optic,No,Yes,Yes,Yes,Yes,No,Month-to-month,No,Bank transfer (automatic),108.01,4537.29,Yes
9381-FTFZY,Female,0,No,No,51,Yes,No,DSL,No,No,No,No,No,No,Month-to-month,No,Bank transfer (automatic),51.09,2592.27,No
9888-CLKNY,Female,1,Yes,No,47,Yes,No,Fiber optic,No,No,Yes,Yes,No,Yes,Month-to-month,No,Electronic check,93.01,4379.80,Yes
2924-VIAOX,Male,0,No,Yes,11,Yes,Yes,No,No internet service,No internet service,No internet service,No internet service,No internet service,No internet service,One year,No,Electronic check,33.29,358.54,No
3965-OFGTV,Male,1,No,No,6,No,No phone service,Fiber optic,No,No,No,No,No,No,Two year,Yes,Electronic check,69.88,414.42,Yes
2412-MIVSR,Female,0,Yes,No,43,Yes,No,DSL,No,Yes,No,No,No,No,Month-to-month,No,Mailed check,54.02,2332.10,No
4940-CGIED,Male,0,No,No,5,Yes,No,Fiber optic,No,No,No,No,Yes,No,Month-to-month,Yes,Bank transfer (automatic),83.44,415.98,Yes
2986-GHJAT,Female,0,No,No,18,No,No phone service,No,No internet service,No internet service,No internet service,No internet service,No internet service,No internet service,Two year,No,Bank transfer (automatic),18.25,333.61,No
4402-BLWMN,Female,0,No,No,15,Yes,No,No,No internet service,No internet service,No internet service,No internet service,No internet service,No internet service,Month-to-month,No,Electronic check,22.15,333.46,No
4270-ANFQD,Male,0,Yes,No,10,Yes,No,Fiber optic,No,No,Yes,No,No,No,Two year,No,Credit card (automatic),78.72,794.52,No
5083-IIVMW,Male,0,No,Yes,58,No,No phone service,DSL,No,Yes,Yes,No,Yes,No,Month-to-month,No,Credit card (automatic),63.25,3666.02,No
0429-ZFTON,Female,0,Yes,Yes,34,Yes,Yes,DSL,No,No,No,No,No,Yes,Month-to-month,Yes,Credit card (automatic),67.72,2290.63,No
8635-BPSPG,Male,0,Yes,No,59,Yes,Yes,No,No internet service,No internet service,No internet service,No internet service,No internet service,No internet service,Month-to-month,No,Bank transfer (automatic),34.38,2039.48,No
3968-MEAEV,Female,1,Yes,No,34,Yes,Yes,Fiber optic,No,Yes,No,No,No,No,Month-to-month,Yes,Mailed check,92.32,3132.88,Yes
1718-MBSHV,Male,0,Yes,Yes,16,Yes,No,Fiber optic,Yes,No,No,Yes,No,Yes,Month-to-month,Yes,Mailed check,93.15,1495.28,No
0342-QCMYR,Female,0,Yes,Yes,38,Yes,No,DSL,Yes,No,No,Yes,No,No,Two year,Yes,Credit card (automatic),59.31,2258.08,No
0664-BQUJD,Female,0,Yes,No,3,Yes,Yes,Fiber optic,Yes,Yes,No,No,Yes,No,Month-to-month,Yes,Electronic check,102.6,306.98,Yes
8491-DIHSX,Female,0,No,No,47,Yes,Yes,Fiber optic,No,No,No,No,No,No,One year,Yes,Credit card (automatic),80.75,3796.47,No
1249-JXQTP,Male,1,Yes,No,70,Yes,No,DSL,Yes,No,No,No,No,Yes,One year,Yes,Electronic check,62.39,4367.96,No
0045-OQKVE,Male,0,No,No,47,No,No phone service,Fiber optic,No,No,Yes,Yes,No,No,Month-to-month,Yes,Electronic check,78.39,3660.80,Yes
3947-IPLRV,Male,0,No,No,61,Yes,Yes,DSL,Yes,Yes,Yes,No,No,No,Month-to-month,No,Mailed check,72.88,4447.07,No
2103-HSUZU,Male,1,Yes,No,22,Yes,Yes,No,No internet service,No internet service,No internet service,No internet service,No internet service,No internet service,Month-to-month,Yes,Bank transfer (automatic),33.19,733.84,No
4877-QQBXZ,Male,1,Yes,No,59,Yes,No,Fiber optic,Yes,No,No,Yes,No,No,One year,No,Bank transfer (automatic),79.55,4704.38,No
0381-CFMOK,Male,0,No,No,27,Yes,Yes,DSL,No,Yes,No,No,No,No,Month-to-month,Yes,Electronic check,62.07,1662.09,Yes
9238-YJUWY,Female,0,Yes,No,41,Yes,Yes,Fiber optic,No,Yes,No,No,No,No,One year,Yes,Mailed check,84.78,3481.06,No
7674-UUQVE,Female,1,Yes,Yes,37,Yes,Yes,No,No internet service,No internet service,No internet service,No internet service,No internet service,No internet service,Month-to-month,No,Mailed check,33.61,1231.23,No
7715-JZOFS,Male,0,No,Yes,57,Yes,Yes,No,No internet service,No internet service,No internet service,No internet service,No internet service,No internet service,Month-to-month,Yes,Electronic check,32.97,1892.77,No
0694-PLZUX,Male,0,Yes,No,62,Yes,No,DSL,Yes,No,Yes,Yes,No,Yes,Month-to-month,No,Mailed check,72.62,4497.78,No
4401-EWSOA,Female,0,No,No,58,Yes,Yes,DSL,No,No,Yes,No,No,No,Month-to-month,Yes,Bank transfer (automatic),59.98,3486.11,No
1287-DXMIC,Male,0,No,No,20,No,No phone service,Fiber optic,No,No,Yes,No,No,Yes,Two year,No,Mailed check,82.69,1668.14,No
5796-YWQYP,Male,1,No,No,49,Yes,Yes,DSL,Yes,No,No,No,Yes,No,Month-to-month,No,Mailed check,75.91,3718.39,No
4511-TDEGO,Male,0,Yes,No,1,Yes,Yes,Fiber optic,No,Yes,No,Yes,No,No,Two year,Yes,Mailed check,91.91,85.46,Yes
0938-PXCVI,Female,0,Yes,Yes,12,Yes,Yes,Fiber optic,Yes,No,No,Yes,No,No,Two year,No,Bank transfer (automatic),93.21,1116.07,No
7660-EGMRV,Male,0,No,No,55,Yes,No,Fiber optic,Yes,Yes,Yes,No,Yes,No,Month-to-month,Yes,Mailed check,98.38,5423.26,Yes
1202-GUDOX,Female,1,No,No,16,Yes,Yes,DSL,No,No,Yes,No,No,Yes,Two year,No,Bank transfer (automatic),69.94,1127.46,No
7088-BBHLK,Male,0,No,Yes,44,Yes,Yes,DSL,No,Yes,Yes,Yes,Yes,No,Two year,Yes,Mailed check,79.99,3527.39,No
5214-OHFLS,Female,0,No,No,52,Yes,Yes,Fiber optic,No,No,No,No,Yes,No,One year,Yes,Bank transfer (automatic),90.15,4704.60,No
8795-QRPDR,Male,0,No,Yes,36,Yes,Yes,Fiber optic,No,No,Yes,No,No,Yes,Two year,No,Credit card (automatic),98.77,3555.00,No
2785-DBWJK,Male,0,No,No,13,Yes,Yes,Fiber optic,No,Yes,No,Yes,Yes,No,Month-to-month,Yes,Electronic check,105.46,1372.02,Yes
6984-ZDZFB,Female,0,Yes,Yes,69,Yes,No,DSL,Yes,Yes,Yes,No,No,No,Month-to-month,Yes,Bank transfer (automatic),66.49,4593.53,No
1866-MUGYZ,Female,1,No,No,40,Yes,Yes,No,No internet service,No internet service,No internet service,No internet service,No internet service,No internet service,Month-to-month,No,Credit card (automatic),32.72,1294.98,No
4802-WDORC,Female,0,No,Yes,55,Yes,No,Fiber optic,Yes,Yes,No,No,Yes,No,Two year,Yes,Bank transfer (automatic),95.19,5246.71,No
6785-ZITLE,Male,1,Yes,No,43,Yes,Yes,DSL,No,Yes,No,Yes,Yes,No,One year,Yes,Electronic check,77.2,3312.55,No
0888-COJZJ,Male,0,No,No,21,Yes,Yes,Fiber optic,Yes,No,No,Yes,No,No,Two year,Yes,Electronic check,90.58,1905.00,No
7254-XSNQL,Female,0,No,Yes,22,Yes,Yes,Fiber optic,Yes,No,Yes,No,No,No,Month-to-month,No,Credit card (automatic),91.27,2015.19,Yes
8982-RDNXF,Female,0,Yes,No,43,Yes,No,DSL,No,No,Yes,Yes,No,No,Month-to-month,No,Mailed check,57.13,2451.08,No
9074-FUZES,Male,1,No,No,31,Yes,Yes,DSL,No,No,No,Yes,No,Yes,Month-to-month,Yes,Electronic check,72.93,2251.90,No
3415-BTLPQ,Female,0,Yes,No,36,Yes,Yes,Fiber optic,Yes,No,No,Yes,No,No,Two year,No,Bank transfer (automatic),92.85,3342.28,No
3671-SAWDZ,Female,0,Yes,No,45,Yes,Yes,DSL,No,Yes,No,No,No,No,Month-to-month,Yes,Credit card (automatic),64.23,2896.67,No
7485-KJRAQ,Male,0,No,No,38,Yes,No,DSL,Yes,No,No,Yes,No,Yes,One year,No,Credit card (automatic),67.61,2576.00,No
8021-OOPTA,Female,0,Yes,No,33,Yes,Yes,No,No internet service,No internet service,No internet service,No internet service,No internet service,No internet service,Month-to-month,No,Mailed check,34.87,1152.69,No
0336-HMXHN,Male,0,No,Yes,0,Yes,Yes,DSL,No,Yes,No,No,Yes,No,Month-to-month,Yes,Credit card (automatic),71.7, ,Yes
8089-XAGYT,Female,0,Yes,No,37,Yes,No,DSL,No,Yes,No,No,No,No,Month-to-month,No,Mailed check,52.18,1920.30,No
8085-TLPUO,Female,0,No,No,28,Yes,No,DSL,Yes,Yes,No,No,No,No,One year,Yes,Mailed check,61.29,1705.02,No
6937-CRAMV,Female,0,No,Yes,65,Yes,Yes,No,No internet service,No internet service,No internet service,No internet service,No internet service,No internet service,Month-to-month,No,Mailed check,28.88,1885.33,No
1793-YDDLH,Female,0,No,No,19,Yes,No,No,No internet service,No internet service,No internet service,No internet service,No internet service,No internet service,One year,Yes,Credit card (automatic),27.87,530.44,No
7421-OYNIE,Male,0,No,No,41,Yes,No,DSL,No,No,No,Yes,No,No,One year,Yes,Electronic check,54.0,2222.99,No
7624-ITCWH,Female,0,No,No,56,Yes,Yes,No,No internet service,No internet service,No internet service,No internet service,No internet service,No internet service,One year,Yes,Bank transfer (automatic),39.09,2186.90,No
4748-GEIEH,Female,0,Yes,No,7,Yes,No,DSL,No,Yes,No,No,Yes,No,Month-to-month,No,Electronic check,65.73,459.63,Yes
3855-NSMCD,Female,0,No,No,58,Yes,Yes,Fiber optic,No,No,Yes,No,No,No,Two year,Yes,Electronic check,87.57,5081.29,No
0503-GLFXT,Female,1,No,Yes,10,Yes,Yes,Fiber optic,No,Yes,Yes,Yes,No,No,One year,Yes,Credit card (automatic),95.46,967.14,No
8974-VEOFA,Female,0,Yes,No,35,Yes,No,Fiber optic,Yes,Yes,No,Yes,No,Yes,One year,No,Credit card (automatic),101.11,3546.88,No
3831-FBCGT,Male,0,No,No,27,Yes,Yes,DSL,No,No,No,Yes,Yes,No,Month-to-month,Yes,Mailed check,69.7,1873.91,No
0858-SEYFR,Male,1,Yes,Yes,71,Yes,Yes,No,No internet service,No internet service,No internet service,No internet service,No internet service,No internet service,Month-to-month,Yes,Electronic check,33.95,2411.74,No
0804-QUUWW,Male,1,Yes,No,0,Yes,Yes,Fiber optic,No,Yes,No,No,No,Yes,Two year,Yes,Credit card (automatic),96.11, ,Yes
9080-EPGLH,Female,0,No,No,51,No,No phone service,No,No internet service,No internet service,No internet service,No internet service,No internet service,No internet service,Month-to-month,No,Mailed check,19.93,1023.77,No
1033-ZLVAA,Male,1,Yes,No,2,Yes,Yes,Fiber optic,Yes,Yes,No,No,Yes,No,Two year,No,Mailed check,99.79,211.25,Yes
2454-MMUIR,Female,0,Yes,No,12,Yes,Yes,Fiber optic,No,No,Yes,Yes,No,Yes,Two year,Yes,Credit card (automatic),104.55,1281.85,No
0586-XEZDF,Male,1,Yes,Yes,22,Yes,No,Fiber optic,No,No,Yes,Yes,Yes,No,Month-to-month,No,Mailed check,93.99,2058.89,Yes
2038-TADWC,Male,0,No,Yes,33,Yes,No,DSL,No,No,No,No,No,No,One year,No,Electronic check,48.46,1606.22,No
9503-SAPST,Female,0,No,Yes,25,Yes,No,DSL,No,No,No,Yes,No,No,Month-to-month,No,Bank transfer (automatic),53.77,1353.61,No
4511-FUASE,Male,1,Yes,Yes,4,No,No phone service,Fiber optic,No,Yes,No,No,No,No,Month-to-month,Yes,Mailed check,73.43,299.42,Yes
1084-BZDCW,Female,0,No,No,7,Yes,No,DSL,Yes,No,No,Yes,No,No,One year,Yes,Electronic check,56.49,397.12,No
0936-JETTK,Male,0,No,Yes,24,Yes,Yes,Fiber optic,No,No,No,No,No,No,Two year,Yes,Electronic check,80.55,1931.04,No
1731-YJMWS,Female,0,No,No,54,Yes,No,No,No internet service,No internet service,No internet service,No internet service,No internet service,No internet service,Month-to-month,No,Credit card (automatic),22.75,1229.27,No
6003-DTIFC,Female,0,Yes,Yes,27,Yes,No,DSL,No,No,Yes,No,No,No,One year,Yes,Electronic check,57.06,1544.00,No
5116-SGCRT,Female,0,Yes,No,7,No,No phone service,Fiber optic,Yes,No,Yes,No,No,No,Two year,Yes,Bank transfer (automatic),79.14,557.36,No
3285-ULFMX,Female,0,No,No,18,Yes,Yes,Fiber optic,No,No,No,No,No,No,Month-to-month,Yes,Credit card (automatic),81.57,1479.60,Yes
4364-DEPDH,Female,0,Yes,No,12,Yes,Yes,No,No internet service,No internet service,No internet service,No internet service,No internet service,No internet service,Month-to-month,No,Mailed check,34.46,415.02,No
7023-BMUKX,Female,0,Yes,No,25,Yes,No,No,No internet service,No internet service,No internet service,No internet service,No internet service,No internet service,One year,No,Electronic check,22.43,565.85,No
1865-XNRNE,Male,0,Yes,No,38,Yes,No,DSL,No,Yes,No,Yes,No,Yes,Month-to-month,No,Credit card (automatic),66.29,2531.84,No
3702-JXETF,Female,0,Yes,No,50,Yes,No,DSL,No,Yes,Yes,No,Yes,Yes,Month-to-month,Yes,Electronic check,80.44,4027.94,Yes
4243-QQNOG,Male,0,No,No,5,Yes,Yes,DSL,Yes,Yes,No,Yes,No,Yes,Month-to-month,Yes,Electronic check,84.43,433.55,No
3050-HLIKC,Male,0,Yes,No,12,Yes,No,DSL,No,No,No,No,No,No,One year,Yes,Electronic check,47.96,575.22,No
6424-PJWGY,Female,1,Yes,No,51,Yes,Yes,DSL,No,Yes,Yes,No,No,No,Month-to-month,Yes,Credit card (automatic),70.99,3620.29,No
7344-JLRWW,Female,0,Yes,No,35,Yes,No,DSL,No,Yes,No,No,No,Yes,Month-to-month,Yes,Mailed check,64.0,2217.72,No
8834-GZGKJ,Male,0,Yes,No,16,Yes,No,Fiber optic,No,Yes,No,No,No,No,One year,Yes,Mailed check,78.45,1259.14,No
7718-PDQQU,Male,0,No,No,64,Yes,Yes,No,No internet service,No internet service,No internet service,No internet service,No internet service,No internet service,Two year,Yes,Bank transfer (automatic),29.43,1872.74,No
6426-QKARQ,Female,1,No,No,42,No,No phone service,No,No internet service,No internet service,No internet service,No internet service,No internet service,No internet service,Two year,Yes,Mailed check,20.58,858.00,No
8364-PGMMO,Female,0,Yes,No,12,Yes,No,DSL,No,No,No,Yes,No,No,Month-to-month,Yes,Electronic check,49.89,612.09,No
6002-JBNWC,Male,0,Yes,No,62,Yes,No,No,No internet service,No internet service,No internet service,No internet service,No internet service,No internet service,Two year,No,Mailed check,23.35,1459.34,No
6802-KOOFO,Male,1,Yes,No,54,Yes,No,No,No internet service,No internet service,No internet service,No internet service,No internet service,No internet service,Month-to-month,Yes,Bank transfer (automatic),23.61,1277.73,No
8427-EVMRT,Male,0,Yes,Yes,13,Yes,No,No,No internet service,No internet service,No internet service,No internet service,No internet service,No internet service,One year,Yes,Electronic check,21.98,290.45,No
0303-NRFVH,Female,0,No,Yes,70,Yes,No,Fiber optic,No,No,Yes,No,Yes,Yes,One year,Yes,Mailed check,95.82,6716.20,No
8702-FQHFP,Female,0,No,Yes,40,Yes,Yes,DSL,Yes,No,No,No,Yes,Yes,One year,No,Credit card (automatic),83.26,3339.70,No
0915-ZNXEQ,Male,0,No,No,42,Yes,Yes,Fiber optic,Yes,No,No,No,No,Yes,Two year,Yes,Credit card (automatic),99.24,4163.26,No
9133-WBGGG,Male,0,Yes,No,62,Yes,Yes,No,No internet service,No internet service,No internet service,No internet service,No internet service,No internet service,One year,Yes,Credit card (automatic),31.65,1967.89,No
2553-QYRYX,Female,0,Yes,Yes,40,Yes,Yes,DSL,Yes,No,No,No,No,No,Month-to-month,Yes,Bank transfer (automatic),61.85,2466.21,No
0692-PJMJN,Male,0,Yes,No,8,Yes,No,DSL,No,No,Yes,No,Yes,No,Month-to-month,Yes,Mailed check,60.72,491.35,No
8427-LCGNG,Female,0,No,No,19,Yes,No,Fiber optic,Yes,Yes,No,Yes,Yes,No,Two year,Yes,Mailed check,94.73,1795.90,No
6040-WMXWQ,Female,0,No,Yes,20,Yes,No,No,No internet service,No internet service,No internet service,No internet service,No internet service,No internet service,One year,Yes,Credit card (automatic),22.7,454.52,No
2926-TCVLZ,Female,1,No,No,24,Yes,No,DSL,No,Yes,Yes,Yes,No,Yes,Month-to-month,No,Bank transfer (automatic),71.53,1709.96,No
5945-SZEYT,Male,1,Yes,Yes,65,Yes,No,No,No internet service,No internet service,No internet service,No internet service,No internet service,No internet service,Month-to-month,Yes,Electronic check,24.33,1584.86,No
1422-DTEGD,Female,0,Yes,No,29,Yes,Yes,DSL,Yes,Yes,No,No,No,Yes,One year,No,Electronic check,79.34,2295.87,No
6824-TOYUZ,Female,0,No,No,71,Yes,Yes,Fiber optic,No,Yes,No,No,No,Yes,Month-to-month,Yes,Electronic check,99.19,7068.68,Yes
1906-KQXOY,Female,0,No,No,24,Yes,No,DSL,No,No,No,No,Yes,No,Month-to-month,Yes,Bank transfer (automatic),56.57,1349.35,No
6895-OOGCN,Male,0,Yes,No,29,Yes,Yes,DSL,Yes,No,No,Yes,No,No,Month-to-month,Yes,Mailed check,69.9,2042.54,No
8253-IAILD,Male,0,Yes,Yes,30,Yes,No,DSL,No,Yes,No,Yes,No,No,Two year,Yes,Bank transfer (automatic),56.09,1683.79,No
9400-FZOAM,Female,0,No,Yes,35,Yes,No,Fiber optic,Yes,Yes,Yes,No,Yes,Yes,Month-to-month,Yes,Electronic check,109.65,3839.81,Yes
1261-UYLLZ,Female,0,Yes,No,40,Yes,Yes,No,No internet service,No internet service,No internet service,No internet service,No internet service,No internet service,Two year,Yes,Bank transfer (automatic),33.99,1368.08,No
7710-YZDIG,Male,0,No,No,60,Yes,No,DSL,No,No,Yes,No,Yes,No,Month-to-month,Yes,Electronic check,64.38,3854.60,Yes
5989-TNAEM,Female,0,No,Yes,28,Yes,No,Fiber optic,Yes,No,No,No,Yes,No,One year,Yes,Electronic check,85.2,2398.06,No
5506-HUBRU,Male,0,Yes,Yes,33,Yes,No,Fiber optic,No,No,No,No,No,No,Month-to-month,Yes,Bank transfer (automatic),75.49,2492.90,Yes
6632-ILNGB,Male,1,Yes,No,18,Yes,Yes,No,No internet service,No internet service,No internet service,No internet service,No internet service,No internet service,One year,Yes,Electronic check,33.33,579.10,No
0124-NOSJI,Male,0,No,Yes,4,Yes,No,DSL,No,Yes,No,Yes,Yes,No,Month-to-month,No,Bank transfer (automatic),67.94,275.22,No
9363-SJQLY,Male,0,Yes,Yes,19,No,No phone service,Fiber optic,No,No,No,No,No,No,Month-to-month,No,Credit card (automatic),66.1,1256.69,Yes
0004-PGWJP,Female,0,Yes,No,28,Yes,No,DSL,Yes,Yes,No,No,No,Yes,Month-to-month,Yes,Credit card (automatic),66.81,1868.26,No
0585-ODOJY,Male,0,Yes,Yes,2,No,No phone service,No,No internet service,No internet service,No internet service,No internet service,No internet service,No internet service,One year,No,Bank transfer (automatic),18.25,36.63,No
2933-TVPKO,Female,0,Yes,Yes,24,Yes,No,Fiber optic,Yes,Yes,Yes,No,No,No,Month-to-month,Yes,Electronic check,87.59,2119.70,Yes
6827-XQEMJ,Female,0,No,Yes,68,Yes,Yes,Fiber optic,Yes,No,No,No,Yes,Yes,Two year,Yes,Electronic check,111.33,7578.99,No
4771-CRQBZ,Male,0,No,No,54,Yes,Yes,DSL,Yes,No,No,No,No,No,Month-to-month,Yes,Credit card (automatic),62.86,3382.09,No
5050-BHNFI,Male,0,Yes,No,55,No,No phone service,DSL,No,No,Yes,No,Yes,No,One year,No,Electronic check,57.39,3141.69,No
0468-NIDTO,Male,0,No,No,28,Yes,No,No,No internet service,No internet service,No internet service,No internet service,No internet service,No internet service,Month-to-month,No,Electronic check,22.53,627.31,No
3274-WZVNI,Male,0,No,Yes,40,Yes,No,Fiber optic,No,No,Yes,No,Yes,No,Two year,No,Credit card (automatic),88.77,3566.08,No
2521-PCBBZ,Male,1,Yes,No,1,Yes,Yes,DSL,Yes,No,No,Yes,Yes,No,Month-to-month,No,Mailed check,78.46,89.96,Yes
6927-RKGSY,Female,0,Yes,No,5,No,No phone service,Fiber optic,No,No,Yes,No,Yes,No,Month-to-month,Yes,Credit card (automatic),80.91,396.68,Yes
6815-ENRDD,Male,0,No,No,58,Yes,No,No,No internet service,No internet service,No internet service,No internet service,No internet service,No internet service,Two year,Yes,Mailed check,26.69,1540.20,No
7648-ATEXC,Male,0,Yes,No,64,Yes,Yes,DSL,No,No,No,No,No,Yes,Month-to-month,Yes,Electronic check,67.52,4323.62,Yes
4269-CWBGI,Female,0,Yes,Yes,30,Yes,No,No,No internet service,No internet service,No internet service,No internet service,No internet service,No internet service,Month-to-month,Yes,Bank transfer (automatic),20.37,610.66,No
4592-MJEOU,Male,0,Yes,Yes,45,Yes,No,Fiber optic,Yes,Yes,No,Yes,Yes,No,Month-to-month,No,Bank transfer (automatic),96.7,4336.15,No
2752-QJAMJ,Female,0,Yes,Yes,59,Yes,No,DSL,No,No,No,No,No,Yes,Month-to-month,No,Bank transfer (automatic),57.92,3415.78,No
1946-AATZO,Male,0,No,No,45,Yes,Yes,No,No internet service,No internet service,No internet service,No internet service,No internet service,No internet service,Month-to-month,Yes,Electronic check,36.33,1625.72,No
5809-UIXGP,Female,1,Yes,Yes,18,Yes,No,Fiber optic,Yes,Yes,Yes,No,Yes,Yes,Two year,Yes,Credit card (automatic),107.51,1923.21,No
9187-MKOJJ,Female,0,No,No,0,No,No phone service,Fiber optic,No,No,Yes,Yes,Yes,No,Month-to-month,No,Mailed check,86.3, ,Yes
8882-WPLQY,Male,0,Yes,No,17,Yes,No,Fiber optic,No,No,Yes,No,No,No,Two year,Yes,Electronic check,77.32,1307.12,No
8247-FZZIS,Male,0,No,No,6,No,No phone service,DSL,No,Yes,Yes,No,No,No,Month-to-month,Yes,Mailed check,52.74,303.69,No
6543-ETSWF,Female,0,Yes,Yes,31,Yes,No,Fiber optic,No,No,Yes,Yes,No,Yes,Two year,No,Electronic check,92.7,2872.78,No
3800-IPWBK,Male,0,No,No,58,Yes,No,Fiber optic,Yes,No,Yes,Yes,No,No,Month-to-month,Yes,Bank transfer (automatic),84.49,4889.59,No
9430-YOVLF,Female,1,Yes,No,64,Yes,No,DSL,No,No,Yes,Yes,Yes,No,One year,No,Electronic check,66.0,4221.65,No
3177-SWNGN,Female,0,Yes,No,11,Yes,Yes,Fiber optic,Yes,No,No,No,No,No,Month-to-month,No,Credit card (automatic),89.63,988.52,Yes
4473-AQYTA,Female,0,Yes,No,44,Yes,No,Fiber optic,No,Yes,Yes,No,No,No,One year,Yes,Electronic check,83.79,3693.97,No
1961-QZINU,Female,0,No,Yes,23,Yes,Yes,DSL,No,No,No,No,No,Yes,Month-to-month,Yes,Mailed check,68.69,1577.21,No
3302-AUEYM,Female,0,Yes,No,53,Yes,No,DSL,Yes,No,No,Yes,Yes,No,One year,Yes,Electronic check,66.8,3556.48,No
7446-LBWPQ,Male,0,No,No,3,Yes,No,Fiber optic,No,No,No,No,No,Yes,Month-to-month,Yes,Bank transfer (automatic),80.0,246.71,Yes
4590-IYPQT,Female,0,Yes,Yes,23,Yes,Yes,Fiber optic,No,No,Yes,Yes,Yes,Yes,Month-to-month,Yes,Electronic check,113.19,2615.04,Yes
7179-MLNMY,Male,1,No,No,22,Yes,No,No,No internet service,No internet service,No internet service,No internet service,No internet service,No internet service,One year,No,Bank transfer (automatic),23.83,531.80,No
8083-LXNIC,Male,0,Yes,No,48,Yes,Yes,Fiber optic,Yes,No,No,No,No,Yes,Month-to-month,No,Bank transfer (automatic),101.66,4877.86,Yes
5209-VUCNT,Female,0,Yes,Yes,20,Yes,Yes,Fiber optic,No,No,No,No,No,Yes,Month-to-month,Yes,Mailed check,91.34,1823.90,Yes
1993-DSVAY,Male,0,Yes,Yes,69,Yes,No,Fiber optic,No,No,Yes,No,No,No,Two year,No,Mailed check,79.3,5472.83,No
9222-WXRQE,Female,1,Yes,No,21,Yes,No,DSL,Yes,No,No,No,Yes,No,Month-to-month,Yes,Credit card (automatic),64.13,1356.45,No
7252-FLTKG,Male,1,No,Yes,36,Yes,Yes,Fiber optic,Yes,No,No,Yes,Yes,Yes,One year,No,Electronic check,109.31,3934.20,No
9004-IETHU,Male,0,Yes,No,29,No,No phone service,No,No internet service,No internet service,No internet service,No internet service,No internet service,No internet service,Month-to-month,No,Bank transfer (automatic),18.62,523.73,No
0639-UMVMG,Female,0,No,No,30,Yes,Yes,Fiber optic,No,No,No,Yes,No,Yes,Month-to-month,No,Bank transfer (automatic),96.26,2881.73,Yes
1029-ADFEK,Female,0,Yes,No,32,Yes,No,Fiber optic,Yes,No,Yes,No,No,No,Two year,No,Bank transfer (automatic),84.14,2663.46,No
3652-YOUMJ,Male,0,No,No,26,Yes,No,Fiber optic,No,No,No,Yes,No,Yes,Two year,Yes,Mailed check,89.48,2321.77,No
0549-XTLQR,Male,0,No,No,57,Yes,Yes,Fiber optic,No,No,No,Yes,No,No,Month-to-month,No,Credit card (automatic),86.67,4935.46,No
7974-VBYVY,Male,0,No,No,0,Yes,Yes,DSL,Yes,No,No,Yes,No,No,One year,Yes,Electronic check,68.82, ,Yes
9259-PUPIM,Female,0,Yes,No,63,Yes,No,No,No internet service,No internet service,No internet service,No internet service,No internet service,No internet service,Month-to-month,No,Credit card (automatic),26.74,1681.55,No
9084-QJHGN,Female,0,No,Yes,71,No,No phone service,No,No internet service,No internet service,No internet service,No internet service,No internet service,No internet service,Month-to-month,No,Bank transfer (automatic),18.66,1330.03,No
5142-RNJAI,Male,0,Yes,No,71,Yes,No,No,No internet service,No internet service,No internet service,No internet service,No internet service,No internet service,Month-to-month,No,Credit card (automatic),22.36,1605.08,No
1068-VPXKW,Female,0,Yes,Yes,25,Yes,No,No,No internet service,No internet service,No internet service,No internet service,No internet service,No internet service,Two year,Yes,Credit card (automatic),23.42,577.23,No
8650-IJPUR,Female,0,No,No,48,Yes,No,DSL,Yes,Yes,No,No,No,Yes,Month-to-month,No,Electronic check,66.87,3213.82,No
7320-USOTO,Male,1,Yes,No,43,Yes,No,Fiber optic,No,No,Yes,Yes,No,No,One year,No,Electronic check,81.31,3480.19,No
8647-VJRGA,Female,0,No,No,42,Yes,Yes,DSL,Yes,No,Yes,No,No,Yes,Two year,No,Electronic check,80.0,3364.32,No
2004-VPLSN,Male,0,No,No,48,Yes,No,DSL,No,Yes,Yes,Yes,No,Yes,Month-to-month,No,Electronic check,72.66,3489.11,No
2204-AZJCM,Male,0,No,Yes,51,Yes,Yes,No,No internet service,No internet service,No internet service,No internet service,No internet service,No internet service,Two year,Yes,Mailed check,34.25,1771.68,No
5528-HCEUN,Female,1,Yes,No,70,Yes,Yes,Fiber optic,No,No,No,No,No,No,Month-to-month,No,Mailed check,82.03,5738.47,Yes
4244-TTBYG,Female,0,No,Yes,31,Yes,No,DSL,Yes,No,Yes,Yes,Yes,No,Two year,Yes,Electronic check,74.81,2318.31,No
0419-FGLRK,Male,0,Yes,No,54,Yes,Yes,Fiber optic,Yes,Yes,Yes,No,No,Yes,Month-to-month,Yes,Credit card (automatic),109.14,5880.87,Yes
5283-SMSBI,Male,1,Yes,No,17,Yes,Yes,No,No internet service,No internet service,No internet service,No internet service,No internet service,No internet service,Two year,Yes,Electronic check,36.46,633.77,No
7481-FWVCJ,Female,1,No,No,58,Yes,Yes,DSL,Yes,No,Yes,No,No,No,Two year,Yes,Mailed check,68.43,3959.56,No
9987-HXIQH,Male,0,No,No,28,Yes,No,Fiber optic,Yes,Yes,Yes,Yes,No,No,Month-to-month,Yes,Credit card (automatic),92.96,2612.40,No
1305-JAUYA,Male,0,No,No,31,Yes,Yes,Fiber optic,Yes,No,Yes,Yes,No,No,Month-to-month,No,Mailed check,97.3,3031.49,No
8327-FGIEP,Female,1,Yes,No,53,No,No phone service,DSL,No,Yes,No,Yes,Yes,Yes,Month-to-month,Yes,Mailed check,73.56,3883.56,No
1223-ZWJVC,Female,1,No,Yes,30,Yes,Yes,No,No internet service,No internet service,No internet service,No internet service,No internet service,No internet service,Month-to-month,Yes,Bank transfer (automatic),32.94,988.93,No
6397-WWIHL,Male,0,No,No,42,Yes,No,Fiber optic,No,No,Yes,Yes,No,No,Month-to-month,No,Credit card (automatic),83.87,3524.11,No
0623-FEHRU,Male,0,Yes,Yes,40,Yes,Yes,DSL,No,No,No,No,Yes,No,One year,Yes,Bank transfer (automatic),66.28,2636.41,No
4294-TUZIW,Male,0,Yes,No,7,Yes,Yes,Fiber optic,No,No,Yes,Yes,No,Yes,Two year,No,Bank transfer (automatic),103.62,709.92,No
0283-TJVCS,Male,0,Yes,No,42,Yes,No,Fiber optic,Yes,Yes,No,No,No,No,Two year,Yes,Electronic check,82.97,3466.35,No
8464-FXHBY,Male,0,Yes,No,50,Yes,Yes,DSL,No,Yes,No,No,Yes,No,Two year,Yes,Electronic check,73.62,3664.63,No
9562-TVWFU,Female,0,Yes,No,7,Yes,Yes,DSL,No,No,No,Yes,No,No,Month-to-month,Yes,Credit card (automatic),59.29,423.31,No
1648-KDNZL,Male,1,No,Yes,8,Yes,No,Fiber optic,No,No,Yes,Yes,Yes,Yes,Two year,No,Bank transfer (automatic),102.27,798.49,No
1660-MPESY,Male,0,Yes,Yes,45,Yes,Yes,DSL,No,No,No,No,No,No,Month-to-month,No,Electronic check,60.73,2736.70,Yes
8681-ZXZJZ,Male,1,No,Yes,32,Yes,No,DSL,Yes,No,No,No,No,No,Two year,Yes,Mailed check,51.83,1671.73,No
0277-ZXOKG,Male,1,No,No,57,Yes,No,Fiber optic,No,No,No,Yes,No,Yes,Month-to-month,No,Credit card (automatic),87.47,4994.12,Yes
1281-MWASM,Female,1,Yes,Yes,30,No,No phone service,Fiber optic,No,Yes,No,No,Yes,No,Two year,No,Electronic check,82.03,2450.59,No
0530-ETNZZ,Male,0,Yes,No,68,Yes,Yes,DSL,No,No,No,Yes,No,Yes,Month-to-month,Yes,Bank transfer (automatic),70.54,4820.38,No
1673-ICVKO,Male,0,No,No,47,Yes,No,Fiber optic,No,No,No,No,No,No,One year,Yes,Mailed check,71.45,3361.12,No
6658-QMIIT,Male,0,No,Yes,10,Yes,No,DSL,Yes,Yes,No,Yes,Yes,No,Month-to-month,Yes,Electronic check,71.92,715.90,No
4261-HYFYF,Male,1,No,Yes,32,Yes,Yes,DSL,No,No,Yes,No,Yes,Yes,Month-to-month,Yes,Electronic check,84.22,2713.35,Yes
2921-ETLFP,Female,0,Yes,No,60,Yes,No,DSL,No,No,No,No,No,No,One year,Yes,Mailed check,47.54,2862.50,No
4532-QEVUU,Female,0,No,No,14,No,No phone service,Fiber optic,No,Yes,No,Yes,No,Yes,One year,No,Bank transfer (automatic),89.72,1253.31,No
5337-KXSWE,Male,0,No,No,28,Yes,Yes,Fiber optic,Yes,No,No,No,No,No,Two year,Yes,Electronic check,88.34,2477.78,No
4212-OGCOK,Female,0,Yes,No,26,Yes,Yes,DSL,No,Yes,No,No,No,No,One year,Yes,Credit card (automatic),61.5,1606.34,No
1346-ANXJC,Male,1,Yes,Yes,19,Yes,No,Fiber optic,No,No,No,No,Yes,No,One year,No,Electronic check,78.15,1497.07,No
5349-OFRMO,Female,0,No,No,35,Yes,No,Fiber optic,Yes,No,No,No,No,No,One year,No,Electronic check,81.55,2845.01,No
2770-JXRZZ,Female,0,Yes,No,13,Yes,No,DSL,No,No,No,No,No,No,Month-to-month,Yes,Mailed check,49.12,656.31,No
7940-HEQOD,Female,0,No,No,36,Yes,Yes,Fiber optic,Yes,No,No,No,No,No,One year,Yes,Credit card (automatic),86.63,3112.58,No
0891-XDYBL,Female,1,No,Yes,48,Yes,No,DSL,No,No,No,No,No,Yes,Two year,Yes,Mailed check,60.65,2913.80,No
2194-KACQZ,Male,0,No,No,35,Yes,Yes,DSL,No,No,No,No,Yes,No,One year,Yes,Mailed check,68.15,2375.56,No
7327-YHFPC,Female,1,No,Yes,57,Yes,No,No,No internet service,No internet service,No internet service,No internet service,No internet service,No internet service,Month-to-month,No,Mailed check,22.75,1277.78,No
7448-AGXKJ,Female,0,Yes,Yes,14,Yes,Yes,Fiber optic,No,No,Yes,No,No,No,Month-to-month,Yes,Bank transfer (automatic),92.1,1280.11,Yes
2707-WTKGZ,Female,0,No,No,38,Yes,No,Fiber optic,No,No,No,No,No,No,Month-to-month,No,Electronic check,74.1,2815.71,Yes
6902-GKMEY,Female,0,Yes,No,4,Yes,No,No,No internet service,No internet service,No internet service,No internet service,No internet service,No internet service,Month-to-month,No,Credit card (automatic),25.9,114.62,No
6204-MJEWA,Male,0,No,No,44,Yes,Yes,DSL,No,Yes,Yes,No,No,No,Month-to-month,Yes,Credit card (automatic),70.87,3118.98,No
9157-TCSSB,Male,0,No,No,0,Yes,Yes,DSL,Yes,Yes,No,No,No,No,One year,Yes,Credit card (automatic),67.21, ,Yes
0494-PETCC,Male,0,Yes,Yes,46,Yes,No,No,No internet service,No internet service,No internet service,No internet service,No internet service,No internet service,Two year,Yes,Bank transfer (automatic),21.67,1010.17,No
1435-RBXFC,Male,0,No,No,33,No,No phone service,DSL,No,No,Yes,Yes,Yes,No,Month-to-month,Yes,Bank transfer (automatic),64.94,2148.70,No
4212-QNGVU,Male,0,No,Yes,7,Yes,Yes,Fiber optic,Yes,Yes,Yes,Yes,No,No,Two year,No,Mailed check,104.74,729.08,No
5722-LEENQ,Female,0,Yes,No,53,Yes,No,No,No internet service,No internet service,No internet service,No internet service,No internet service,No internet service,Month-to-month,Yes,Electronic check,23.48,1258.18,No
3872-UEWXY,Male,0,Yes,No,59,No,No phone service,DSL,No,Yes,No,No,No,No,Month-to-month,No,Electronic check,48.97,2891.86,No
6177-KNRMF,Female,0,No,No,36,Yes,No,No,No internet service,No internet service,No internet service,No internet service,No internet service,No internet service,One year,Yes,Electronic check,22.41,800.30,No
9069-BPEPW,Female,0,No,Yes,45,Yes,No,Fiber optic,Yes,No,No,No,No,Yes,Two year,Yes,Electronic check,86.88,3911.49,No
9808-KEFHO,Female,0,Yes,No,17,Yes,No,No,No internet service,No internet service,No internet service,No internet service,No internet service,No internet service,One year,No,Electronic check,21.57,364.78,No
1638-VPWKV,Male,0,No,No,9,Yes,No,DSL,No,No,No,No,No,Yes,Two year,No,Electronic check,60.76,547.26,No
7567-OQOJD,Female,0,Yes,No,67,Yes,No,Fiber optic,No,No,No,Yes,No,Yes,Two year,No,Credit card (automatic),92.92,6216.87,No
5035-WVKDL,Female,0,No,No,70,No,No phone service,No,No internet service,No internet service,No internet service,No internet service,No internet service,No internet service,Month-to-month,No,Electronic check,18.25,1287.33,No
6915-EBYMW,Female,0,Yes,No,23,Yes,No,DSL,Yes,Yes,Yes,No,Yes,No,Month-to-month,Yes,Bank transfer (automatic),73.91,1689.15,No
2656-DMZHH,Female,0,Yes,Yes,46,Yes,Yes,DSL,No,No,No,No,Yes,Yes,Month-to-month,Yes,Mailed check,78.18,3594.84,No
6697-QFBQL,Male,1,Yes,No,36,Yes,Yes,DSL,Yes,No,Yes,Yes,No,No,Month-to-month,No,Credit card (automatic),74.03,2668.99,No
9654-EYIVC,Female,1,No,No,71,Yes,No,No,No internet service,No internet service,No internet service,No internet service,No internet service,No internet service,Month-to-month,Yes,Bank transfer (automatic),21.8,1540.29,No
6346-LGJHQ,Female,0,No,No,42,Yes,No,DSL,No,Yes,No,Yes,Yes,No,One year,Yes,Mailed check,67.96,2854.12,No
4861-QXIJE,Male,0,Yes,No,24,Yes,No,DSL,No,Yes,No,Yes,No,Yes,One year,Yes,Bank transfer (automatic),66.23,1580.92,No
5143-XXNEX,Male,0,Yes,Yes,17,Yes,Yes,No,No internet service,No internet service,No internet service,No internet service,No internet service,No internet service,Two year,Yes,Mailed check,32.89,546.41,No
5953-JSIUZ,Male,0,No,Yes,50,Yes,No,Fiber optic,No,No,Yes,No,No,No,Month-to-month,No,Bank transfer (automatic),78.65,3949.23,Yes
9353-FZHPH,Female,0,Yes,Yes,45,Yes,Yes,Fiber optic,No,No,No,No,No,No,Month-to-month,Yes,Bank transfer (automatic),86.58,3904.86,Yes
5002-RQQLL,Female,0,Yes,Yes,58,No,No phone service,Fiber optic,No,Yes,No,No,No,No,One year,No,Credit card (automatic),71.91,4170.99,No
5672-QUHKT,Female,0,No,No,38,Yes,No,Fiber optic,No,No,No,No,No,Yes,Two year,No,Credit card (automatic),83.97,3199.51,No
1882-GQHHC,Male,0,No,Yes,37,Yes,Yes,Fiber optic,No,No,No,Yes,No,Yes,Two year,Yes,Bank transfer (automatic),101.96,3780.47,No
4366-KXEMK,Male,0,Yes,No,54,No,No phone service,No,No internet service,No internet service,No internet service,No internet service,No internet service,No internet service,Month-to-month,No,Credit card (automatic),18.25,982.10,No
4740-KSRJE,Female,1,No,Yes,4,Yes,Yes,DSL,No,No,No,No,Yes,No,Month-to-month,No,Mailed check,63.73,265.22,Yes
7880-QQAYA,Male,0,No,No,4,Yes,No,No,No internet service,No internet service,No internet service,No internet service,No internet service,No internet service,Month-to-month,Yes,Electronic check,19.86,70.99,No
6588-DINOP,Male,0,No,No,49,Yes,No,DSL,No,Yes,No,No,Yes,No,Month-to-month,Yes,Electronic check,63.53,3121.89,Yes
5486-IUDJC,Male,0,No,No,41,Yes,Yes,DSL,No,Yes,No,Yes,No,No,Month-to-month,Yes,Credit card (automatic),67.38,2747.07,No
4820-RJUSV,Male,0,No,No,18,Yes,No,Fiber optic,No,No,No,Yes,Yes,No,Month-to-month,No,Bank transfer (automatic),86.96,1562.05,Yes
7598-OVETB,Female,0,No,No,33,No,No phone service,No,No internet service,No internet service,No internet service,No internet service,No internet service,No internet service,One year,No,Electronic check,22.25,720.66,No
5140-SJUMW,Female,0,No,No,52,Yes,No,Fiber optic,No,No,Yes,No,No,Yes,Two year,Yes,Bank transfer (automatic),88.56,4609.37,No
7661-FUKOI,Female,0,No,No,20,Yes,No,DSL,No,No,No,No,No,No,Month-to-month,Yes,Bank transfer (automatic),48.98,993.14,No
9367-NVCUQ,Female,0,No,Yes,44,Yes,Yes,Fiber optic,Yes,No,Yes,No,No,Yes,Month-to-month,Yes,Credit card (automatic),104.18,4592.43,Yes
7196-IADWN,Female,0,Yes,No,59,Yes,No,No,No internet service,No internet service,No internet service,No internet service,No internet service,No internet service,Month-to-month,No,Mailed check,21.87,1286.09,No
8115-CTSMQ,Male,1,Yes,No,52,Yes,No,Fiber optic,No,No,No,Yes,No,No,Month-to-month,No,Credit card (automatic),78.97,4094.88,Yes
5116-UHNBM,Female,0,No,Yes,18,Yes,No,DSL,No,No,No,Yes,Yes,Yes,Month-to-month,No,Electronic check,71.36,1314.50,No
9769-XSXOV,Female,0,No,No,34,Yes,No,Fiber optic,No,No,No,Yes,No,Yes,Month-to-month,Yes,Bank transfer (automatic),88.02,3020.25,Yes
1542-AGRAA,Male,0,No,No,13,Yes,Yes,Fiber optic,No,Yes,Yes,No,No,Yes,Month-to-month,No,Credit card (automatic),102.22,1316.32,Yes
6085-TLTOM,Male,0,Yes,Yes,11,Yes,Yes,DSL,No,Yes,Yes,Yes,No,Yes,Month-to-month,Yes,Credit card (automatic),80.5,891.89,No
4141-DJKUF,Male,0,Yes,No,48,Yes,No,No,No internet service,No internet service,No internet service,No internet service,No internet service,No internet service,Month-to-month,Yes,Mailed check,22.47,1066.76,No
5834-FDFRM,Male,0,Yes,No,2,Yes,Yes,Fiber optic,No,No,No,No,Yes,No,One year,Yes,Credit card (automatic),92.54,171.70,Yes
6293-YOLOU,Male,0,No,No,26,Yes,No,DSL,No,Yes,Yes,No,No,Yes,Two year,No,Mailed check,66.69,1734.46,No
8999-LZVHU,Male,0,Yes,Yes,24,Yes,Yes,No,No internet service,No internet service,No internet service,No internet service,No internet service,No internet service,Month-to-month,No,Bank transfer (automatic),32.94,791.10,No
4261-COBOM,Male,0,No,No,14,Yes,Yes,Fiber optic,No,No,No,No,Yes,No,Month-to-month,Yes,Electronic check,90.18,1271.91,Yes
7397-XXXHP,Male,0,No,No,26,Yes,Yes,Fiber optic,No,Yes,No,No,No,No,One year,No,Credit card (automatic),82.53,2124.30,No
8187-KZAUK,Female,0,No,No,14,Yes,No,Fiber optic,Yes,No,No,No,No,No,Month-to-month,Yes,Credit card (automatic),72.77,1018.29,Yes
1947-IIAGL,Male,0,No,No,29,Yes,No,No,No internet service,No internet service,No internet service,No internet service,No internet service,No internet service,One year,No,Bank transfer (automatic),22.71,661.66,No
7925-KSYSR,Male,0,No,No,58,Yes,No,No,No internet service,No internet service,No internet service,No internet service,No internet service,No internet service,Month-to-month,Yes,Electronic check,23.99,1419.12,No
8771-FMMUL,Female,0,No,No,44,Yes,No,DSL,No,Yes,No,No,Yes,No,Two year,Yes,Electronic check,63.46,2783.45,No
1438-LQFGF,Female,0,Yes,No,52,Yes,No,DSL,No,No,No,No,No,Yes,Month-to-month,No,Electronic check,60.26,3137.61,Yes
4348-EJOHW,Female,0,No,No,44,No,No phone service,Fiber optic,No,No,Yes,No,No,No,One year,Yes,Bank transfer (automatic),73.89,3266.45,No
3946-FMSJO,Male,0,Yes,Yes,71,Yes,Yes,DSL,No,Yes,Yes,No,Yes,No,Month-to-month,Yes,Credit card (automatic),77.26,5507.19,No
2129-QMYBM,Female,0,Yes,No,60,Yes,No,Fiber optic,Yes,No,No,No,No,No,Month-to-month,Yes,Bank transfer (automatic),76.81,4625.90,Yes
2493-MUPVU,Female,1,No,No,10,Yes,Yes,DSL,No,Yes,No,No,Yes,No,One year,Yes,Bank transfer (automatic),75.6,757.76,No
9058-PSORV,Male,0,Yes,No,50,Yes,No,No,No internet service,No internet service,No internet service,No internet service,No internet service,No internet service,Month-to-month,Yes,Credit card (automatic),27.51,1374.03,No
2355-LBMCM,Female,0,No,No,38,Yes,No,DSL,No,No,Yes,No,No,No,Month-to-month,No,Mailed check,53.54,2026.56,No
8128-TAMBO,Female,0,Yes,No,23,Yes,No,DSL,No,Yes,No,No,No,No,Month-to-month,No,Mailed check,54.34,1264.33,No
2885-NFSEK,Male,0,No,No,5,Yes,No,Fiber optic,No,Yes,Yes,No,No,No,Month-to-month,No,Electronic check,80.54,397.45,Yes
3998-IQHOI,Female,0,No,No,32,No,No phone service,DSL,Yes,No,No,No,No,No,Month-to-month,Yes,Credit card (automatic),44.77,1429.64,No
4393-RIUCV,Male,0,No,No,21,Yes,Yes,Fiber optic,No,No,No,Yes,No,No,Month-to-month,No,Credit card (automatic),90.78,1908.74,Yes
8847-DUGGW,Female,0,Yes,Yes,59,Yes,Yes,Fiber optic,Yes,No,No,No,Yes,No,Two year,No,Electronic check,94.87,5585.52,No
7408-YWLFM,Female,0,Yes,No,19,Yes,Yes,Fiber optic,No,Yes,No,No,No,No,Month-to-month,Yes,Electronic check,89.58,1705.24,Yes
4429-AVXRH,Female,0,No,No,10,Yes,Yes,DSL,Yes,No,No,No,No,Yes,Month-to-month,No,Bank transfer (automatic),76.83,761.10,No
7979-OSJXP,Male,0,No,No,34,Yes,Yes,Fiber optic,No,Yes,No,No,No,Yes,Month-to-month,No,Electronic check,101.25,3450.53,Yes
3287-JMRMM,Female,0,Yes,Yes,34,Yes,Yes,DSL,No,No,No,Yes,Yes,Yes,Month-to-month,Yes,Electronic check,82.59,2836.48,No
7295-UXIGF,Female,0,No,No,64,Yes,No,Fiber optic,Yes,Yes,No,No,No,No,One year,No,Credit card (automatic),82.18,5270.13,No
5047-FLQEK,Female,0,Yes,Yes,48,No,No phone service,DSL,No,No,Yes,No,No,No,Month-to-month,Yes,Bank transfer (automatic),48.43,2309.22,No
4278-FVBZB,Female,0,Yes,No,65,Yes,No,No,No internet service,No internet service,No internet service,No internet service,No internet service,No internet service,Month-to-month,Yes,Electronic check,20.81,1355.69,No
5718-PYONT,Female,0,No,No,45,Yes,Yes,No,No internet service,No internet service,No internet service,No internet service,No internet service,No internet service,Month-to-month,No,Mailed check,32.79,1469.55,No
3347-REBOK,Female,0,Yes,No,4,Yes,No,DSL,No,No,No,No,No,No,Two year,No,Electronic check,50.12,203.58,No
7062-TOXSM,Male,0,Yes,No,38,Yes,Yes,No,No internet service,No internet service,No internet service,No internet service,No internet service,No internet service,One year,No,Bank transfer (automatic),37.5,1431.81,No
6085-SWMUX,Male,1,No,No,50,Yes,Yes,DSL,Yes,No,Yes,No,Yes,No,One year,Yes,Electronic check,80.33,4011.39,No
7853-MBCEX,Male,0,No,Yes,20,Yes,Yes,No,No internet service,No internet service,No internet service,No internet service,No internet service,No internet service,Month-to-month,Yes,Electronic check,35.31,711.76,No
9148-BOHPC,Male,0,No,No,37,Yes,Yes,DSL,No,Yes,No,Yes,No,No,One year,Yes,Credit card (automatic),70.94,2633.93,No
7336-EDWLS,Male,1,Yes,No,35,Yes,No,DSL,No,No,Yes,No,Yes,Yes,Month-to-month,Yes,Mailed check,68.59,2397.29,No
8421-GWETK,Female,0,No,No,13,Yes,Yes,No,No internet service,No internet service,No internet service,No internet service,No internet service,No internet service,Month-to-month,No,Mailed check,33.21,438.66,No
1169-WTNTT,Male,0,No,Yes,32,Yes,Yes,DSL,Yes,No,No,Yes,No,No,Month-to-month,Yes,Credit card (automatic),64.99,2064.77,No
1807-VZWUV,Female,1,No,No,22,Yes,No,Fiber optic,No,Yes,No,No,Yes,No,One year,Yes,Mailed check,85.83,1896.78,No
5893-LETQJ,Male,0,Yes,No,71,Yes,No,Fiber optic,No,No,No,Yes,No,No,Month-to-month,No,Bank transfer (automatic),77.66,5538.77,No
5435-LUSBM,Female,1,Yes,No,37,Yes,Yes,No,No internet service,No internet service,No internet service,No internet service,No internet service,No internet service,One year,Yes,Electronic check,36.02,1342.69,No
5392-NHIOW,Male,0,No,No,46,Yes,No,No,No internet service,No internet service,No internet service,No internet service,No internet service,No internet service,Two year,Yes,Electronic check,22.38,1041.15,No
1749-GURLL,Female,0,Yes,Yes,63,Yes,No,Fiber optic,No,No,No,No,Yes,No,One year,Yes,Mailed check,81.86,5175.62,No
3454-JOAQC,Female,1,Yes,No,46,Yes,No,Fiber optic,No,No,Yes,No,No,No,Two year,Yes,Mailed check,77.76,3575.77,No
8194-IGKHB,Male,0,Yes,No,0,Yes,Yes,DSL,No,No,Yes,No,Yes,No,Two year,Yes,Mailed check,72.9, ,Yes
4800-JHRYJ,Male,0,Yes,No,41,Yes,Yes,DSL,No,No,No,No,No,Yes,Two year,No,Credit card (automatic),64.92,2670.03,No
8312-JQCUS,Female,0,Yes,No,67,Yes,Yes,Fiber optic,No,Yes,Yes,No,No,No,One year,Yes,Bank transfer (automatic),95.43,6395.52,No
2952-SOYRQ,Male,0,No,No,24,Yes,Yes,DSL,No,No,No,No,No,Yes,Month-to-month,Yes,Credit card (automatic),67.65,1626.29,No
9726-RKKLH,Male,0,No,No,56,No,No phone service,DSL,Yes,Yes,No,No,No,Yes,Month-to-month,Yes,Mailed check,61.34,3454.10,No
8777-NWRXU,Female,0,Yes,Yes,51,Yes,No,DSL,No,No,Yes,No,No,No,One year,Yes,Mailed check,54.78,2802.53,No
5304-CITZR,Female,0,No,Yes,6,Yes,Yes,DSL,No,No,No,Yes,No,No,Two year,No,Credit card (automatic),61.03,348.72,No
3224-PAEXO,Female,0,No,Yes,6,Yes,Yes,Fiber optic,No,Yes,No,No,No,Yes,Month-to-month,Yes,Electronic check,99.4,588.94,Yes
9801-RFAQR,Male,0,Yes,Yes,55,Yes,Yes,DSL,No,No,Yes,Yes,Yes,No,One year,Yes,Bank transfer (automatic),78.04,4286.19,No
3132-SYHLL,Female,0,No,No,38,Yes,Yes,No,No internet service,No internet service,No internet service,No internet service,No internet service,No internet service,One year,Yes,Bank transfer (automatic),29.99,1145.00,No
9804-TKINC,Female,0,Yes,No,69,Yes,Yes,DSL,No,Yes,No,No,Yes,No,Two year,No,Bank transfer (automatic),74.15,5119.71,No
4794-IRFUY,Male,1,Yes,Yes,57,Yes,No,DSL,No,No,No,Yes,No,No,Month-to-month,Yes,Electronic check,49.99,2849.87,No
6769-ZEKUM,Female,0,No,No,22,Yes,Yes,Fiber optic,No,No,Yes,No,Yes,No,Month-to-month,Yes,Electronic check,97.69,2157.97,Yes
3189-JJZSK,Female,0,No,No,9,Yes,No,Fiber optic,No,No,Yes,No,Yes,No,Two year,No,Credit card (automatic),85.07,787.00,No
2275-ALONC,Male,0,Yes,Yes,71,Yes,No,Fiber optic,Yes,No,No,No,No,No,Month-to-month,Yes,Electronic check,79.57,5638.18,Yes
3159-QQHDO,Female,0,Yes,Yes,35,Yes,No,DSL,No,No,No,Yes,Yes,Yes,Month-to-month,No,Mailed check,71.26,2513.99,No
0689-GAQLQ,Male,0,Yes,No,70,Yes,Yes,DSL,No,No,No,No,Yes,No,One year,Yes,Bank transfer (automatic),67.98,4749.15,No
7622-LSRNT,Male,1,No,No,2,Yes,Yes,No,No internet service,No internet service,No internet service,No internet service,No internet service,No internet service,Month-to-month,Yes,Electronic check,34.74,41.93,No
6829-WLTQE,Female,0,Yes,No,71,Yes,No,Fiber optic,No,No,Yes,No,No,No,Two year,Yes,Mailed check,75.48,5367.37,No
7293-OSOZN,Female,0,No,No,12,Yes,No,Fiber optic,No,Yes,No,No,No,Yes,One year,No,Credit card (automatic),86.14,1037.71,No
7973-KBSCD,Male,0,No,Yes,47,Yes,No,Fiber optic,No,Yes,No,No,No,No,Month-to-month,Yes,Credit card (automatic),75.54,3544.46,Yes
1120-XFCQC,Male,0,Yes,No,65,Yes,Yes,Fiber optic,Yes,Yes,Yes,Yes,Yes,No,Month-to-month,Yes,Credit card (automatic),110.79,7215.74,No
0235-GWYHM,Male,0,No,No,2,No,No phone service,Fiber optic,Yes,Yes,Yes,Yes,No,No,Month-to-month,Yes,Mailed check,90.33,153.82,Yes
3507-VBHTI,Male,0,Yes,Yes,62,Yes,No,No,No internet service,No internet service,No internet service,No internet service,No internet service,No internet service,Two year,No,Bank transfer (automatic),23.15,1444.36,No
3069-EJLUT,Male,0,No,No,14,Yes,No,No,No internet service,No internet service,No internet service,No internet service,No internet service,No internet service,Month-to-month,No,Electronic check,22.16,297.76,No
5026-KXLIA,Male,0,No,No,1,Yes,No,Fiber optic,No,Yes,No,No,No,Yes,Month-to-month,No,Credit card (automatic),85.77,97.54,Yes
3110-UBDYK,Male,0,No,No,60,Yes,Yes,DSL,No,Yes,No,No,No,No,Two year,No,Electronic check,62.07,3712.77,No
2795-ZURSX,Female,0,No,Yes,58,Yes,No,No,No internet service,No internet service,No internet service,No internet service,No internet service,No internet service,Two year,Yes,Electronic check,22.22,1281.43,No
8605-WFJBY,Male,0,No,Yes,16,Yes,Yes,Fiber optic,No,No,Yes,No,No,No,One year,Yes,Credit card (automatic),86.29,1370.31,No
2557-MDOFA,Female,0,Yes,No,10,Yes,No,Fiber optic,Yes,No,Yes,No,No,No,Two year,Yes,Mailed check,83.74,839.48,No
8860-SUDEW,Male,0,No,No,4,Yes,No,Fiber optic,No,No,Yes,No,Yes,No,Month-to-month,No,Bank transfer (automatic),86.19,343.12,Yes
8042-CKBVN,Female,0,No,Yes,69,Yes,No,Fiber optic,Yes,No,No,No,No,Yes,Month-to-month,Yes,Credit card (automatic),85.15,5865.69,Yes
5206-BXSAZ,Female,0,Yes,No,66,Yes,No,Fiber optic,Yes,No,No,Yes,No,Yes,Two year,Yes,Mailed check,90.5,5958.17,No
8409-FZCTX,Male,0,No,No,22,Yes,No,No,No internet service,No internet service,No internet service,No internet service,No internet service,No internet service,Month-to-month,Yes,Credit card (automatic),22.0,485.34,No
4593-FCJLA,Male,0,No,No,62,Yes,Yes,No,No internet service,No internet service,No internet service,No internet service,No internet service,No internet service,One year,Yes,Electronic check,35.69,2195.60,No
5092-HWHJJ,Female,0,Yes,No,3,Yes,No,Fiber optic,Yes,No,No,No,Yes,No,Month-to-month,Yes,Bank transfer (automatic),90.9,282.02,Yes
1963-AKSEZ,Female,0,Yes,No,28,Yes,Yes,DSL,No,Yes,Yes,Yes,No,Yes,Month-to-month,Yes,Mailed check,80.01,2242.39,No
7117-NIJMA,Female,0,Yes,Yes,16,Yes,No,Fiber optic,Yes,No,No,Yes,Yes,No,Month-to-month,No,Bank transfer (automatic),91.1,1455.06,No
1320-DKMRJ,Male,0,No,No,34,Yes,Yes,Fiber optic,No,Yes,No,No,Yes,Yes,Month-to-month,No,Electronic check,103.51,3538.49,Yes
4079-RCCDG,Male,0,No,Yes,47,Yes,Yes,Fiber optic,Yes,No,Yes,No,No,No,One year,No,Credit card (automatic),92.61,4342.95,No
8209-OAVUJ,Male,0,No,Yes,47,Yes,No,No,No internet service,No internet service,No internet service,No internet service,No internet service,No internet service,Month-to-month,Yes,Bank transfer (automatic),21.58,1016.76,No
6626-IHCZE,Female,1,No,No,52,Yes,Yes,DSL,No,No,Yes,No,No,No,Two year,Yes,Electronic check,63.52,3310.21,No
7169-JWKLM,Male,0,Yes,Yes,64,Yes,No,Fiber optic,Yes,No,Yes,Yes,Yes,Yes,Two year,No,Bank transfer (automatic),106.15,6796.70,No
7070-SPITJ,Male,0,Yes,No,0,Yes,No,DSL,No,Yes,No,Yes,No,No,One year,Yes,Mailed check,59.81, ,Yes
8072-KGRMW,Male,0,No,No,6,Yes,Yes,No,No internet service,No internet service,No internet service,No internet service,No internet service,No internet service,Month-to-month,Yes,Credit card (automatic),33.77,185.87,No
6817-PUJIH,Female,0,No,No,69,Yes,Yes,Fiber optic,No,No,Yes,No,Yes,No,One year,Yes,Electronic check,97.58,6725.15,No
2297-IBSHR,Female,0,No,No,29,Yes,Yes,No,No internet service,No internet service,No internet service,No internet service,No internet service,No internet service,Two year,No,Bank transfer (automatic),31.26,888.42,No
7459-ODCXI,Female,1,No,No,69,Yes,No,Fiber optic,No,Yes,Yes,No,Yes,No,Two year,No,Bank transfer (automatic),97.42,6724.11,No
7804-LWHNR,Male,0,No,No,37,Yes,No,Fiber optic,No,No,No,No,No,Yes,Two year,Yes,Bank transfer (automatic),82.98,3072.53,No
3640-MNBPE,Female,0,No,No,29,Yes,No,DSL,No,No,Yes,No,No,No,Month-to-month,No,Electronic check,52.39,1516.21,Yes
5025-VWJLS,Female,0,Yes,No,53,Yes,Yes,Fiber optic,No,Yes,Yes,Yes,No,Yes,Two year,Yes,Electronic check,108.45,5744.07,No
0624-DOQLW,Female,0,Yes,Yes,15,Yes,No,Fiber optic,Yes,Yes,No,No,No,No,One year,Yes,Bank transfer (automatic),79.08,1184.03,No
3053-MTORQ,Female,0,No,Yes,15,Yes,Yes,DSL,Yes,No,No,Yes,No,No,One year,Yes,Electronic check,66.62,993.06,No
2948-OWDHT,Male,0,Yes,No,26,No,No phone service,No,No internet service,No internet service,No internet service,No internet service,No internet service,No internet service,Month-to-month,No,Credit card (automatic),19.35,492.13,No
5059-ENBQF,Female,1,No,Yes,21,Yes,No,DSL,Yes,No,No,No,No,No,Month-to-month,No,Bank transfer (automatic),54.67,1157.61,No
1880-EHDSE,Male,0,Yes,No,14,No,No phone service,DSL,Yes,No,Yes,Yes,No,No,Month-to-month,Yes,Electronic check,59.01,818.78,No
4751-KQCRD,Female,1,Yes,No,45,Yes,No,Fiber optic,No,Yes,No,No,No,Yes,One year,No,Bank transfer (automatic),83.65,3769.92,No
2843-PJIPT,Male,0,No,No,0,Yes,No,Fiber optic,Yes,Yes,No,Yes,No,No,One year,Yes,Credit card (automatic),87.63, ,Yes
5901-OTIFF,Female,0,No,Yes,27,Yes,No,DSL,No,No,No,No,No,Yes,Month-to-month,Yes,Electronic check,56.25,1507.87,Yes
8326-LOGYV,Female,1,Yes,Yes,32,Yes,Yes,Fiber optic,No,No,Yes,No,No,No,Two year,Yes,Electronic check,88.92,2836.97,No
1575-IOPTC,Male,0,No,No,14,Yes,No,Fiber optic,No,Yes,No,Yes,No,Yes,One year,No,Mailed check,93.29,1315.81,No
4211-DCIWV,Female,0,Yes,No,56,Yes,No,Fiber optic,No,No,No,Yes,No,No,Month-to-month,No,Mailed check,79.58,4455.28,No
9782-LPZWY,Female,0,No,No,69,Yes,Yes,DSL,No,No,No,No,Yes,No,Month-to-month,Yes,Mailed check,67.25,4632.25,No
0986-JDKVK,Male,0,No,Yes,67,Yes,No,DSL,Yes,Yes,No,No,No,Yes,Month-to-month,Yes,Mailed check,68.16,4568.26,No
5514-WVCEX,Male,0,Yes,Yes,57,Yes,Yes,DSL,No,No,No,No,No,No,Two year,Yes,Bank transfer (automatic),60.88,3482.74,No
4928-CBFXF,Female,0,No,No,19,Yes,Yes,DSL,No,No,Yes,No,No,No,Month-to-month,No,Bank transfer (automatic),66.09,1267.22,No
0708-HVORM,Female,0,No,No,3,Yes,Yes,DSL,No,No,Yes,No,Yes,Yes,Two year,No,Electronic check,84.98,259.02,No
8731-MNOFA,Female,1,Yes,No,9,Yes,No,Fiber optic,No,No,Yes,No,Yes,Yes,Month-to-month,Yes,Mailed check,94.47,859.83,Yes
6054-LZCVT,Female,0,No,Yes,6,No,No phone service,DSL,No,No,No,No,Yes,No,Month-to-month,No,Electronic check,52.08,316.68,Yes
5304-XFJID,Female,0,No,Yes,56,No,No phone service,No,No internet service,No internet service,No internet service,No internet service,No internet service,No internet service,Month-to-month,No,Bank transfer (automatic),20.64,1147.02,No
9872-VTAYT,Male,0,No,Yes,5,Yes,No,Fiber optic,No,No,No,No,No,No,Month-to-month,Yes,Bank transfer (automatic),72.92,353.64,Yes
4238-WXSOS,Female,1,No,No,54,Yes,No,Fiber optic,Yes,No,Yes,Yes,No,No,Month-to-month,Yes,Credit card (automatic),86.6,4696.08,No
6740-SECQG,Female,0,Yes,No,30,Yes,Yes,DSL,No,No,Yes,Yes,No,No,One year,No,Credit card (automatic),68.31,2032.87,No
0955-NWLKA,Female,0,Yes,Yes,63,Yes,No,Fiber optic,Yes,No,No,Yes,Yes,No,One year,Yes,Credit card (automatic),91.75,5784.72,No
2814-CLLUG,Female,1,No,Yes,35,Yes,No,Fiber optic,No,No,No,No,Yes,No,One year,Yes,Electronic check,83.31,2905.47,No
0256-JSDVE,Female,0,No,No,12,Yes,Yes,No,No internet service,No internet service,No internet service,No internet service,No internet service,No internet service,Two year,No,Credit card (automatic),33.32,398.22,No
8040-HWEVP,Male,0,No,Yes,72,Yes,No,DSL,No,Yes,No,No,Yes,No,Month-to-month,No,Credit card (automatic),61.84,4434.90,No
3821-WBMPV,Female,0,Yes,Yes,71,Yes,Yes,DSL,No,No,No,No,Yes,No,Month-to-month,Yes,Credit card (automatic),68.41,4878.15,No
7222-QIUYU,Female,0,Yes,Yes,60,Yes,Yes,Fiber optic,No,Yes,No,Yes,Yes,No,Two year,Yes,Electronic check,102.08,6132.75,No
6080-DWOLY,Male,0,Yes,Yes,9,Yes,No,No,No internet service,No internet service,No internet service,No internet service,No internet service,No internet service,Month-to-month,Yes,Bank transfer (automatic),22.0,208.77,No
0594-CZBAO,Female,1,Yes,No,65,Yes,No,Fiber optic,No,Yes,Yes,No,No,No,Month-to-month,No,Credit card (automatic),83.6,5442.40,Yes
1354-PNDHL,Female,0,Yes,Yes,23,Yes,No,DSL,No,No,No,No,No,No,Two year,Yes,Electronic check,49.2,1127.14,No
6394-LJUSM,Female,0,No,No,33,Yes,No,No,No internet service,No internet service,No internet service,No internet service,No internet service,No internet service,Month-to-month,No,Bank transfer (automatic),23.09,768.82,No
8491-OTLDE,Male,0,Yes,No,49,Yes,No,Fiber optic,No,No,Yes,Yes,Yes,No,Two year,Yes,Mailed check,90.84,4439.71,No
7401-SSJVI,Male,0,No,No,0,Yes,No,DSL,Yes,No,No,Yes,Yes,No,Two year,No,Electronic check,66.1, ,Yes
9058-TZCMF,Male,0,No,No,4,Yes,Yes,DSL,No,No,Yes,No,No,No,Two year,No,Mailed check,65.59,254.55,No
5140-YYCEC,Female,1,No,No,26,Yes,Yes,Fiber optic,No,No,No,No,No,No,One year,No,Electronic check,82.55,2129.19,No
6045-NKNGC,Female,1,Yes,No,6,Yes,No,DSL,No,Yes,No,No,No,No,Month-to-month,Yes,Credit card (automatic),51.64,308.45,Yes
6395-ETVML,Female,0,No,No,0,Yes,No,Fiber optic,Yes,Yes,No,No,No,No,One year,No,Bank transfer (automatic),86.95, ,Yes
2244-YTUID,Female,0,No,No,31,Yes,No,DSL,No,No,No,No,Yes,Yes,Month-to-month,No,Electronic check,70.63,2176.78,Yes
2667-TTNNI,Male,0,No,No,16,Yes,No,Fiber optic,No,Yes,No,No,Yes,Yes,Month-to-month,Yes,Mailed check,100.15,1615.16,Yes
9628-UDQYF,Male,1,No,Yes,17,Yes,No,DSL,Yes,No,Yes,No,No,No,Month-to-month,Yes,Electronic check,58.02,995.31,No
1625-XCLEV,Female,0,No,No,67,Yes,No,Fiber optic,No,Yes,Yes,No,No,No,Month-to-month,No,Credit card (automatic),82.54,5536.17,Yes
0963-JGWKU,Male,0,No,Yes,48,Yes,No,No,No internet service,No internet service,No internet service,No internet service,No internet service,No internet service,Month-to-month,Yes,Electronic check,22.57,1103.74,No
7744-GVDBX,Female,0,Yes,No,12,Yes,No,Fiber optic,Yes,No,No,No,Yes,No,Month-to-month,No,Electronic check,87.36,1047.66,Yes
2196-ZFXMF,Female,1,No,No,68,Yes,No,No,No internet service,No internet service,No internet service,No internet service,No internet service,No internet service,Two year,Yes,Electronic check,23.89,1636.35,No
6191-FYSZN,Male,0,No,No,21,Yes,Yes,Fiber optic,No,Yes,Yes,No,Yes,No,Month-to-month,No,Credit card (automatic),104.72,2194.37,Yes
7455-ZSKPE,Male,0,Yes,Yes,25,Yes,No,Fiber optic,No,No,No,No,No,Yes,Two year,Yes,Mailed check,77.79,1926.77,No
0192-TYQSS,Male,0,No,No,67,Yes,No,Fiber optic,No,No,Yes,No,No,No,Month-to-month,Yes,Electronic check,76.16,5104.07,Yes
5423-GCIHR,Female,0,No,No,4,Yes,No,DSL,Yes,No,Yes,No,Yes,Yes,One year,No,Electronic check,76.76,319.55,No
4342-JKQHI,Female,0,No,Yes,8,Yes,No,DSL,No,No,No,No,Yes,Yes,Month-to-month,Yes,Mailed check,64.62,498.09,No
7313-PIZIU,Male,0,Yes,No,61,Yes,No,DSL,Yes,No,No,No,No,No,Two year,No,Mailed check,53.41,3266.46,No
4925-PWJNL,Male,0,Yes,No,72,No,No phone service,DSL,No,No,No,No,Yes,No,One year,Yes,Credit card (automatic),50.63,3647.91,No
8626-MQBTW,Male,0,Yes,No,67,Yes,Yes,Fiber optic,Yes,No,No,Yes,Yes,No,Month-to-month,No,Bank transfer (automatic),105.37,7057.71,No
8476-ESCMF,Male,0,Yes,No,1,No,No phone service,Fiber optic,No,Yes,No,No,No,Yes,Month-to-month,Yes,Electronic check,82.7,76.88,Yes
9323-CMOLO,Male,1,No,No,49,No,No phone service,Fiber optic,No,No,No,No,No,Yes,One year,No,Bank transfer (automatic),78.2,3828.26,No
9563-SSCPI,Female,1,Yes,Yes,50,Yes,No,Fiber optic,No,Yes,No,Yes,No,No,Month-to-month,Yes,Electronic check,84.58,4226.64,Yes
2273-GSXCU,Female,0,No,No,1,Yes,Yes,Fiber optic,Yes,No,No,No,Yes,Yes,Month-to-month,Yes,Bank transfer (automatic),108.62,103.71,Yes
0456-BRYOO,Male,0,No,No,40,Yes,No,Fiber optic,No,No,No,Yes,Yes,No,Month-to-month,No,Electronic check,88.22,3519.02,Yes
9011-OZWFI,Male,0,Yes,No,63,Yes,No,Fiber optic,Yes,Yes,No,No,No,No,Month-to-month,Yes,Credit card (automatic),82.26,5197.01,Yes
6220-XQKRK,Female,0,Yes,No,43,Yes,Yes,No,No internet service,No internet service,No internet service,No internet service,No internet service,No internet service,Month-to-month,Yes,Mailed check,32.59,1408.49,No
6038-HOKHL,Female,0,No,Yes,51,Yes,No,Fiber optic,No,No,No,Yes,Yes,No,One year,Yes,Credit card (automatic),86.59,4407.21,No
2437-WWJZW,Male,0,No,Yes,36,Yes,Yes,Fiber optic,No,Yes,Yes,No,No,Yes,Two year,No,Credit card (automatic),104.85,3774.53,No
0632-PLERH,Female,0,Yes,Yes,65,Yes,Yes,Fiber optic,No,No,Yes,Yes,No,No,Month-to-month,No,Mailed check,94.01,6111.57,Yes
8429-WQJCY,Male,0,Yes,No,55,Yes,No,Fiber optic,No,Yes,Yes,No,No,No,Month-to-month,Yes,Bank transfer (automatic),87.1,4806.04,Yes
1803-ZVOMW,Female,0,No,Yes,22,Yes,Yes,DSL,No,No,No,Yes,Yes,No,Month-to-month,Yes,Credit card (automatic),74.04,1621.44,No
2834-HONCX,Female,0,Yes,No,70,No,No phone service,DSL,Yes,No,No,No,No,Yes,Month-to-month,Yes,Electronic check,58.33,4091.30,No
0797-VUIVO,Male,0,No,No,38,Yes,No,DSL,No,No,Yes,Yes,No,No,One year,No,Electronic check,58.55,2216.24,No
0505-SVMFQ,Male,1,Yes,No,59,Yes,No,Fiber optic,Yes,Yes,No,No,Yes,No,Month-to-month,No,Mailed check,91.61,5398.23,Yes
8711-UZBKA,Female,0,Yes,No,55,Yes,No,DSL,No,Yes,Yes,Yes,Yes,No,Month-to-month,No,Mailed check,75.4,4146.52,No
1496-UQPGV,Male,0,No,Yes,35,Yes,No,No,No internet service,No internet service,No internet service,No internet service,No internet service,No internet service,Month-to-month,Yes,Mailed check,22.68,779.51,No
6147-LGFMV,Male,0,Yes,Yes,0,Yes,Yes,Fiber optic,Yes,No,No,Yes,Yes,No,One year,Yes,Credit card (automatic),98.85, ,Yes
0062-FUCVC,Male,1,Yes,Yes,3,Yes,Yes,Fiber optic,No,Yes,Yes,No,Yes,Yes,Two year,Yes,Mailed check,110.25,318.56,Yes
7684-OQJHR,Male,0,No,No,40,Yes,No,No,No internet service,No internet service,No internet service,No internet service,No internet service,No internet service,Month-to-month,Yes,Mailed check,22.66,907.79,No
5053-UOJWM,Female,1,No,No,52,No,No phone service,Fiber optic,No,No,Yes,No,No,No,One year,Yes,Electronic check,69.98,3638.89,No
5085-VIZEK,Female,1,Yes,Yes,30,Yes,No,DSL,No,Yes,No,No,No,Yes,Month-to-month,Yes,Electronic check,61.03,1832.83,Yes
5568-UUDZT,Female,0,Yes,No,32,Yes,No,No,No internet service,No internet service,No internet service,No internet service,No internet service,No internet service,Month-to-month,No,Bank transfer (automatic),24.58,796.25,No
7197-BQJMO,Female,0,Yes,No,4,No,No phone service,No,No internet service,No internet service,No internet service,No internet service,No internet service,No internet service,One year,Yes,Credit card (automatic),19.7,74.74,No
8753-RXCZD,Female,0,Yes,No,42,Yes,Yes,DSL,Yes,Yes,No,No,No,Yes,Month-to-month,No,Credit card (automatic),79.26,3323.23,No
4378-NNPNA,Female,1,Yes,No,10,Yes,Yes,Fiber optic,No,Yes,No,No,No,No,Month-to-month,Yes,Mailed check,89.56,902.32,Yes
1305-OLEWL,Male,0,No,Yes,31,Yes,Yes,DSL,No,No,Yes,Yes,No,No,Two year,No,Mailed check,69.29,2143.11,No
5242-YRFIZ,Female,0,Yes,No,0,Yes,No,DSL,No,Yes,No,No,Yes,Yes,Month-to-month,No,Bank transfer (automatic),74.5, ,Yes
6411-TJLBM,Male,0,No,No,42,Yes,No,Fiber optic,Yes,Yes,No,Yes,No,Yes,Two year,Yes,Electronic check,98.76,4155.65,No
7966-CWHUA,Male,0,Yes,No,5,Yes,Yes,DSL,No,No,No,No,Yes,No,Month-to-month,Yes,Mailed check,69.16,324.73,Yes
0316-CDYRL,Male,1,Yes,No,10,No,No phone service,No,No internet service,No internet service,No internet service,No internet service,No internet service,No internet service,Month-to-month,Yes,Electronic check,21.27,215.42,No
7023-FQHRP,Female,1,Yes,No,40,Yes,Yes,Fiber optic,Yes,Yes,Yes,Yes,No,No,Month-to-month,No,Mailed check,102.53,4103.33,No
4572-YUHDI,Female,0,Yes,No,26,Yes,Yes,No,No internet service,No internet service,No internet service,No internet service,No internet service,No internet service,One year,Yes,Bank transfer (automatic),37.56,992.29,No
7420-UUDJZ,Male,0,Yes,Yes,60,Yes,Yes,DSL,No,Yes,Yes,No,No,No,Two year,No,Mailed check,67.28,4043.83,No
7298-CDFIZ,Female,0,No,Yes,12,Yes,No,No,No internet service,No internet service,No internet service,No internet service,No internet service,No internet service,One year,No,Electronic check,22.04,274.96,No
1114-VCCRF,Female,0,No,No,34,Yes,No,DSL,No,Yes,No,Yes,Yes,No,Two year,Yes,Mailed check,68.62,2332.95,No
0893-NBMPL,Male,0,Yes,Yes,24,Yes,Yes,Fiber optic,No,No,No,Yes,No,No,Month-to-month,Yes,Mailed check,87.18,2095.68,Yes
5422-UTUBQ,Male,0,No,Yes,35,Yes,Yes,Fiber optic,Yes,No,No,Yes,No,Yes,Month-to-month,Yes,Electronic check,98.64,3442.03,Yes
4027-KHYQT,Female,0,Yes,No,20,Yes,Yes,DSL,Yes,No,No,No,No,Yes,Two year,Yes,Bank transfer (automatic),71.2,1418.73,No
5646-KJHJV,Female,0,Yes,No,54,Yes,No,No,No internet service,No internet service,No internet service,No internet service,No internet service,No internet service,Month-to-month,Yes,Electronic check,21.81,1182.85,No
3049-ZZTET,Female,0,Yes,Yes,35,Yes,Yes,DSL,No,No,No,No,Yes,Yes,One year,No,Credit card (automatic),77.2,2722.57,No
8229-GBYHL,Female,0,Yes,No,27,Yes,Yes,Fiber optic,Yes,Yes,No,No,No,No,Month-to-month,Yes,Bank transfer (automatic),89.46,2425.02,Yes
5823-WQMAA,Male,0,Yes,No,26,No,No phone service,Fiber optic,No,No,Yes,No,Yes,No,Month-to-month,Yes,Credit card (automatic),81.56,2127.61,Yes
7529-GVUCN,Female,0,No,Yes,11,Yes,Yes,DSL,No,No,No,No,No,No,Month-to-month,No,Electronic check,56.75,634.92,Yes
3084-RLKIG,Male,1,Yes,No,25,Yes,Yes,No,No internet service,No internet service,No internet service,No internet service,No internet service,No internet service,Two year,No,Mailed check,31.53,793.33,No
7260-FZFJL,Male,0,No,Yes,44,Yes,Yes,DSL,No,No,No,Yes,Yes,No,One year,Yes,Electronic check,72.26,3181.31,No
5252-JIWTS,Male,0,No,Yes,5,Yes,Yes,DSL,Yes,No,No,No,No,No,One year,Yes,Electronic check,64.66,321.96,No
5827-VDESN,Male,0,Yes,Yes,7,Yes,No,DSL,No,No,No,No,No,Yes,Two year,Yes,Bank transfer (automatic),59.82,411.27,No
1825-EZKXE,Female,0,No,No,16,Yes,No,DSL,Yes,No,No,No,No,No,Month-to-month,Yes,Credit card (automatic),53.51,844.53,No
7495-ERZJP,Male,1,Yes,Yes,37,Yes,No,Fiber optic,No,No,No,No,No,Yes,Month-to-month,No,Bank transfer (automatic),85.1,3147.35,Yes
5622-LWOKJ,Female,0,Yes,No,40,Yes,Yes,DSL,No,No,Yes,Yes,Yes,No,Month-to-month,No,Electronic check,78.11,3122.84,No
3188-FNPBS,Female,1,No,Yes,14,Yes,No,Fiber optic,No,Yes,No,No,No,Yes,Month-to-month,Yes,Credit card (automatic),90.26,1255.84,Yes
4489-SRZHW,Male,0,Yes,No,27,Yes,No,No,No internet service,No internet service,No internet service,No internet service,No internet service,No internet service,Two year,Yes,Bank transfer (automatic),23.78,646.58,No
8254-UZXAQ,Male,0,No,No,24,Yes,No,No,No internet service,No internet service,No internet service,No internet service,No internet service,No internet service,One year,No,Credit card (automatic),21.66,531.80,No
2111-DAJYE,Female,1,Yes,No,34,Yes,No,Fiber optic,Yes,No,Yes,Yes,No,No,One year,Yes,Bank transfer (automatic),86.73,2944.07,No
4847-AQTHC,Male,0,Yes,No,36,Yes,No,DSL,No,No,Yes,No,No,No,Month-to-month,No,Mailed check,54.12,1950.09,No
0888-YRNKP,Male,0,Yes,No,26,Yes,Yes,Fiber optic,No,No,No,Yes,No,No,Month-to-month,No,Electronic check,89.52,2321.36,Yes
3162-YWXIH,Female,1,No,No,4,Yes,No,Fiber optic,No,No,No,Yes,Yes,No,One year,No,Electronic check,85.99,351.55,No
6803-DEHJQ,Male,0,Yes,No,58,Yes,No,No,No internet service,No internet service,No internet service,No internet service,No internet service,No internet service,Month-to-month,No,Credit card (automatic),27.09,1575.98,No
5897-ORWER,Male,0,Yes,No,65,Yes,Yes,Fiber optic,No,No,No,Yes,No,No,Month-to-month,Yes,Electronic check,89.81,5831.35,Yes
0195-XSUKR,Male,1,Yes,No,56,Yes,Yes,Fiber optic,No,Yes,No,No,No,No,One year,No,Bank transfer (automatic),87.18,4886.48,No
7395-CKXPX,Female,0,Yes,No,60,Yes,Yes,DSL,No,Yes,No,Yes,No,No,Month-to-month,Yes,Electronic check,65.96,3935.41,No
2894-PZYGO,Male,0,No,No,59,Yes,Yes,Fiber optic,No,No,No,No,No,No,Two year,No,Credit card (automatic),79.96,4723.65,No
9259-RVEPM,Female,0,No,Yes,63,No,No phone service,DSL,No,No,No,No,Yes,No,Month-to-month,Yes,Mailed check,55.78,3506.90,No
2635-YVDOZ,Female,0,No,No,31,Yes,No,Fiber optic,Yes,Yes,No,Yes,Yes,Yes,Month-to-month,Yes,Electronic check,109.62,3388.07,Yes
1833-PREMF,Male,0,No,No,15,Yes,Yes,No,No internet service,No internet service,No internet service,No internet service,No internet service,No internet service,Two year,Yes,Electronic check,33.07,487.54,No
9528-GNSTP,Female,1,Yes,No,43,Yes,Yes,No,No internet service,No internet service,No internet service,No internet service,No internet service,No internet service,Month-to-month,Yes,Mailed check,33.71,1442.08,No
6753-LRZHQ,Male,1,Yes,No,68,Yes,No,No,No internet service,No internet service,No internet service,No internet service,No internet service,No internet service,One year,Yes,Electronic check,18.54,1247.64,No
8729-DJPTB,Male,0,Yes,No,60,Yes,No,No,No internet service,No internet service,No internet service,No internet service,No internet service,No internet service,One year,Yes,Mailed check,18.4,1116.83,No
9420-BKLGA,Female,1,Yes,No,70,Yes,Yes,Fiber optic,No,No,No,No,No,No,Two year,Yes,Electronic check,83.96,5878.18,No
1960-GMXBT,Female,0,Yes,No,33,No,No phone service,Fiber optic,No,No,Yes,Yes,No,Yes,Two year,Yes,Credit card (automatic),88.52,2930.76,No
6054-KVXKK,Male,0,Yes,No,20,Yes,No,Fiber optic,No,No,Yes,No,Yes,No,Two year,Yes,Electronic check,88.28,1773.68,No
0287-TNJYG,Female,1,Yes,No,18,Yes,No,DSL,No,Yes,No,No,No,No,One year,No,Electronic check,56.06,1009.43,No
1002-NZRTN,Female,0,Yes,No,51,Yes,No,No,No internet service,No internet service,No internet service,No internet service,No internet service,No internet service,Month-to-month,Yes,Credit card (automatic),24.43,1261.22,No
7445-MPOEU,Female,0,Yes,No,41,Yes,Yes,DSL,No,No,No,Yes,No,Yes,Month-to-month,No,Electronic check,72.0,2967.52,No
6591-MQADR,Male,0,Yes,No,38,Yes,No,DSL,Yes,No,No,No,Yes,No,Two year,No,Bank transfer (automatic),62.01,2358.42,No
5899-XTMBQ,Male,0,Yes,Yes,44,Yes,No,DSL,No,Yes,No,No,Yes,No,Month-to-month,No,Electronic check,64.17,2827.53,Yes
6925-EULRI,Male,0,No,No,12,Yes,No,DSL,No,No,No,No,Yes,Yes,Month-to-month,Yes,Electronic check,69.1,822.69,Yes
3901-IWZRP,Male,1,No,Yes,42,Yes,No,DSL,Yes,No,No,No,No,Yes,One year,No,Bank transfer (automatic),66.73,2801.89,No
6391-LTEDO,Male,0,Yes,Yes,70,Yes,Yes,Fiber optic,Yes,Yes,Yes,No,No,Yes,Two year,No,Electronic check,106.58,7459.90,No
2507-LUHZT,Female,0,No,Yes,65,Yes,No,No,No internet service,No internet service,No internet service,No internet service,No internet service,No internet service,Two year,Yes,Mailed check,21.08,1361.63,No
3445-EUHVR,Female,0,Yes,No,44,Yes,No,No,No internet service,No internet service,No internet service,No internet service,No internet service,No internet service,Month-to-month,No,Bank transfer (automatic),23.32,1036.30,No
3345-UPNNP,Male,0,No,No,3,Yes,No,Fiber optic,Yes,No,No,No,No,No,Month-to-month,Yes,Bank transfer (automatic),78.1,233.70,Yes
5732-YSHJE,Male,1,Yes,No,0,Yes,Yes,No,No internet service,No internet service,No internet service,No internet service,No internet service,No internet service,One year,Yes,Electronic check,35.3, ,Yes
8299-XMGLW,Female,0,Yes,Yes,59,Yes,Yes,Fiber optic,No,No,No,No,No,Yes,Month-to-month,No,Electronic check,93.3,5498.01,Yes
9872-MFFUS,Male,0,No,No,49,Yes,Yes,No,No internet service,No internet service,No internet service,No internet service,No internet service,No internet service,Month-to-month,Yes,Mailed check,33.9,1650.79,No
8635-EARQI,Male,1,No,No,46,Yes,No,Fiber optic,Yes,No,No,No,Yes,No,Month-to-month,Yes,Credit card (automatic),84.54,3903.94,Yes
8479-TQMDW,Female,1,No,No,16,Yes,Yes,DSL,Yes,Yes,No,Yes,Yes,No,Month-to-month,No,Credit card (automatic),85.53,1359.52,No
1158-CGZOI,Male,0,Yes,No,34,Yes,No,Fiber optic,No,No,Yes,No,No,No,Two year,No,Mailed check,78.0,2648.10,No
8310-VUFGY,Male,0,Yes,Yes,7,Yes,Yes,No,No internet service,No internet service,No internet service,No internet service,No internet service,No internet service,Two year,No,Electronic check,29.57,218.69,No
9955-SHIAP,Male,0,Yes,No,55,Yes,Yes,DSL,No,Yes,Yes,No,Yes,Yes,Month-to-month,Yes,Bank transfer (automatic),88.81,4876.62,No
5679-POKXG,Male,0,No,No,59,Yes,Yes,DSL,Yes,Yes,No,Yes,No,No,One year,No,Electronic check,71.57,4222.00,No
7896-OOPCP,Female,0,Yes,No,54,Yes,No,Fiber optic,Yes,No,Yes,Yes,No,No,One year,Yes,Credit card (automatic),86.08,4656.92,No
8075-KCIFW,Male,0,No,No,6,Yes,No,Fiber optic,No,No,No,Yes,No,No,Two year,No,Bank transfer (automatic),78.61,465.41,No
1002-SXWOJ,Male,0,No,No,64,Yes,No,No,No internet service,No internet service,No internet service,No internet service,No internet service,No internet service,Month-to-month,Yes,Electronic check,20.94,1322.52,No
7037-ZBWHY,Female,0,No,No,24,Yes,Yes,Fiber optic,Yes,Yes,No,Yes,No,No,Month-to-month,Yes,Credit card (automatic),99.08,2378.48,No
6810-ALDQG,Female,0,No,Yes,23,No,No phone service,Fiber optic,Yes,Yes,No,Yes,No,Yes,Two year,No,Credit card (automatic),92.24,2097.05,No
7202-BFKWY,Male,0,No,Yes,64,Yes,Yes,DSL,Yes,Yes,No,Yes,No,Yes,Month-to-month,No,Mailed check,82.8,5283.13,No
4305-KHTAN,Male,0,Yes,No,46,No,No phone service,No,No internet service,No internet service,No internet service,No internet service,No internet service,No internet service,Two year,No,Electronic check,18.83,873.01,No
4941-FZINV,Female,1,No,Yes,7,Yes,Yes,Fiber optic,No,No,Yes,No,No,Yes,Month-to-month,Yes,Mailed check,95.32,665.87,Yes
7929-RTIIS,Female,1,No,No,44,Yes,No,Fiber optic,No,No,No,No,No,Yes,Month-to-month,Yes,Bank transfer (automatic),83.14,3658.39,Yes
0033-PPOZF,Female,0,No,No,28,Yes,Yes,Fiber optic,No,No,No,No,No,Yes,Two year,Yes,Credit card (automatic),95.87,2692.74,No
4596-GJJYO,Female,1,Yes,No,30,Yes,No,DSL,No,No,Yes,No,No,No,One year,No,Credit card (automatic),53.86,1617.38,No
5717-YTOUU,Female,0,No,No,56,Yes,Yes,DSL,Yes,No,No,No,No,No,Two year,No,Credit card (automatic),64.31,3607.42,No
1483-JSNWX,Female,1,No,No,6,Yes,Yes,Fiber optic,No,Yes,No,No,No,No,Month-to-month,Yes,Bank transfer (automatic),89.02,531.55,Yes
9554-KVYOB,Female,0,No,No,30,Yes,Yes,DSL,No,No,No,Yes,No,Yes,Month-to-month,No,Bank transfer (automatic),69.92,2115.00,No
9203-RFOQX,Female,0,Yes,No,59,No,No phone service,DSL,No,Yes,No,No,Yes,No,Month-to-month,Yes,Mailed check,58.82,3456.61,No
9585-ZWENX,Male,0,No,No,55,Yes,Yes,No,No internet service,No internet service,No internet service,No internet service,No internet service,No internet service,Two year,Yes,Electronic check,32.93,1827.17,No
7985-QICYG,Male,0,Yes,No,31,No,No phone service,DSL,No,No,No,No,No,Yes,Month-to-month,Yes,Credit card (automatic),52.02,1608.43,No
2866-WRKDZ,Male,0,Yes,No,60,Yes,No,Fiber optic,Yes,No,Yes,No,No,Yes,One year,Yes,Electronic check,96.72,5793.23,No
7139-HLSLV,Male,1,Yes,No,60,Yes,No,Fiber optic,No,Yes,Yes,No,Yes,No,Month-to-month,Yes,Mailed check,87.58,5268.34,Yes
1770-CBWWT,Male,0,Yes,No,63,Yes,No,No,No internet service,No internet service,No internet service,No internet service,No internet service,No internet service,One year,Yes,Bank transfer (automatic),29.66,1863.30,No
7284-OBYQX,Male,0,Yes,Yes,9,Yes,Yes,DSL,Yes,No,No,Yes,Yes,Yes,Month-to-month,Yes,Mailed check,89.82,801.78,No
5032-GWVNZ,Female,1,Yes,Yes,25,Yes,No,Fiber optic,Yes,Yes,No,No,No,No,Month-to-month,No,Mailed check,84.75,2094.41,Yes
9763-GOQCP,Male,0,No,No,68,Yes,Yes,Fiber optic,No,Yes,Yes,Yes,No,Yes,One year,Yes,Mailed check,105.03,7144.21,No
1684-ILXAN,Female,0,No,No,72,No,No phone service,No,No internet service,No internet service,No internet service,No internet service,No internet service,No internet service,One year,No,Bank transfer (automatic),18.25,1329.90,No
1546-YNTHD,Male,0,No,No,36,Yes,No,Fiber optic,No,No,Yes,No,No,Yes,One year,No,Mailed check,83.56,3010.83,No
2177-KLSQF,Male,0,No,Yes,29,Yes,Yes,DSL,Yes,Yes,No,No,No,No,Two year,Yes,Mailed check,66.55,1931.51,No
4753-ZJOLK,Male,1,Yes,No,1,Yes,Yes,DSL,Yes,No,Yes,No,No,No,Month-to-month,Yes,Electronic check,67.25,80.13,Yes
1747-EVJNP,Male,0,Yes,No,41,Yes,Yes,DSL,Yes,No,Yes,No,No,No,Month-to-month,Yes,Mailed check,68.65,2815.16,No
4297-STVRW,Male,0,No,Yes,67,Yes,Yes,Fiber optic,No,No,No,Yes,No,No,One year,Yes,Credit card (automatic),87.18,5836.50,No
4944-ROOLZ,Male,0,No,No,34,Yes,Yes,Fiber optic,No,No,No,Yes,No,Yes,One year,Yes,Mailed check,97.57,3307.06,No
8264-ZZUTJ,Male,1,No,No,9,Yes,No,DSL,Yes,No,Yes,No,No,Yes,Two year,No,Credit card (automatic),68.11,610.38,No
5667-UGPPN,Male,0,Yes,Yes,30,Yes,Yes,DSL,No,No,No,Yes,No,No,Month-to-month,Yes,Mailed check,60.88,1821.77,No
3842-UYMHQ,Female,0,Yes,Yes,5,Yes,No,No,No internet service,No internet service,No internet service,No internet service,No internet service,No internet service,One year,Yes,Electronic check,22.2,119.41,No
4591-VNYDC,Male,0,Yes,No,64,Yes,No,No,No internet service,No internet service,No internet service,No internet service,No internet service,No internet service,Month-to-month,No,Electronic check,21.2,1356.39,No
8189-RMNJC,Male,1,Yes,Yes,1,Yes,Yes,DSL,No,Yes,No,Yes,Yes,No,Month-to-month,No,Credit card (automatic),76.82,83.39,Yes
6108-FYLSC,Male,0,No,No,8,Yes,No,Fiber optic,Yes,No,Yes,No,No,No,Month-to-month,Yes,Electronic check,82.34,648.64,Yes
9215-SEMEZ,Female,0,No,No,65,Yes,No,Fiber optic,No,Yes,No,Yes,Yes,No,One year,Yes,Electronic check,93.54,6073.43,No
2205-COQMN,Female,0,No,No,58,Yes,No,Fiber optic,Yes,No,Yes,Yes,Yes,Yes,Month-to-month,No,Credit card (automatic),107.5,6238.64,No
9804-UORPN,Female,0,Yes,No,12,Yes,No,DSL,No,No,No,No,No,No,Month-to-month,No,Electronic check,47.17,551.48,Yes
0568-PXZCY,Female,0,No,No,5,Yes,Yes,Fiber optic,No,Yes,No,Yes,Yes,No,Month-to-month,No,Mailed check,100.6,494.53,Yes
0591-ZYIHK,Female,0,No,No,24,Yes,No,DSL,No,No,No,Yes,No,No,Month-to-month,Yes,Credit card (automatic),50.16,1215.29,No
6513-ZWNMV,Female,0,Yes,Yes,62,Yes,Yes,DSL,No,Yes,No,No,No,No,Month-to-month,Yes,Bank transfer (automatic),62.84,3903.61,No
8459-VNHXV,Male,1,Yes,No,58,Yes,No,DSL,No,No,No,No,No,Yes,Two year,No,Credit card (automatic),57.26,3306.64,No
7604-KZJMJ,Male,0,Yes,No,45,Yes,No,DSL,Yes,Yes,No,Yes,No,Yes,One year,No,Electronic check,73.77,3316.84,No
4986-GZRPH,Male,0,Yes,No,14,Yes,Yes,Fiber optic,No,No,No,Yes,No,No,One year,Yes,Electronic check,84.68,1192.33,No
2858-OYGZH,Male,0,No,No,65,Yes,No,Fiber optic,Yes,No,Yes,Yes,No,No,Two year,No,Bank transfer (automatic),89.37,5808.30,No
1420-MVLIB,Female,0,Yes,No,41,Yes,No,DSL,No,Yes,No,Yes,No,Yes,Month-to-month,No,Credit card (automatic),66.5,2733.79,No
8784-MBJZF,Female,0,No,No,16,Yes,Yes,Fiber optic,No,No,Yes,No,No,Yes,Month-to-month,No,Bank transfer (automatic),97.16,1552.00,Yes
6255-HATOQ,Male,0,No,No,22,Yes,Yes,DSL,No,No,No,No,Yes,No,Month-to-month,No,Bank transfer (automatic),68.45,1519.98,No
7172-XFQWM,Male,0,Yes,No,14,Yes,No,DSL,Yes,No,Yes,No,Yes,No,Two year,Yes,Electronic check,66.61,924.39,No
6504-PQAPF,Female,0,No,Yes,37,Yes,Yes,DSL,No,No,No,Yes,No,No,Two year,No,Credit card (automatic),60.03,2220.16,No
7014-XTOUJ,Female,1,Yes,Yes,55,Yes,No,Fiber optic,Yes,No,No,No,No,No,Month-to-month,Yes,Bank transfer (automatic),77.37,4252.62,Yes
4254-ORNJD,Female,0,No,No,33,Yes,No,DSL,No,Yes,Yes,Yes,No,No,Month-to-month,Yes,Mailed check,60.39,1998.18,No
3668-OZLRF,Male,0,Yes,No,64,Yes,Yes,Fiber optic,No,No,No,No,Yes,No,One year,Yes,Mailed check,89.96,5783.31,No
1815-XFOSE,Female,1,No,No,33,Yes,Yes,DSL,Yes,Yes,No,Yes,Yes,No,One year,No,Bank transfer (automatic),84.29,2760.21,No
3049-LEGLW,Female,0,No,No,72,Yes,No,No,No internet service,No internet service,No internet service,No internet service,No internet service,No internet service,Two year,Yes,Electronic check,23.06,1675.00,No
1304-ETZLL,Male,0,Yes,No,15,Yes,Yes,DSL,No,No,No,No,Yes,No,Month-to-month,No,Credit card (automatic),68.54,1039.55,No
6592-PBDIZ,Male,0,Yes,Yes,49,Yes,No,Fiber optic,No,Yes,No,Yes,No,No,Two year,No,Bank transfer (automatic),84.13,4126.39,No
4028-WCADI,Male,1,No,No,68,Yes,Yes,Fiber optic,No,No,No,No,Yes,No,Two year,Yes,Mailed check,93.63,6364.90,No
6450-WLUWU,Male,0,Yes,Yes,41,Yes,No,Fiber optic,Yes,No,Yes,No,Yes,Yes,Month-to-month,No,Mailed check,101.63,4159.53,Yes
4247-HBQBW,Female,0,No,No,61,Yes,No,DSL,No,No,Yes,Yes,No,No,Month-to-month,Yes,Credit card (automatic),57.61,3523.11,No
2739-ZXROE,Female,0,No,No,11,Yes,Yes,DSL,No,No,No,No,Yes,No,One year,No,Credit card (automatic),66.46,737.84,No
5008-EDACT,Male,0,No,Yes,68,Yes,Yes,Fiber optic,No,No,No,No,No,No,One year,No,Electronic check,83.67,5675.67,No
4949-XMSGP,Female,0,No,No,71,Yes,Yes,Fiber optic,No,Yes,No,No,No,No,Month-to-month,Yes,Electronic check,85.38,6077.95,Yes
5999-KVJYN,Female,0,Yes,Yes,27,Yes,No,Fiber optic,No,No,Yes,No,No,No,Two year,Yes,Bank transfer (automatic),76.26,2058.52,No
6600-IIJSO,Male,1,No,No,29,No,No phone service,Fiber optic,No,No,Yes,No,Yes,Yes,One year,Yes,Electronic check,93.1,2682.56,Yes
7802-MFOPD,Male,0,Yes,Yes,49,Yes,Yes,No,No internet service,No internet service,No internet service,No internet service,No internet service,No internet service,Month-to-month,No,Electronic check,32.48,1604.55,No
7860-PBQYD,Female,0,Yes,No,16,Yes,Yes,Fiber optic,Yes,No,No,No,No,No,One year,Yes,Credit card (automatic),85.87,1362.35,No
9744-EECFA,Male,0,No,No,9,Yes,Yes,Fiber optic,Yes,No,Yes,No,Yes,Yes,Month-to-month,No,Mailed check,107.2,967.35,Yes
7351-RPHQH,Male,0,No,No,10,Yes,No,Fiber optic,No,Yes,Yes,No,Yes,No,Month-to-month,Yes,Bank transfer (automatic),92.2,940.14,Yes
9908-QTYAI,Female,0,No,No,46,Yes,Yes,Fiber optic,No,No,Yes,Yes,No,No,Two year,No,Electronic check,92.87,4269.44,No
7454-DPPJN,Male,0,No,No,7,Yes,Yes,DSL,No,Yes,No,Yes,Yes,Yes,Month-to-month,Yes,Electronic check,89.15,626.15,No
3977-ICJOX,Female,1,No,Yes,30,Yes,Yes,DSL,Yes,No,Yes,Yes,No,No,Two year,No,Electronic check,72.22,2157.73,No
2118-DEBYG,Male,0,Yes,No,36,Yes,Yes,No,No internet service,No internet service,No internet service,No internet service,No internet service,No internet service,Month-to-month,Yes,Electronic check,34.84,1270.68,No
2565-ZZVMO,Female,1,No,No,32,Yes,No,Fiber optic,No,Yes,No,No,No,No,Month-to-month,Yes,Electronic check,79.6,2555.02,Yes
7743-KUILZ,Male,0,Yes,No,8,Yes,No,Fiber optic,Yes,No,No,No,No,No,Month-to-month,Yes,Credit card (automatic),77.57,619.57,Yes
5220-OOEVX,Male,0,Yes,Yes,45,Yes,No,DSL,No,No,No,Yes,No,No,Month-to-month,No,Credit card (automatic),54.3,2431.37,No
8606-JYTKG,Female,1,No,Yes,2,Yes,Yes,Fiber optic,Yes,No,Yes,No,Yes,No,Month-to-month,No,Credit card (automatic),104.65,210.45,Yes
8098-DLXCR,Female,0,No,No,12,No,No phone service,Fiber optic,No,No,No,Yes,No,Yes,One year,Yes,Mailed check,81.99,990.55,No
7727-FJYJF,Male,0,No,No,27,Yes,Yes,Fiber optic,Yes,No,No,Yes,No,No,Month-to-month,Yes,Electronic check,91.95,2486.32,Yes
7109-JBLTJ,Female,0,Yes,Yes,51,Yes,Yes,Fiber optic,No,No,Yes,No,No,Yes,One year,Yes,Credit card (automatic),98.42,5017.76,No
8688-YXFJG,Female,0,No,No,60,Yes,No,Fiber optic,No,Yes,No,No,No,Yes,Month-to-month,No,Mailed check,87.24,5241.60,Yes
1047-SWEZX,Male,0,No,No,23,Yes,No,DSL,Yes,Yes,Yes,No,No,No,Month-to-month,Yes,Credit card (automatic),66.8,1542.34,No
5566-DZPJZ,Male,0,Yes,No,9,Yes,Yes,No,No internet service,No internet service,No internet service,No internet service,No internet service,No internet service,Month-to-month,Yes,Credit card (automatic),34.41,317.79,No
7576-QDGPY,Female,0,Yes,No,41,Yes,Yes,No,No internet service,No internet service,No internet service,No internet service,No internet service,No internet service,Month-to-month,No,Credit card (automatic),33.59,1379.94,No
1488-VWYNN,Male,0,Yes,No,36,Yes,No,Fiber optic,Yes,No,No,Yes,Yes,Yes,Month-to-month,Yes,Electronic check,101.88,3672.21,Yes
9795-VGGBY,Male,0,Yes,No,14,Yes,No,Fiber optic,Yes,Yes,Yes,Yes,No,No,Two year,No,Electronic check,96.41,1347.03,No
3989-SUEGT,Male,0,Yes,No,27,No,No phone service,DSL,No,No,Yes,No,Yes,No,Month-to-month,Yes,Mailed check,57.08,1552.44,No
3053-OZZUY,Female,0,No,No,36,Yes,Yes,DSL,No,No,No,No,No,No,One year,Yes,Mailed check,58.8,2102.22,No
3084-ZMLWC,Female,1,No,No,64,Yes,No,Fiber optic,Yes,Yes,No,No,No,No,One year,Yes,Credit card (automatic),85.15,5448.84,No
3989-MALKU,Male,0,No,No,12,Yes,No,DSL,No,No,No,No,No,No,Month-to-month,No,Electronic check,48.9,578.56,Yes
7963-WQVYS,Female,0,No,No,58,Yes,Yes,Fiber optic,No,No,Yes,No,Yes,Yes,Two year,No,Bank transfer (automatic),106.6,6185.96,No
3744-QFNRQ,Male,0,Yes,No,67,Yes,Yes,Fiber optic,No,No,Yes,No,No,No,Month-to-month,Yes,Mailed check,88.43,5934.44,Yes
5448-LJZMS,Female,0,Yes,No,55,Yes,No,Fiber optic,Yes,Yes,No,No,No,No,One year,Yes,Electronic check,82.59,4532.58,No
0744-XXKBS,Male,1,Yes,No,29,Yes,No,DSL,No,No,No,Yes,No,Yes,Month-to-month,Yes,Electronic check,61.84,1800.53,No
9902-LTWYE,Female,0,No,No,63,Yes,Yes,Fiber optic,No,No,No,No,No,No,Month-to-month,No,Electronic check,85.64,5396.53,Yes
0191-YJWRA,Female,0,Yes,No,66,Yes,No,DSL,Yes,No,No,Yes,No,No,Month-to-month,Yes,Mailed check,58.69,3861.33,No
4082-RMVCU,Female,0,Yes,Yes,19,Yes,Yes,Fiber optic,No,No,No,No,No,No,Month-to-month,Yes,Bank transfer (automatic),84.58,1612.86,Yes
9791-MEKXA,Male,0,No,No,26,Yes,No,No,No internet service,No internet service,No internet service,No internet service,No internet service,No internet service,Month-to-month,Yes,Mailed check,22.01,582.88,No
9934-JLNCB,Female,0,Yes,Yes,11,No,No phone service,Fiber optic,No,No,Yes,Yes,Yes,No,Two year,No,Credit card (automatic),87.29,958.23,No
2461-NGVGW,Male,0,No,No,40,Yes,No,No,No internet service,No internet service,No internet service,No internet service,No internet service,No internet service,Two year,Yes,Credit card (automatic),22.87,916.01,No
8659-XGVDP,Male,1,Yes,No,50,Yes,Yes,DSL,No,Yes,Yes,No,No,Yes,One year,Yes,Credit card (automatic),78.74,3933.17,No
6773-ZYCIS,Female,0,No,No,28,Yes,No,Fiber optic,Yes,No,Yes,No,Yes,No,Two year,No,Electronic check,95.95,2656.98,No
6342-BLHWW,Male,0,No,Yes,50,No,No phone service,Fiber optic,Yes,Yes,Yes,Yes,No,No,Two year,No,Electronic check,87.92,4395.10,No
7079-UXIBS,Female,1,Yes,No,58,Yes,No,DSL,No,Yes,No,No,No,No,One year,Yes,Bank transfer (automatic),50.74,2941.01,No
5899-HNMFU,Female,0,Yes,No,30,Yes,Yes,Fiber optic,No,No,No,Yes,Yes,Yes,Month-to-month,Yes,Bank transfer (automatic),109.25,3270.64,Yes
2366-SPDCO,Male,1,Yes,No,8,Yes,Yes,DSL,No,No,No,No,Yes,No,Month-to-month,No,Electronic check,67.01,517.25,Yes
1563-EHYWJ,Male,1,No,No,69,Yes,No,Fiber optic,No,No,No,Yes,No,Yes,One year,Yes,Credit card (automatic),87.62,6042.48,No
0242-OQRHW,Male,0,No,No,29,Yes,Yes,Fiber optic,No,Yes,No,No,Yes,No,Month-to-month,Yes,Electronic check,101.22,2928.73,Yes
9232-MTXYW,Male,0,No,No,39,Yes,Yes,DSL,Yes,No,No,No,No,Yes,Month-to-month,Yes,Electronic check,71.84,2808.05,No
8866-HLZLS,Male,0,Yes,No,6,Yes,Yes,Fiber optic,No,No,Yes,No,Yes,No,Two year,Yes,Electronic check,96.95,584.43,Yes
7051-GMSPK,Female,1,No,Yes,71,Yes,No,DSL,No,No,No,No,No,Yes,Month-to-month,No,Electronic check,56.57,3993.20,Yes
9491-APEYY,Male,0,Yes,No,58,Yes,Yes,DSL,No,No,No,No,No,No,Two year,Yes,Mailed check,56.08,3240.74,No
6832-TOGXR,Male,0,Yes,No,10,Yes,Yes,DSL,No,Yes,No,No,Yes,Yes,Month-to-month,No,Electronic check,81.77,818.93,Yes
4482-FZLUR,Male,0,Yes,Yes,2,Yes,No,Fiber optic,No,No,No,No,Yes,No,Month-to-month,Yes,Bank transfer (automatic),83.48,170.31,Yes
1336-NNAKV,Male,0,No,No,3,Yes,Yes,DSL,No,No,No,Yes,Yes,No,One year,Yes,Bank transfer (automatic),68.34,196.37,No
8149-OJPDD,Female,0,No,No,19,Yes,No,DSL,No,Yes,Yes,No,No,No,Month-to-month,Yes,Bank transfer (automatic),56.39,1080.50,No
7568-MSKBC,Male,1,Yes,No,4,Yes,No,DSL,No,Yes,No,No,No,No,One year,Yes,Bank transfer (automatic),52.39,216.38,No
7894-XKWNY,Male,1,No,No,33,Yes,No,Fiber optic,No,No,No,No,No,No,One year,Yes,Credit card (automatic),74.96,2470.92,No
3928-HOWAB,Male,0,No,No,13,Yes,Yes,Fiber optic,Yes,No,Yes,No,Yes,No,One year,Yes,Credit card (automatic),106.94,1384.64,No
8408-AHEKF,Male,0,No,No,12,Yes,No,Fiber optic,No,No,No,No,Yes,Yes,Two year,Yes,Mailed check,91.08,1082.66,No
0161-EYESM,Female,0,No,No,60,Yes,Yes,DSL,No,No,No,Yes,No,No,Month-to-month,No,Electronic check,64.16,3853.26,No
5699-HCDJD,Male,0,No,Yes,48,Yes,No,Fiber optic,No,No,Yes,Yes,No,No,Month-to-month,No,Electronic check,84.1,4033.92,Yes
1633-OMLHV,Female,0,No,Yes,44,No,No phone service,DSL,Yes,No,No,No,Yes,No,Month-to-month,No,Credit card (automatic),57.86,2532.74,No
5838-QYAWF,Male,1,Yes,Yes,52,Yes,Yes,No,No internet service,No internet service,No internet service,No internet service,No internet service,No internet service,Two year,Yes,Credit card (automatic),36.51,1901.50,No
6893-PLICZ,Female,1,Yes,Yes,23,Yes,No,Fiber optic,Yes,Yes,Yes,No,No,Yes,One year,No,Electronic check,97.75,2239.49,No
8049-UAACI,Female,0,No,Yes,62,Yes,No,No,No internet service,No internet service,No internet service,No internet service,No internet service,No internet service,Two year,No,Credit card (automatic),24.33,1513.55,No
6583-TSEEN,Female,0,No,No,8,Yes,Yes,DSL,Yes,No,No,No,No,Yes,One year,Yes,Mailed check,75.27,615.53,No
9665-TWNRI,Male,0,Yes,No,62,Yes,No,Fiber optic,Yes,No,No,Yes,No,No,Month-to-month,Yes,Electronic check,82.62,5134.55,No
6191-MFWIT,Male,0,No,No,55,Yes,Yes,Fiber optic,No,No,No,No,No,No,One year,No,Credit card (automatic),80.81,4441.72,No
7915-TXIRG,Female,0,Yes,No,70,Yes,Yes,No,No internet service,No internet service,No internet service,No internet service,No internet service,No internet service,Month-to-month,Yes,Mailed check,29.77,2080.89,No
6742-ADSRF,Female,0,No,No,41,Yes,No,Fiber optic,No,No,No,No,Yes,No,One year,Yes,Mailed check,83.89,3439.90,No
6967-MRNKJ,Female,0,No,No,0,Yes,No,DSL,Yes,No,Yes,No,No,No,Month-to-month,No,Bank transfer (automatic),58.05, ,Yes
5590-RMYXD,Female,0,Yes,Yes,63,Yes,No,DSL,Yes,Yes,Yes,No,Yes,Yes,Month-to-month,Yes,Mailed check,82.22,5178.50,No
5141-EGWIC,Female,0,No,No,71,Yes,Yes,DSL,Yes,No,No,No,No,Yes,One year,Yes,Electronic check,73.17,5212.82,No
3876-XILDE,Male,0,No,No,14,Yes,Yes,DSL,Yes,Yes,No,Yes,Yes,Yes,Month-to-month,Yes,Bank transfer (automatic),95.11,1333.79,No
8635-QAYOX,Male,0,Yes,No,68,Yes,Yes,DSL,Yes,No,No,No,No,No,One year,No,Mailed check,64.53,4383.98,No
0130-PRUPH,Female,0,Yes,No,21,Yes,Yes,DSL,No,No,No,No,No,Yes,Month-to-month,No,Bank transfer (automatic),67.31,1395.86,No
5531-SMVVU,Male,0,Yes,No,19,No,No phone service,Fiber optic,No,No,No,No,No,Yes,Two year,Yes,Bank transfer (automatic),77.74,1465.70,No
5505-UXIVL,Male,0,No,Yes,67,Yes,Yes,Fiber optic,Yes,Yes,Yes,Yes,Yes,No,Month-to-month,Yes,Electronic check,115.17,7710.29,Yes
9329-LAWUD,Male,0,Yes,Yes,44,Yes,No,DSL,Yes,No,Yes,Yes,Yes,Yes,Two year,No,Bank transfer (automatic),81.72,3604.72,No
8697-TJJHT,Male,0,No,No,39,No,No phone service,Fiber optic,Yes,Yes,Yes,No,No,No,Month-to-month,Yes,Credit card (automatic),82.66,3214.75,Yes
0702-WSXEC,Male,0,No,Yes,45,Yes,Yes,Fiber optic,No,No,No,Yes,No,No,One year,Yes,Electronic check,89.64,4025.92,No
4478-FPJPC,Female,0,Yes,No,62,Yes,Yes,Fiber optic,No,No,No,Yes,No,No,Two year,Yes,Electronic check,89.91,5578.48,No
1286-OKYVX,Male,0,No,No,11,Yes,Yes,Fiber optic,No,No,No,Yes,No,No,Two year,Yes,Bank transfer (automatic),87.79,949.80,No
9826-IRLWU,Male,1,No,No,51,No,No phone service,DSL,No,Yes,Yes,No,No,No,One year,Yes,Credit card (automatic),57.02,2910.86,No
7309-HFHSX,Male,0,No,Yes,6,Yes,No,Fiber optic,No,No,No,No,No,No,One year,Yes,Bank transfer (automatic),73.28,439.48,No
7036-MQSSV,Male,0,No,No,54,Yes,Yes,Fiber optic,No,No,No,No,No,No,Two year,Yes,Credit card (automatic),80.4,4337.54,No
4620-KOSHP,Male,0,No,No,4,Yes,No,Fiber optic,Yes,No,No,Yes,Yes,No,Month-to-month,Yes,Credit card (automatic),95.22,388.96,Yes
4275-CEAVN,Male,1,No,No,46,Yes,No,Fiber optic,No,No,No,No,No,No,Two year,Yes,Credit card (automatic),71.94,3308.35,No
8675-UOVWP,Male,0,Yes,No,37,Yes,No,Fiber optic,No,No,No,No,Yes,Yes,One year,Yes,Electronic check,94.37,3491.39,No
8746-XQPXK,Male,0,Yes,No,42,Yes,Yes,No,No internet service,No internet service,No internet service,No internet service,No internet service,No internet service,Month-to-month,No,Electronic check,33.39,1411.41,No
6115-CAXWT,Male,0,No,Yes,69,Yes,No,No,No internet service,No internet service,No internet service,No internet service,No internet service,No internet service,Two year,Yes,Mailed check,28.42,1968.62,No
0183-CHDWO,Female,0,Yes,No,7,Yes,Yes,No,No internet service,No internet service,No internet service,No internet service,No internet service,No internet service,Month-to-month,No,Bank transfer (automatic),32.2,231.88,No
4453-RFECT,Female,0,No,Yes,49,Yes,No,No,No internet service,No internet service,No internet service,No internet service,No internet service,No internet service,Two year,No,Electronic check,22.94,1118.77,No
2231-TZRJX,Male,0,No,Yes,8,Yes,Yes,DSL,Yes,No,No,No,No,No,Month-to-month,Yes,Credit card (automatic),62.87,472.77,No
9463-ZVNJT,Male,0,Yes,No,12,Yes,No,No,No internet service,No internet service,No internet service,No internet service,No internet service,No internet service,Month-to-month,No,Mailed check,22.53,282.05,No
5055-RJJIV,Female,0,Yes,No,49,No,No phone service,DSL,No,Yes,No,No,Yes,No,Month-to-month,No,Electronic check,55.58,2741.18,No
6111-ZMKYS,Male,0,Yes,No,34,Yes,No,No,No internet service,No internet service,No internet service,No internet service,No internet service,No internet service,Month-to-month,Yes,Electronic check,20.44,679.50,No
3003-RHMDS,Female,0,Yes,No,24,Yes,No,Fiber optic,No,No,No,No,Yes,No,Month-to-month,No,Electronic check,82.33,1992.91,Yes
2555-FXHYQ,Female,0,Yes,No,60,Yes,Yes,No,No internet service,No internet service,No internet service,No internet service,No internet service,No internet service,One year,No,Mailed check,33.05,1987.43,No
9742-KJCVX,Female,0,No,No,30,Yes,No,No,No internet service,No internet service,No internet service,No internet service,No internet service,No internet service,One year,Yes,Credit card (automatic),22.15,648.63,No
9184-UQFKE,Female,0,No,Yes,48,Yes,Yes,No,No internet service,No internet service,No internet service,No internet service,No internet service,No internet service,Two year,Yes,Mailed check,32.21,1544.67,No
6634-JXRAN,Male,0,Yes,No,42,Yes,Yes,No,No internet service,No internet service,No internet service,No internet service,No internet service,No internet service,Month-to-month,Yes,Electronic check,34.31,1437.73,No
5392-PPGHD,Female,1,Yes,No,44,Yes,No,DSL,Yes,No,Yes,Yes,No,No,One year,No,Mailed check,62.09,2728.08,No
9517-VIKPM,Male,0,Yes,No,6,Yes,No,No,No internet service,No internet service,No internet service,No internet service,No internet service,No internet service,One year,Yes,Electronic check,20.1,125.62,No
5514-YATJZ,Male,1,No,Yes,5,Yes,No,DSL,No,No,No,No,No,Yes,Two year,No,Mailed check,59.23,294.37,No
2000-QOBKU,Male,1,Yes,No,49,Yes,No,Fiber optic,Yes,No,No,Yes,Yes,No,Two year,No,Credit card (automatic),95.17,4656.49,No
1382-BPTIT,Female,0,Yes,No,69,Yes,Yes,Fiber optic,No,Yes,Yes,No,No,Yes,Month-to-month,Yes,Bank transfer (automatic),104.11,7200.81,Yes
4373-BTRYX,Female,1,No,No,44,Yes,No,Fiber optic,No,Yes,No,Yes,No,No,Two year,Yes,Credit card (automatic),82.16,3619.90,No
8302-WQKXY,Female,0,No,No,53,Yes,No,Fiber optic,No,No,No,No,Yes,No,Two year,Yes,Credit card (automatic),82.69,4375.43,No
7483-YQLST,Male,0,Yes,Yes,16,No,No phone service,Fiber optic,No,No,No,Yes,No,No,Two year,Yes,Mailed check,72.23,1170.36,No
9053-TQEIV,Male,1,No,No,28,Yes,No,Fiber optic,No,No,Yes,Yes,No,Yes,Month-to-month,No,Electronic check,93.88,2624.56,Yes
7386-NNGXP,Female,0,No,No,63,Yes,No,Fiber optic,Yes,No,No,No,No,Yes,Two year,Yes,Bank transfer (automatic),90.37,5696.65,No
1562-HAQZS,Male,0,Yes,Yes,70,Yes,No,Fiber optic,No,No,No,Yes,No,No,Month-to-month,No,Bank transfer (automatic),78.8,5528.37,No
5615-UFAJW,Female,0,No,No,19,Yes,Yes,Fiber optic,Yes,Yes,Yes,Yes,Yes,Yes,Month-to-month,No,Bank transfer (automatic),122.93,2338.90,No
7680-ZYKCR,Female,0,Yes,Yes,25,Yes,No,DSL,No,No,No,Yes,No,No,One year,No,Bank transfer (automatic),53.12,1340.79,No
5433-HJCMQ,Male,0,Yes,Yes,28,Yes,No,DSL,No,Yes,No,No,No,No,Month-to-month,Yes,Electronic check,53.81,1522.51,Yes
4721-ADRNX,Male,0,No,Yes,6,Yes,Yes,No,No internet service,No internet service,No internet service,No internet service,No internet service,No internet service,One year,No,Electronic check,36.64,220.20,No
9890-OBFZG,Female,0,No,Yes,33,Yes,Yes,No,No internet service,No internet service,No internet service,No internet service,No internet service,No internet service,Month-to-month,No,Mailed check,34.56,1158.70,No
1798-HYOVG,Female,1,Yes,No,4,Yes,Yes,Fiber optic,No,Yes,Yes,No,Yes,Yes,Two year,No,Electronic check,111.06,431.66,Yes
5623-ISBGV,Male,0,Yes,No,5,Yes,Yes,DSL,No,Yes,No,No,Yes,No,Month-to-month,No,Electronic check,71.07,361.49,Yes
2565-ANAYF,Male,0,No,No,32,Yes,Yes,DSL,Yes,No,No,No,No,No,One year,Yes,Mailed check,66.6,2129.58,No
1017-UWWBP,Male,0,No,No,42,Yes,No,No,No internet service,No internet service,No internet service,No internet service,No internet service,No internet service,Month-to-month,Yes,Bank transfer (automatic),24.43,1033.11,No
3164-QBVNT,Male,0,No,No,58,Yes,No,No,No internet service,No internet service,No internet service,No internet service,No internet service,No internet service,Month-to-month,Yes,Mailed check,20.94,1218.44,No
6115-XAUAO,Female,0,No,Yes,32,Yes,No,Fiber optic,Yes,No,No,No,No,No,Month-to-month,No,Electronic check,76.28,2451.03,Yes
5658-SXSWM,Female,0,Yes,No,60,Yes,Yes,Fiber optic,No,Yes,No,Yes,No,No,Month-to-month,Yes,Electronic check,92.94,5577.10,Yes
4038-POHSO,Female,0,No,No,17,Yes,Yes,No,No internet service,No internet service,No internet service,No internet service,No internet service,No internet service,Month-to-month,No,Mailed check,35.26,615.25,No
1808-WLBKU,Female,1,No,No,13,Yes,No,DSL,No,Yes,No,No,No,No,One year,Yes,Credit card (automatic),51.17,668.46,No
1464-RNULJ,Female,0,Yes,Yes,20,Yes,No,Fiber optic,Yes,No,Yes,Yes,No,Yes,Two year,Yes,Electronic check,98.73,1971.11,No
5415-FLBDG,Female,0,Yes,No,38,Yes,No,No,No internet service,No internet service,No internet service,No internet service,No internet service,No internet service,Month-to-month,Yes,Credit card (automatic),25.78,981.72,No
0056-LULJH,Female,0,Yes,No,33,Yes,No,No,No internet service,No internet service,No internet service,No internet service,No internet service,No internet service,Month-to-month,Yes,Credit card (automatic),21.51,703.87,No
3263-AHEHH,Female,1,Yes,No,30,Yes,Yes,DSL,Yes,No,No,No,No,No,Two year,Yes,Bank transfer (automatic),62.32,1857.60,No
4762-DWTFL,Male,0,Yes,No,6,Yes,No,No,No internet service,No internet service,No internet service,No internet service,No internet service,No internet service,Month-to-month,No,Credit card (automatic),27.9,164.85,No
1129-GCSMD,Male,0,Yes,Yes,70,Yes,Yes,DSL,No,No,Yes,Yes,Yes,Yes,Month-to-month,No,Bank transfer (automatic),87.78,6157.19,No
9505-HOHVF,Female,0,Yes,Yes,0,Yes,Yes,DSL,No,Yes,No,No,No,No,Two year,Yes,Electronic check,62.79, ,Yes
2167-JMVUT,Male,0,No,No,21,Yes,No,DSL,No,No,Yes,Yes,Yes,No,Month-to-month,Yes,Electronic check,68.18,1433.29,No
0893-BTKER,Female,0,Yes,No,62,Yes,No,DSL,Yes,Yes,Yes,No,Yes,No,Month-to-month,Yes,Bank transfer (automatic),72.78,4518.98,No
6273-ECEIP,Female,1,No,Yes,61,Yes,Yes,Fiber optic,No,No,Yes,Yes,No,No,Month-to-month,No,Electronic check,94.57,5775.34,Yes
1697-CKTZR,Male,0,No,No,45,Yes,Yes,DSL,No,No,No,No,Yes,No,One year,No,Bank transfer (automatic),68.49,3066.72,No
9828-WFKKS,Female,1,Yes,No,56,Yes,Yes,No,No internet service,No internet service,No internet service,No internet service,No internet service,No internet service,Month-to-month,No,Electronic check,31.98,1794.09,No
6257-UKKMC,Male,0,Yes,No,44,Yes,No,No,No internet service,No internet service,No internet service,No internet service,No internet service,No internet service,Month-to-month,Yes,Electronic check,21.86,956.69,No
5792-LNKUY,Female,0,No,No,12,Yes,No,DSL,No,No,No,No,No,Yes,One year,No,Mailed check,58.62,705.33,No
9921-MXNNG,Female,0,Yes,Yes,67,Yes,Yes,Fiber optic,Yes,No,No,No,No,Yes,Month-to-month,Yes,Bank transfer (automatic),95.62,6412.49,Yes
8329-PEPAE,Male,0,No,No,36,Yes,Yes,Fiber optic,Yes,No,No,No,No,Yes,Month-to-month,Yes,Electronic check,99.7,3580.94,Yes
2024-EOJLX,Male,0,Yes,Yes,13,No,No phone service,Fiber optic,Yes,Yes,No,No,No,Yes,Month-to-month,No,Credit card (automatic),92.44,1206.56,Yes
0642-DSXTC,Female,1,Yes,No,36,Yes,No,DSL,No,No,No,No,Yes,No,Two year,No,Credit card (automatic),58.42,2093.88,No
1265-ZUXAS,Male,1,Yes,No,13,Yes,Yes,DSL,No,Yes,Yes,No,No,Yes,Two year,Yes,Electronic check,75.09,995.85,No
1104-UCLYL,Male,0,No,No,65,Yes,No,Fiber optic,No,No,No,Yes,No,Yes,Two year,No,Electronic check,87.75,5695.64,No
5959-FNBKO,Male,0,No,Yes,65,Yes,No,Fiber optic,Yes,No,Yes,No,No,No,Month-to-month,No,Mailed check,82.08,5345.84,Yes
9975-MSJIR,Male,1,Yes,No,32,Yes,No,No,No internet service,No internet service,No internet service,No internet service,No internet service,No internet service,One year,Yes,Bank transfer (automatic),23.21,736.91,No
6254-MFHNC,Male,0,No,No,1,Yes,No,DSL,No,Yes,No,Yes,Yes,Yes,Two year,Yes,Electronic check,77.95,80.21,No
1701-JQPUX,Female,1,Yes,No,52,Yes,No,Fiber optic,No,No,No,No,Yes,No,One year,No,Credit card (automatic),85.52,4455.60,No
1336-QYSFJ,Female,1,No,No,54,Yes,No,No,No internet service,No internet service,No internet service,No internet service,No internet service,No internet service,One year,Yes,Mailed check,22.02,1172.76,No
4388-AGZYU,Male,0,Yes,No,44,Yes,Yes,No,No internet service,No internet service,No internet service,No internet service,No internet service,No internet service,Month-to-month,No,Bank transfer (automatic),32.89,1465.85,No
0745-WJGMG,Male,0,No,Yes,36,Yes,Yes,DSL,No,Yes,No,Yes,Yes,No,One year,Yes,Credit card (automatic),76.17,2758.24,No
0624-JEXGG,Female,0,No,No,26,Yes,No,Fiber optic,Yes,Yes,No,No,No,No,Two year,No,Electronic check,83.68,2199.04,No
5664-EDTUZ,Male,1,Yes,Yes,51,Yes,Yes,DSL,No,No,No,No,No,No,Month-to-month,Yes,Credit card (automatic),59.74,3039.08,No
8578-LTGUD,Male,0,No,No,46,Yes,No,Fiber optic,No,Yes,No,No,Yes,Yes,Month-to-month,Yes,Credit card (automatic),100.77,4631.21,Yes
6206-IBGJB,Male,0,No,No,57,Yes,Yes,Fiber optic,Yes,Yes,No,No,Yes,No,One year,No,Bank transfer (automatic),103.77,5897.57,No
2992-TFCYB,Female,0,No,No,6,Yes,Yes,Fiber optic,Yes,No,Yes,Yes,Yes,Yes,Month-to-month,Yes,Bank transfer (automatic),118.52,706.85,Yes
6512-VJTQQ,Female,0,No,Yes,12,No,No phone service,Fiber optic,No,No,Yes,Yes,No,Yes,Two year,Yes,Electronic check,86.46,1027.49,No
2730-XJVQL,Female,1,No,Yes,47,Yes,Yes,DSL,Yes,No,No,Yes,Yes,No,Month-to-month,Yes,Mailed check,73.76,3474.58,No
9950-ZZSBD,Male,0,No,No,27,Yes,No,No,No internet service,No internet service,No internet service,No internet service,No internet service,No internet service,Two year,No,Electronic check,21.89,610.12,No
1435-NGLBR,Male,0,No,Yes,44,Yes,No,DSL,Yes,Yes,No,Yes,Yes,No,Month-to-month,Yes,Credit card (automatic),72.52,3174.24,No
7846-LYNAX,Female,1,No,No,55,No,No phone service,DSL,No,No,No,Yes,No,Yes,Month-to-month,No,Credit card (automatic),57.77,3192.01,No
9988-JGPLL,Male,1,No,No,34,Yes,No,Fiber optic,No,No,No,Yes,Yes,No,Two year,Yes,Mailed check,84.8,2876.95,No
9241-ZCZGA,Male,0,No,No,54,Yes,No,Fiber optic,No,No,Yes,Yes,No,Yes,Month-to-month,Yes,Bank transfer (automatic),92.44,4993.16,Yes
2432-VFTIK,Male,0,No,No,36,Yes,No,DSL,No,No,No,No,No,No,One year,No,Mailed check,43.72,1579.97,No
5899-BVNDB,Female,0,Yes,No,8,Yes,No,No,No internet service,No internet service,No internet service,No internet service,No internet service,No internet service,Month-to-month,Yes,Mailed check,20.42,177.60,No
4257-TLDUF,Male,0,No,No,2,No,No phone service,Fiber optic,No,No,No,No,No,Yes,Month-to-month,Yes,Bank transfer (automatic),80.18,169.50,Yes
6568-DZOAI,Female,0,Yes,No,1,Yes,No,Fiber optic,No,No,Yes,No,No,No,Month-to-month,Yes,Bank transfer (automatic),80.63,84.03,Yes
6397-LGRAI,Male,0,Yes,No,57,Yes,No,DSL,Yes,No,No,No,Yes,No,One year,Yes,Electronic check,62.7,3572.98,No
6903-OEENN,Male,0,No,No,21,Yes,No,No,No internet service,No internet service,No internet service,No internet service,No internet service,No internet service,Two year,Yes,Bank transfer (automatic),23.48,505.56,No
4243-OUGEO,Male,1,Yes,Yes,23,Yes,No,No,No internet service,No internet service,No internet service,No internet service,No internet service,No internet service,Month-to-month,Yes,Mailed check,23.78,533.29,No
7724-LTNEX,Female,1,No,No,53,Yes,Yes,DSL,No,No,Yes,No,No,Yes,Two year,No,Mailed check,73.78,3904.50,No
3462-VYDTV,Male,0,No,No,16,Yes,No,Fiber optic,No,Yes,Yes,No,Yes,No,Two year,No,Credit card (automatic),91.21,1458.33,No
5202-XHPVG,Male,0,Yes,Yes,57,Yes,No,DSL,No,No,No,No,Yes,Yes,Month-to-month,Yes,Bank transfer (automatic),68.32,3892.24,No
1821-PUAUZ,Female,0,Yes,Yes,57,Yes,No,DSL,Yes,Yes,No,No,No,No,Month-to-month,Yes,Bank transfer (automatic),58.52,3334.88,No
3548-UMXLM,Male,0,No,Yes,20,Yes,No,Fiber optic,Yes,No,No,No,Yes,No,One year,No,Credit card (automatic),88.45,1782.34,No
1222-FPGGW,Male,0,No,No,62,Yes,No,Fiber optic,No,Yes,No,No,No,No,Month-to-month,Yes,Electronic check,76.48,4742.02,Yes
2052-PPSOC,Male,0,No,No,62,Yes,No,No,No internet service,No internet service,No internet service,No internet service,No internet service,No internet service,Month-to-month,Yes,Mailed check,20.72,1278.61,No
8342-JMOLQ,Female,0,No,No,43,Yes,No,No,No internet service,No internet service,No internet service,No internet service,No internet service,No internet service,Month-to-month,Yes,Credit card (automatic),22.6,980.82,No
3066-OTUZG,Female,0,Yes,No,39,Yes,Yes,Fiber optic,Yes,No,No,No,No,No,Month-to-month,No,Electronic check,85.25,3333.00,Yes
5331-JRTET,Female,0,Yes,No,65,Yes,No,No,No internet service,No internet service,No internet service,No internet service,No internet service,No internet service,Two year,Yes,Credit card (automatic),21.4,1395.59,No
2134-PQOMA,Male,0,No,No,66,Yes,No,Fiber optic,Yes,Yes,No,Yes,Yes,No,Month-to-month,No,Electronic check,98.93,6536.71,Yes
5430-LWODS,Male,0,No,No,45,Yes,Yes,DSL,No,Yes,Yes,No,Yes,Yes,Two year,Yes,Electronic check,90.15,4056.60,No
6190-KTMXV,Female,0,Yes,Yes,23,Yes,Yes,DSL,Yes,No,No,No,No,Yes,Month-to-month,Yes,Electronic check,74.72,1717.68,No
8004-VHCFC,Female,0,Yes,No,71,Yes,Yes,No,No internet service,No internet service,No internet service,No internet service,No internet service,No internet service,One year,No,Mailed check,31.68,2243.85,No
7318-JOMXO,Female,0,Yes,Yes,69,Yes,No,Fiber optic,Yes,Yes,No,Yes,Yes,No,Two year,Yes,Electronic check,97.2,6686.78,No
5213-TAYPZ,Female,0,No,Yes,50,Yes,Yes,Fiber optic,No,Yes,No,No,Yes,No,Month-to-month,Yes,Mailed check,97.05,4843.22,Yes
7652-TPBWB,Female,0,No,Yes,3,Yes,No,DSL,Yes,Yes,No,No,No,Yes,Month-to-month,No,Mailed check,68.39,222.18,No
9053-OXAYV,Female,0,Yes,No,30,Yes,Yes,Fiber optic,No,No,No,Yes,No,Yes,Two year,Yes,Credit card (automatic),96.26,2894.47,No
1744-EWWJW,Female,0,Yes,No,64,Yes,No,DSL,No,No,Yes,No,No,Yes,Two year,Yes,Mailed check,63.1,4038.25,No
9170-PRGDJ,Male,0,Yes,No,29,Yes,No,No,No internet service,No internet service,No internet service,No internet service,No internet service,No internet service,Two year,Yes,Bank transfer (automatic),22.78,663.33,No
9882-NMSYJ,Male,0,No,No,71,Yes,No,DSL,No,No,No,Yes,Yes,No,One year,Yes,Electronic check,64.18,4544.80,No
7056-NHLRN,Female,0,No,Yes,39,Yes,No,Fiber optic,No,No,No,Yes,No,Yes,Month-to-month,Yes,Bank transfer (automatic),85.75,3358.54,No
0301-SDFHY,Male,0,No,No,13,Yes,Yes,DSL,No,No,Yes,No,Yes,Yes,Two year,No,Electronic check,81.08,1068.95,No
3044-YFUJJ,Female,0,Yes,Yes,43,Yes,No,No,No internet service,No internet service,No internet service,No internet service,No internet service,No internet service,Month-to-month,Yes,Electronic check,23.6,1009.49,No
4704-AGOWZ,Male,0,Yes,Yes,33,Yes,No,Fiber optic,No,No,Yes,Yes,No,Yes,Month-to-month,No,Credit card (automatic),93.25,3081.08,Yes
7687-HCZTD,Male,0,Yes,No,38,Yes,No,Fiber optic,No,Yes,Yes,No,No,Yes,Month-to-month,No,Electronic check,90.7,3438.60,Yes
0518-NAQKZ,Female,0,No,No,3,Yes,No,DSL,No,No,No,No,No,Yes,Two year,Yes,Credit card (automatic),54.27,167.86,No
5029-RKIUF,Male,0,Yes,No,26,Yes,No,Fiber optic,No,No,Yes,Yes,No,Yes,One year,Yes,Mailed check,94.05,2453.67,No
1757-HNAGB,Male,1,No,No,41,Yes,No,DSL,No,Yes,No,Yes,No,Yes,Two year,Yes,Mailed check,68.24,2796.48,No
7131-WEPMI,Male,1,Yes,No,10,Yes,Yes,No,No internet service,No internet service,No internet service,No internet service,No internet service,No internet service,Month-to-month,Yes,Electronic check,32.51,330.04,No
4712-FKWNZ,Male,0,No,Yes,31,Yes,No,Fiber optic,No,No,Yes,No,No,No,One year,No,Bank transfer (automatic),79.03,2441.66,No
7267-JOFTF,Female,0,No,No,49,No,No phone service,Fiber optic,Yes,No,No,No,No,No,One year,Yes,Mailed check,71.38,3510.98,No
8214-PGSET,Female,0,No,No,52,Yes,Yes,No,No internet service,No internet service,No internet service,No internet service,No internet service,No internet service,Two year,Yes,Bank transfer (automatic),33.83,1767.53,No
6161-CEWMP,Male,0,No,No,3,Yes,Yes,No,No internet service,No internet service,No internet service,No internet service,No internet service,No internet service,Month-to-month,Yes,Credit card (automatic),35.14,91.14,No
5650-OULQW,Male,0,No,No,18,Yes,No,DSL,No,No,Yes,No,No,No,Month-to-month,Yes,Credit card (automatic),53.77,970.01,No
3407-OTSAD,Female,0,Yes,Yes,70,Yes,Yes,No,No internet service,No internet service,No internet service,No internet service,No internet service,No internet service,One year,No,Electronic check,30.31,2132.71,No
2784-IAWKG,Male,0,Yes,Yes,32,Yes,Yes,DSL,Yes,No,No,No,No,No,Two year,Yes,Electronic check,64.78,2072.56,No
5382-KQRSR,Female,0,No,No,69,Yes,Yes,Fiber optic,No,No,No,No,No,No,One year,Yes,Mailed check,80.78,5575.84,No
5644-GVLHY,Male,0,Yes,Yes,54,Yes,No,DSL,No,No,Yes,No,No,Yes,One year,Yes,Electronic check,62.29,3362.25,No
1106-KOTYF,Male,0,No,No,8,Yes,Yes,No,No internet service,No internet service,No internet service,No internet service,No internet service,No internet service,Month-to-month,Yes,Credit card (automatic),33.85,260.08,No
6673-CCJXO,Male,0,No,No,61,Yes,Yes,DSL,Yes,Yes,Yes,No,No,No,Month-to-month,No,Bank transfer (automatic),74.49,4552.90,No
2714-UGEYS,Female,0,No,No,61,Yes,Yes,DSL,No,No,No,Yes,No,No,Month-to-month,Yes,Credit card (automatic),62.9,3836.46,No
8023-VZXGX,Male,0,No,No,47,Yes,No,Fiber optic,No,No,No,No,No,Yes,Two year,No,Electronic check,87.09,4096.95,No
5552-ZTKVG,Female,0,Yes,No,67,Yes,No,Fiber optic,No,Yes,No,Yes,No,No,Month-to-month,No,Mailed check,80.61,5406.42,No
2350-KOGOQ,Female,0,No,Yes,47,No,No phone service,Fiber optic,Yes,No,Yes,No,Yes,Yes,One year,No,Mailed check,102.08,4788.20,No
9898-KYDBW,Female,1,No,No,26,Yes,No,Fiber optic,Yes,No,No,No,Yes,No,Two year,Yes,Electronic check,84.44,2188.07,No
3409-FLOWS,Female,0,No,Yes,54,Yes,Yes,DSL,Yes,Yes,Yes,No,Yes,Yes,Two year,Yes,Electronic check,92.91,5016.81,No
9196-ARCTE,Male,0,Yes,No,43,Yes,Yes,Fiber optic,Yes,Yes,Yes,No,No,No,Month-to-month,No,Electronic check,94.91,4095.48,Yes
3920-GZVRB,Female,0,No,Yes,70,Yes,No,Fiber optic,Yes,No,No,No,No,No,Two year,No,Bank transfer (automatic),78.66,5497.28,No
2779-OJZJL,Female,0,No,Yes,51,Yes,Yes,DSL,No,No,No,No,No,No,Month-to-month,Yes,Electronic check,54.91,2806.50,No
7610-FHACO,Female,1,No,No,56,Yes,No,Fiber optic,No,No,Yes,Yes,No,Yes,Month-to-month,Yes,Mailed check,93.91,5257.09,Yes
0986-NXYCZ,Female,0,Yes,No,8,Yes,No,Fiber optic,No,Yes,No,No,Yes,Yes,Month-to-month,No,Mailed check,96.75,767.39,Yes
1543-VOFCR,Male,0,Yes,Yes,7,Yes,No,Fiber optic,No,Yes,Yes,No,Yes,Yes,Month-to-month,No,Electronic check,99.52,691.15,Yes
8735-CHSRO,Female,0,No,No,55,Yes,Yes,DSL,Yes,No,No,No,No,No,One year,Yes,Electronic check,66.02,3637.66,No
6282-HBYQL,Female,0,No,No,9,Yes,No,Fiber optic,Yes,No,Yes,No,No,No,One year,No,Electronic check,84.37,761.75,No
2164-HBHWE,Female,0,No,Yes,64,Yes,Yes,DSL,Yes,Yes,No,Yes,No,No,Month-to-month,No,Bank transfer (automatic),74.0,4728.36,No
1969-DDHFY,Female,0,Yes,Yes,71,Yes,Yes,Fiber optic,Yes,Yes,Yes,No,No,No,Month-to-month,No,Mailed check,101.65,7217.68,Yes
1457-TGWTQ,Male,0,No,Yes,44,No,No phone service,Fiber optic,Yes,Yes,Yes,No,No,Yes,Two year,No,Bank transfer (automatic),92.1,4043.44,No
2124-LQEBD,Female,0,Yes,Yes,38,Yes,No,DSL,Yes,No,No,No,No,Yes,Month-to-month,No,Bank transfer (automatic),65.42,2504.07,No
5895-JKBXU,Male,0,Yes,No,45,Yes,No,Fiber optic,No,Yes,No,No,No,No,Month-to-month,Yes,Mailed check,75.96,3409.96,Yes
8983-QIYHE,Female,0,No,No,16,Yes,No,No,No internet service,No internet service,No internet service,No internet service,No internet service,No internet service,Month-to-month,No,Credit card (automatic),23.02,366.74,No
4950-IUGKO,Male,0,Yes,No,66,Yes,Yes,No,No internet service,No internet service,No internet service,No internet service,No internet service,No internet service,One year,No,Mailed check,29.74,1955.90,No
7425-WNTYN,Female,0,No,No,61,Yes,No,No,No internet service,No internet service,No internet service,No internet service,No internet service,No internet service,Month-to-month,Yes,Credit card (automatic),26.73,1633.77,No
3918-DTJAN,Female,0,No,No,67,Yes,No,No,No internet service,No internet service,No internet service,No internet service,No internet service,No internet service,Month-to-month,No,Mailed check,22.53,1522.34,No
1268-EDMRL,Female,0,No,Yes,35,Yes,No,DSL,No,No,No,Yes,No,No,Month-to-month,Yes,Electronic check,51.49,1801.57,No
6567-IJEUD,Female,0,No,No,8,Yes,No,Fiber optic,Yes,No,No,No,No,Yes,Month-to-month,Yes,Bank transfer (automatic),91.82,726.54,Yes
2646-RYYIM,Male,0,Yes,No,34,Yes,No,Fiber optic,No,No,No,Yes,No,No,Month-to-month,No,Mailed check,79.29,2702.63,No
4980-RZUUV,Female,0,Yes,No,66,Yes,Yes,DSL,Yes,Yes,No,No,Yes,Yes,Two year,Yes,Electronic check,86.48,5708.63,No
7098-THOMU,Male,1,Yes,No,51,Yes,Yes,Fiber optic,No,Yes,No,Yes,Yes,Yes,One year,No,Credit card (automatic),111.87,5706.17,No
0874-KDXYG,Female,0,No,No,27,Yes,Yes,DSL,No,No,No,No,Yes,No,Month-to-month,No,Electronic check,68.42,1832.51,Yes
3652-JCANM,Female,0,No,Yes,57,Yes,Yes,No,No internet service,No internet service,No internet service,No internet service,No internet service,No internet service,Month-to-month,No,Electronic check,37.9,2171.34,No
4757-WBXDE,Male,0,Yes,No,23,Yes,No,No,No internet service,No internet service,No internet service,No internet service,No internet service,No internet service,Two year,No,Bank transfer (automatic),21.38,508.18,No
7445-OWYPK,Female,0,Yes,Yes,58,Yes,Yes,Fiber optic,No,No,Yes,Yes,No,No,Month-to-month,Yes,Electronic check,94.44,5473.28,Yes
6593-NKZLB,Male,0,No,No,36,Yes,No,Fiber optic,No,No,Yes,Yes,No,No,Month-to-month,No,Mailed check,82.4,2964.31,No
8944-LCPSQ,Female,0,No,No,37,Yes,Yes,Fiber optic,No,No,Yes,Yes,No,No,Two year,No,Mailed check,94.91,3514.90,No
4218-MZFCW,Female,1,No,No,24,Yes,No,No,No internet service,No internet service,No internet service,No internet service,No internet service,No internet service,Month-to-month,No,Electronic check,22.39,542.83,No
8801-OHKQN,Male,0,No,No,14,Yes,Yes,No,No internet service,No internet service,No internet service,No internet service,No internet service,No internet service,Two year,No,Mailed check,32.69,450.61,No
2674-BOSYP,Female,0,No,No,15,Yes,No,DSL,No,No,Yes,Yes,No,Yes,Two year,Yes,Mailed check,64.74,975.36,No
9602-YGLMM,Male,0,Yes,Yes,54,Yes,Yes,DSL,No,No,No,No,No,Yes,Month-to-month,Yes,Electronic check,67.7,3661.23,Yes
1583-PZBCW,Female,0,No,Yes,3,Yes,Yes,DSL,Yes,Yes,No,Yes,No,Yes,Two year,No,Mailed check,88.26,268.35,No
3647-HUGKV,Female,0,No,Yes,25,Yes,No,DSL,No,No,No,No,Yes,No,Two year,No,Bank transfer (automatic),55.77,1389.12,No
7846-NAXSQ,Male,0,No,Yes,38,Yes,Yes,No,No internet service,No internet service,No internet service,No internet service,No internet service,No internet service,Month-to-month,Yes,Electronic check,32.57,1258.19,No
5720-SOUHI,Female,0,Yes,Yes,56,Yes,No,Fiber optic,Yes,Yes,Yes,No,No,Yes,Month-to-month,Yes,Credit card (automatic),98.05,5479.28,Yes
8374-SURKK,Female,0,Yes,No,46,Yes,No,Fiber optic,No,Yes,Yes,No,No,Yes,Month-to-month,Yes,Credit card (automatic),95.02,4369.22,Yes
5054-IGFWJ,Male,0,No,No,47,Yes,No,Fiber optic,Yes,No,No,No,No,No,Two year,Yes,Electronic check,78.08,3669.42,No
4084-TFEQR,Male,0,No,No,48,No,No phone service,Fiber optic,Yes,No,No,No,Yes,No,Two year,No,Credit card (automatic),85.55,4095.37,No
3746-BHEDY,Female,0,No,No,36,Yes,No,Fiber optic,No,No,No,Yes,No,No,One year,No,Electronic check,76.32,2754.39,No
5372-NZRWL,Male,0,No,No,37,Yes,No,Fiber optic,No,No,No,No,Yes,No,Two year,No,Electronic check,82.99,3075.04,No
3398-BAOWO,Male,0,No,Yes,61,Yes,No,No,No internet service,No internet service,No internet service,No internet service,No internet service,No internet service,Month-to-month,No,Credit card (automatic),22.89,1412.41,No
7213-RLRUJ,Male,0,No,No,60,Yes,Yes,Fiber optic,No,Yes,No,Yes,No,No,Month-to-month,No,Mailed check,91.83,5503.55,Yes
4781-QSFNE,Female,0,No,No,7,Yes,No,Fiber optic,No,No,Yes,No,Yes,Yes,Two year,No,Credit card (automatic),98.03,691.31,No
7718-NNTNQ,Female,0,No,Yes,37,Yes,Yes,No,No internet service,No internet service,No internet service,No internet service,No internet service,No internet service,Two year,No,Electronic check,31.46,1164.33,No
1546-YPVFR,Female,0,No,No,35,Yes,Yes,Fiber optic,No,No,No,No,No,Yes,Month-to-month,Yes,Credit card (automatic),94.57,3305.67,Yes
6167-LAIHI,Male,1,No,No,55,Yes,Yes,No,No internet service,No internet service,No internet service,No internet service,No internet service,No internet service,Month-to-month,Yes,Credit card (automatic),30.4,1687.01,No
4308-TOTDB,Female,0,Yes,No,44,Yes,Yes,DSL,Yes,No,No,Yes,Yes,No,Two year,Yes,Mailed check,74.9,3291.88,No
3176-JBNBR,Female,0,Yes,No,49,Yes,Yes,DSL,Yes,No,No,No,No,No,One year,No,Credit card (automatic),60.99,2999.58,No
0550-QVKFT,Female,0,Yes,No,19,Yes,No,No,No internet service,No internet service,No internet service,No internet service,No internet service,No internet service,Month-to-month,Yes,Mailed check,23.13,433.22,No
2850-CQSRE,Female,0,No,Yes,62,No,No phone service,DSL,No,Yes,No,Yes,No,No,One year,Yes,Bank transfer (automatic),53.88,3355.30,No
2676-RJZWJ,Female,0,Yes,Yes,54,Yes,Yes,Fiber optic,No,No,No,Yes,No,Yes,Month-to-month,No,Bank transfer (automatic),96.69,5219.65,Yes
2601-ZAIOR,Male,0,Yes,No,33,Yes,No,Fiber optic,No,No,Yes,No,No,No,One year,No,Credit card (automatic),79.09,2600.17,No
1561-TSEIR,Male,0,Yes,No,31,Yes,No,Fiber optic,No,No,Yes,Yes,Yes,No,Month-to-month,No,Bank transfer (automatic),87.53,2732.64,Yes
4753-OZXST,Male,1,No,No,72,Yes,Yes,No,No internet service,No internet service,No internet service,No internet service,No internet service,No internet service,Month-to-month,Yes,Credit card (automatic),32.22,2324.64,No
8451-YHWYU,Female,1,Yes,Yes,42,Yes,Yes,Fiber optic,No,Yes,No,Yes,No,No,Two year,Yes,Electronic check,91.92,3870.31,No
4848-AZJHS,Male,1,Yes,No,12,Yes,Yes,No,No internet service,No internet service,No internet service,No internet service,No internet service,No internet service,One year,No,Credit card (automatic),33.68,394.73,No
7418-DNGLX,Female,0,Yes,No,1,Yes,No,No,No internet service,No internet service,No internet service,No internet service,No internet service,No internet service,One year,No,Electronic check,25.06,23.12,No
6563-ZQEHJ,Male,0,Yes,Yes,60,Yes,Yes,No,No internet service,No internet service,No internet service,No internet service,No internet service,No internet service,Month-to-month,Yes,Electronic check,38.36,2296.15,No
5419-EJCMP,Female,0,No,Yes,13,Yes,Yes,No,No internet service,No internet service,No internet service,No internet service,No internet service,No internet service,Month-to-month,Yes,Electronic check,32.77,424.36,No
1231-TTOVE,Female,0,No,Yes,41,Yes,No,Fiber optic,No,Yes,No,No,No,No,One year,Yes,Credit card (automatic),70.0,2863.21,No
6628-GWBOL,Male,0,No,No,14,Yes,Yes,DSL,Yes,Yes,Yes,Yes,No,No,Month-to-month,No,Mailed check,78.17,1094.13,No
9225-TDAVH,Male,1,No,No,9,Yes,No,Fiber optic,No,No,No,No,No,No,Two year,No,Bank transfer (automatic),72.5,645.92,No
7749-VETLT,Male,0,No,No,55,Yes,Yes,No,No internet service,No internet service,No internet service,No internet service,No internet service,No internet service,Month-to-month,No,Bank transfer (automatic),33.78,1870.26,No
3355-EKNKI,Male,0,Yes,No,52,Yes,No,No,No internet service,No internet service,No internet service,No internet service,No internet service,No internet service,Month-to-month,Yes,Mailed check,23.92,1228.21,No
7958-EJTNF,Female,0,Yes,No,57,Yes,Yes,Fiber optic,No,Yes,No,Yes,No,No,Two year,Yes,Mailed check,91.82,5242.53,No
3764-JVKPG,Female,0,No,Yes,61,Yes,No,Fiber optic,No,No,No,No,No,No,Month-to-month,No,Mailed check,70.5,4300.27,Yes
1867-UOSRO,Female,0,No,No,56,Yes,Yes,DSL,No,No,No,No,Yes,No,Two year,No,Mailed check,69.26,3888.92,No
1200-GJLHV,Male,0,No,No,62,Yes,Yes,DSL,No,No,No,No,No,No,Two year,Yes,Electronic check,60.36,3750.21,No
6008-UWFTQ,Female,0,Yes,Yes,3,Yes,Yes,Fiber optic,No,Yes,Yes,No,No,Yes,One year,Yes,Mailed check,104.23,324.88,Yes
3997-MPLQR,Female,1,No,Yes,33,Yes,No,DSL,No,No,No,Yes,No,Yes,Month-to-month,Yes,Electronic check,64.05,2115.22,No
7198-CCFCI,Female,1,No,No,31,Yes,Yes,Fiber optic,Yes,Yes,Yes,No,No,No,Month-to-month,No,Bank transfer (automatic),98.19,3062.87,Yes
7357-TOEGH,Female,0,No,No,33,Yes,Yes,Fiber optic,No,No,Yes,No,No,No,One year,No,Mailed check,89.87,2942.82,No
6730-VEKDB,Male,0,Yes,Yes,69,Yes,No,No,No internet service,No internet service,No internet service,No internet service,No internet service,No internet service,Two year,No,Credit card (automatic),20.65,1426.23,No
0818-FFRVC,Male,0,Yes,No,39,Yes,No,No,No internet service,No internet service,No internet service,No internet service,No internet service,No internet service,Month-to-month,No,Electronic check,23.74,938.76,No
6938-UJSQA,Male,0,Yes,No,34,Yes,No,DSL,Yes,No,No,No,Yes,No,Two year,No,Mailed check,61.37,2079.45,No
3993-IHTFW,Male,1,No,Yes,14,Yes,No,DSL,No,Yes,No,No,No,Yes,Month-to-month,No,Credit card (automatic),60.11,843.39,No
9730-ENQKD,Female,0,Yes,No,50,Yes,Yes,DSL,Yes,Yes,Yes,No,No,No,Two year,No,Mailed check,75.32,3739.85,No
6608-BUVAR,Female,0,No,Yes,19,Yes,Yes,Fiber optic,Yes,Yes,No,No,No,Yes,Month-to-month,Yes,Credit card (automatic),101.53,1913.44,Yes
6555-NWZLN,Male,0,Yes,No,36,Yes,No,No,No internet service,No internet service,No internet service,No internet service,No internet service,No internet service,Month-to-month,Yes,Mailed check,23.81,849.18,No
8811-EZWLN,Male,1,Yes,No,37,Yes,No,Fiber optic,No,No,Yes,No,No,No,Two year,No,Credit card (automatic),79.58,2953.26,No
2232-OSHWM,Male,0,Yes,No,20,No,No phone service,No,No internet service,No internet service,No internet service,No internet service,No internet service,No internet service,Month-to-month,No,Mailed check,18.25,366.09,No
6918-VSIIF,Female,0,Yes,No,9,Yes,No,Fiber optic,Yes,No,No,Yes,No,No,Two year,Yes,Electronic check,81.28,724.44,No
9577-OFGTQ,Male,0,Yes,No,53,Yes,No,Fiber optic,No,No,No,Yes,No,No,Month-to-month,Yes,Mailed check,81.03,4291.49,No
3771-WQRNX,Female,0,Yes,No,8,Yes,No,Fiber optic,No,No,Yes,No,Yes,Yes,One year,Yes,Bank transfer (automatic),94.72,770.04,No
9321-FTCSZ,Female,0,Yes,No,41,Yes,No,No,No internet service,No internet service,No internet service,No internet service,No internet service,No internet service,Month-to-month,Yes,Bank transfer (automatic),23.42,960.22,No
2788-EQJUQ,Male,1,Yes,Yes,15,Yes,Yes,DSL,Yes,No,No,Yes,Yes,No,One year,Yes,Mailed check,81.97,1234.38,No
8976-BBDIY,Male,0,No,No,23,Yes,Yes,DSL,Yes,No,Yes,Yes,No,No,Month-to-month,Yes,Mailed check,76.19,1769.79,No
7468-SDBYW,Male,0,Yes,No,3,Yes,Yes,DSL,No,Yes,No,No,Yes,No,One year,Yes,Electronic check,71.63,193.38,No
5462-URUGK,Male,0,Yes,No,43,No,No phone service,Fiber optic,No,No,Yes,Yes,No,No,Month-to-month,No,Electronic check,80.53,3448.77,Yes
9682-XEWAA,Male,0,No,Yes,22,Yes,Yes,Fiber optic,Yes,No,No,No,No,No,Month-to-month,Yes,Electronic check,86.09,1891.98,Yes
3492-FCUMQ,Male,0,Yes,Yes,41,Yes,No,DSL,No,Yes,No,No,No,No,Month-to-month,Yes,Mailed check,51.47,2127.92,No
2624-WMBCT,Female,0,No,No,65,No,No phone service,Fiber optic,No,No,No,Yes,Yes,Yes,Month-to-month,Yes,Electronic check,94.15,6116.79,Yes
4883-YTRZA,Male,0,Yes,Yes,18,Yes,Yes,DSL,Yes,No,No,No,Yes,No,Two year,Yes,Credit card (automatic),70.93,1277.73,No
6377-XVINT,Male,0,No,No,19,Yes,No,Fiber optic,No,No,No,No,Yes,No,Two year,Yes,Electronic check,81.47,1547.17,No
4341-UJXIG,Female,0,Yes,No,27,Yes,Yes,No,No internet service,No internet service,No internet service,No internet service,No internet service,No internet service,One year,Yes,Credit card (automatic),32.47,883.60,No
6519-LKJMI,Female,0,Yes,No,23,Yes,Yes,No,No internet service,No internet service,No internet service,No internet service,No internet service,No internet service,Two year,No,Mailed check,33.44,771.38,No
4504-FJKBG,Female,0,No,Yes,1,Yes,No,DSL,No,Yes,No,No,Yes,No,One year,Yes,Credit card (automatic),62.68,69.86,No
3424-TJFBC,Male,0,Yes,No,6,No,No phone service,DSL,No,No,No,Yes,No,No,Month-to-month,Yes,Electronic check,47.35,273.29,No
9068-BGOCE,Female,0,No,Yes,0,Yes,No,Fiber optic,No,No,No,No,No,Yes,One year,Yes,Credit card (automatic),81.1, ,Yes
5731-SHWFE,Female,0,Yes,Yes,10,Yes,Yes,No,No internet service,No internet service,No internet service,No internet service,No internet service,No internet service,Month-to-month,No,Mailed check,29.12,296.93,No
4058-XLJAK,Male,0,Yes,No,50,Yes,Yes,Fiber optic,No,No,No,No,Yes,Yes,One year,Yes,Credit card (automatic),100.73,5031.18,No
5258-VHOVF,Male,0,No,No,59,Yes,No,Fiber optic,No,Yes,No,No,No,No,One year,No,Bank transfer (automatic),80.44,4746.36,No
6937-TOGAY,Female,0,Yes,No,30,Yes,No,Fiber optic,Yes,No,No,No,Yes,Yes,Month-to-month,No,Credit card (automatic),98.46,2951.79,Yes
9867-BZNLZ,Male,0,No,Yes,29,Yes,Yes,DSL,No,No,Yes,Yes,No,No,Two year,Yes,Electronic check,68.56,1998.23,No
6025-UEYFC,Male,0,Yes,No,23,Yes,Yes,DSL,Yes,Yes,No,No,No,Yes,Month-to-month,No,Electronic check,79.93,1826.77,No
1893-KEIEG,Male,1,No,No,17,Yes,Yes,Fiber optic,Yes,Yes,Yes,No,Yes,No,Month-to-month,No,Electronic check,107.45,1826.15,Yes
1137-BZWMM,Female,0,Yes,No,57,Yes,Yes,Fiber optic,No,No,No,No,No,Yes,Two year,Yes,Bank transfer (automatic),94.51,5391.06,No
0895-QZFNU,Male,0,No,No,16,Yes,No,No,No internet service,No internet service,No internet service,No internet service,No internet service,No internet service,Month-to-month,Yes,Bank transfer (automatic),24.54,401.62,No
4436-YMDRP,Male,0,Yes,Yes,45,Yes,Yes,Fiber optic,Yes,Yes,No,No,No,No,One year,Yes,Credit card (automatic),91.45,4116.59,No
1163-TQTFR,Female,0,No,No,18,Yes,No,Fiber optic,No,Yes,No,Yes,No,No,Month-to-month,Yes,Credit card (automatic),84.55,1516.66,Yes
3681-HNVXR,Female,0,No,No,11,Yes,Yes,Fiber optic,No,No,Yes,No,No,No,Two year,Yes,Credit card (automatic),88.62,974.38,No
0688-BPDMQ,Female,0,Yes,No,11,Yes,No,Fiber optic,No,Yes,No,No,No,No,Two year,No,Credit card (automatic),76.3,828.65,No
6131-AWFPB,Female,0,No,No,49,Yes,Yes,DSL,No,Yes,No,No,Yes,No,Month-to-month,No,Bank transfer (automatic),76.62,3756.76,No
3222-KDQQG,Male,0,No,No,65,Yes,No,DSL,Yes,Yes,Yes,Yes,Yes,Yes,Two year,No,Mailed check,89.76,5852.91,No
4284-ZSIQI,Male,0,No,No,19,Yes,Yes,Fiber optic,No,No,No,No,No,Yes,Month-to-month,Yes,Mailed check,91.02,1720.16,Yes
4517-OPSAW,Male,0,Yes,No,5,Yes,No,No,No internet service,No internet service,No internet service,No internet service,No internet service,No internet service,One year,No,Credit card (automatic),22.88,113.71,No
2340-KIGBQ,Male,1,Yes,No,0,Yes,Yes,DSL,No,No,No,No,No,No,Two year,No,Bank transfer (automatic),56.71, ,Yes
1227-UYSPV,Male,0,Yes,No,6,Yes,No,Fiber optic,Yes,Yes,No,No,No,No,One year,Yes,Bank transfer (automatic),85.99,508.08,No
3703-GYAXR,Male,0,Yes,No,54,Yes,No,DSL,No,Yes,Yes,No,No,No,One year,No,Bank transfer (automatic),56.52,3052.37,No
3371-GCYUN,Male,0,No,Yes,14,Yes,Yes,Fiber optic,Yes,Yes,Yes,No,Yes,Yes,Two year,Yes,Electronic check,119.15,1655.67,No
7408-JKWPP,Female,1,No,No,23,Yes,Yes,DSL,No,No,No,No,Yes,No,One year,Yes,Bank transfer (automatic),66.19,1529.02,No
3649-NIRTF,Male,0,Yes,No,28,Yes,Yes,DSL,No,Yes,Yes,No,No,No,Month-to-month,Yes,Electronic check,71.38,2007.38,Yes
4088-CPTDZ,Male,0,No,No,70,Yes,Yes,DSL,No,Yes,No,Yes,No,Yes,One year,No,Mailed check,79.26,5517.14,No
7513-QSTPX,Female,0,Yes,Yes,33,Yes,Yes,Fiber optic,Yes,No,No,No,No,No,Two year,Yes,Electronic check,89.2,2966.11,No
2403-RDUCV,Male,0,Yes,No,36,Yes,Yes,Fiber optic,No,No,No,No,No,Yes,Month-to-month,No,Mailed check,93.56,3368.74,Yes
1434-IVWXO,Female,1,No,No,41,No,No phone service,DSL,No,No,No,No,No,No,Month-to-month,Yes,Credit card (automatic),43.13,1774.82,No
8471-ZYRMU,Female,0,No,Yes,63,Yes,Yes,DSL,No,Yes,Yes,No,No,No,Month-to-month,No,Mailed check,63.53,3994.73,No
5379-SKERC,Male,0,No,No,18,Yes,No,No,No internet service,No internet service,No internet service,No internet service,No internet service,No internet service,One year,No,Mailed check,24.15,437.74,No
7424-YCLOZ,Female,0,No,Yes,22,Yes,No,No,No internet service,No internet service,No internet service,No internet service,No internet service,No internet service,Two year,No,Bank transfer (automatic),23.23,508.92,No
6742-FLSIR,Male,0,Yes,No,70,Yes,Yes,Fiber optic,No,Yes,Yes,Yes,Yes,No,Month-to-month,Yes,Credit card (automatic),105.41,7381.27,Yes
2697-UEEDY,Female,0,Yes,Yes,5,Yes,Yes,No,No internet service,No internet service,No internet service,No internet service,No internet service,No internet service,Two year,No,Credit card (automatic),33.42,160.70,No
5774-PYBHC,Female,0,No,No,54,Yes,Yes,No,No internet service,No internet service,No internet service,No internet service,No internet service,No internet service,One year,No,Mailed check,30.63,1665.79,No
6847-TAAVH,Male,0,Yes,Yes,38,Yes,Yes,Fiber optic,No,Yes,Yes,No,No,No,Month-to-month,No,Credit card (automatic),96.47,3653.17,Yes
9132-ICKHG,Male,0,No,Yes,24,Yes,No,Fiber optic,Yes,No,No,Yes,No,No,One year,Yes,Bank transfer (automatic),83.14,2004.46,No
0787-ZZQKG,Female,0,Yes,No,3,Yes,No,Fiber optic,No,No,No,No,No,No,Month-to-month,Yes,Electronic check,73.01,221.94,Yes
8417-YWMEH,Female,0,No,Yes,32,Yes,No,Fiber optic,Yes,No,Yes,Yes,Yes,No,One year,Yes,Credit card (automatic),99.18,3171.80,No
5305-XSLGM,Male,0,No,Yes,65,Yes,No,No,No internet service,No internet service,No internet service,No internet service,No internet service,No internet service,Two year,No,Bank transfer (automatic),22.1,1434.39,No
6804-XMSUA,Male,0,No,No,1,Yes,No,Fiber optic,No,No,No,No,No,Yes,Month-to-month,Yes,Bank transfer (automatic),82.68,74.98,Yes
8342-RWEZC,Female,0,No,Yes,13,Yes,No,Fiber optic,No,No,No,Yes,Yes,Yes,Month-to-month,No,Credit card (automatic),97.23,1253.61,Yes
1959-FSYQS,Male,0,Yes,No,49,Yes,Yes,DSL,No,Yes,Yes,No,Yes,No,Month-to-month,Yes,Mailed check,76.41,3745.61,No
0613-TMXKT,Female,1,Yes,No,10,Yes,No,Fiber optic,No,No,No,No,No,No,One year,No,Electronic check,71.56,734.11,No
2924-FGUWT,Male,0,No,No,33,Yes,Yes,DSL,Yes,Yes,Yes,Yes,Yes,No,Month-to-month,Yes,Electronic check,87.94,2883.85,No
4585-JNKQK,Male,0,Yes,Yes,37,Yes,No,Fiber optic,No,No,Yes,Yes,No,No,Month-to-month,No,Bank transfer (automatic),82.34,3049.59,No
6251-NPGAB,Female,0,No,Yes,38,Yes,Yes,Fiber optic,No,Yes,Yes,No,No,Yes,Month-to-month,Yes,Electronic check,103.65,3936.11,Yes
8861-UTRRJ,Male,0,Yes,Yes,21,Yes,Yes,No,No internet service,No internet service,No internet service,No internet service,No internet service,No internet service,Month-to-month,No,Electronic check,30.45,656.18,No
7471-RKKSK,Female,0,No,No,41,Yes,No,Fiber optic,Yes,No,No,Yes,No,Yes,Month-to-month,No,Credit card (automatic),91.15,3721.18,No
9772-AWTCU,Female,0,Yes,Yes,56,No,No phone service,DSL,No,Yes,Yes,Yes,No,No,Month-to-month,No,Mailed check,58.19,3256.74,No
5085-SAYRZ,Female,1,No,No,37,Yes,No,DSL,No,No,No,No,Yes,No,One year,No,Credit card (automatic),59.44,2202.11,No
5525-NRPXM,Female,0,Yes,No,8,Yes,No,Fiber optic,No,Yes,No,Yes,No,Yes,Month-to-month,Yes,Mailed check,92.47,721.53,Yes
0508-MMIFF,Male,0,Yes,No,28,Yes,Yes,Fiber optic,Yes,No,No,No,Yes,No,Month-to-month,No,Bank transfer (automatic),97.45,2749.87,Yes
8484-NNDBB,Male,0,Yes,Yes,68,Yes,No,DSL,No,Yes,Yes,Yes,Yes,No,One year,Yes,Credit card (automatic),72.99,4970.17,No
0920-VKGIN,Female,0,No,No,41,Yes,No,DSL,No,Yes,No,No,No,No,Month-to-month,Yes,Electronic check,53.19,2186.66,No
6337-TQYSQ,Male,1,No,No,59,Yes,No,DSL,No,No,No,Yes,No,Yes,One year,No,Electronic check,66.22,3918.22,No
8994-OYSVK,Male,0,Yes,No,38,No,No phone service,DSL,Yes,No,No,No,Yes,No,Month-to-month,Yes,Electronic check,59.06,2233.50,No
6479-FPLFM,Male,0,Yes,No,71,Yes,No,No,No internet service,No internet service,No internet service,No internet service,No internet service,No internet service,Month-to-month,Yes,Mailed check,21.74,1550.81,No
6716-IMQMP,Male,0,Yes,No,59,Yes,Yes,DSL,Yes,Yes,No,Yes,No,Yes,Month-to-month,Yes,Credit card (automatic),83.49,4922.38,No
0640-POQBZ,Male,0,No,No,52,Yes,No,Fiber optic,No,Yes,No,No,No,No,Month-to-month,Yes,Mailed check,78.35,4059.44,Yes
8285-ZFGZH,Male,0,No,No,7,Yes,Yes,Fiber optic,No,Yes,No,Yes,No,Yes,One year,No,Mailed check,99.85,708.52,No
2755-KCPFK,Female,1,Yes,No,20,Yes,No,DSL,No,No,Yes,Yes,Yes,No,Month-to-month,No,Bank transfer (automatic),63.28,1240.64,No
7699-WCZNS,Male,1,No,Yes,55,Yes,No,DSL,No,No,No,No,No,No,Two year,No,Credit card (automatic),49.45,2724.77,No
4488-ZULNE,Male,1,Yes,No,47,Yes,No,No,No internet service,No internet service,No internet service,No internet service,No internet service,No internet service,One year,Yes,Electronic check,21.1,994.57,No
5755-IQTPZ,Female,0,Yes,No,46,No,No phone service,No,No internet service,No internet service,No internet service,No internet service,No internet service,No internet service,One year,Yes,Bank transfer (automatic),20.31,956.42,No
9182-JKBHT,Female,0,Yes,Yes,8,Yes,No,No,No internet service,No internet service,No internet service,No internet service,No internet service,No internet service,Month-to-month,Yes,Bank transfer (automatic),23.72,178.51,No
1366-ALACB,Female,0,No,No,0,Yes,Yes,DSL,Yes,No,No,No,Yes,No,Month-to-month,No,Electronic check,72.83, ,Yes
2361-WEOPH,Male,0,No,No,54,Yes,No,Fiber optic,Yes,Yes,No,No,Yes,No,Two year,No,Electronic check,92.77,5008.18,No
7497-YGFGW,Female,0,Yes,No,30,Yes,No,DSL,No,No,No,No,Yes,No,Month-to-month,No,Bank transfer (automatic),57.28,1718.38,No
2558-AMGAJ,Female,0,No,No,10,Yes,No,Fiber optic,No,No,No,No,No,No,Month-to-month,Yes,Bank transfer (automatic),70.3,708.45,Yes
3655-UKWIV,Male,1,Yes,No,65,Yes,No,No,No internet service,No internet service,No internet service,No internet service,No internet service,No internet service,Month-to-month,No,Mailed check,22.11,1444.70,No
9686-FSNAZ,Female,0,Yes,No,59,Yes,No,Fiber optic,No,Yes,No,Yes,No,No,Two year,No,Credit card (automatic),80.15,4727.69,No
8629-PYCSM,Male,1,No,No,30,Yes,No,DSL,Yes,No,No,Yes,No,Yes,Month-to-month,Yes,Mailed check,69.76,2096.99,No
6196-WQMZB,Male,0,No,No,49,Yes,Yes,DSL,Yes,No,No,Yes,No,Yes,Two year,Yes,Mailed check,78.93,3873.26,No
4329-NKHWI,Male,0,Yes,Yes,59,Yes,Yes,DSL,No,No,Yes,No,No,No,Two year,No,Mailed check,62.59,3700.82,No
2908-PILAP,Male,1,No,No,61,No,No phone service,DSL,Yes,Yes,No,No,No,No,Month-to-month,Yes,Electronic check,53.63,3274.29,No
7905-ISVPS,Male,0,No,No,38,Yes,Yes,No,No internet service,No internet service,No internet service,No internet service,No internet service,No internet service,Two year,Yes,Electronic check,35.07,1329.66,No
4693-TWEAK,Male,1,Yes,Yes,2,Yes,Yes,Fiber optic,No,Yes,No,No,No,No,Month-to-month,Yes,Bank transfer (automatic),83.64,191.52,Yes
9158-WDLOM,Male,0,Yes,No,57,Yes,No,No,No internet service,No internet service,No internet service,No internet service,No internet service,No internet service,Two year,No,Mailed check,22.59,1281.29,No
1341-QPDKM,Male,1,Yes,No,67,Yes,No,Fiber optic,No,No,No,Yes,No,No,Month-to-month,Yes,Electronic check,77.51,5185.60,Yes
5008-URKNB,Female,0,No,Yes,29,Yes,Yes,Fiber optic,Yes,No,No,No,Yes,No,Two year,No,Mailed check,98.01,2842.57,No
3135-GVTZC,Female,0,No,Yes,66,Yes,No,Fiber optic,No,No,No,No,No,Yes,One year,Yes,Electronic check,81.82,5397.17,No
3432-ASUMN,Male,0,Yes,No,67,Yes,Yes,DSL,Yes,No,No,No,Yes,Yes,Month-to-month,Yes,Mailed check,84.26,5671.69,No
5309-GMYMV,Male,1,Yes,Yes,57,Yes,Yes,Fiber optic,No,No,No,No,No,Yes,One year,No,Bank transfer (automatic),94.84,5395.93,No
5834-ULPEX,Male,0,No,No,52,Yes,Yes,Fiber optic,No,Yes,Yes,No,No,No,Month-to-month,No,Credit card (automatic),92.67,4813.72,Yes
0992-XOKIB,Male,0,No,No,13,Yes,No,DSL,Yes,No,No,Yes,No,Yes,Two year,Yes,Bank transfer (automatic),70.03,911.28,No
3740-PFNYY,Male,0,No,No,9,Yes,Yes,No,No internet service,No internet service,No internet service,No internet service,No internet service,No internet service,Month-to-month,No,Mailed check,33.9,320.16,No
0306-SBNHY,Female,0,Yes,Yes,21,Yes,No,DSL,No,No,Yes,Yes,Yes,Yes,One year,No,Mailed check,77.46,1614.88,No
6595-IEERV,Female,0,No,No,62,No,No phone service,Fiber optic,Yes,No,No,No,No,Yes,Two year,Yes,Credit card (automatic),83.33,5176.72,No
5536-OYQCJ,Male,0,Yes,No,60,Yes,No,Fiber optic,No,Yes,No,No,Yes,No,Month-to-month,No,Electronic check,87.31,5247.72,Yes
8457-IXCZA,Female,0,No,No,45,Yes,Yes,Fiber optic,No,Yes,Yes,No,Yes,No,Month-to-month,Yes,Bank transfer (automatic),104.04,4685.94,Yes
4610-TCDQR,Female,1,No,No,36,Yes,No,DSL,Yes,No,No,No,Yes,No,One year,Yes,Bank transfer (automatic),65.06,2334.94,No
0230-VBJLM,Male,0,No,No,20,Yes,Yes,Fiber optic,No,No,No,No,No,No,One year,Yes,Mailed check,84.69,1686.55,No
4734-YBLBF,Male,0,Yes,Yes,2,Yes,No,No,No internet service,No internet service,No internet service,No internet service,No internet service,No internet service,One year,No,Electronic check,23.58,44.98,No
5280-LCXHP,Male,0,No,No,18,Yes,No,No,No internet service,No internet service,No internet service,No internet service,No internet service,No internet service,Month-to-month,No,Electronic check,25.49,463.08,No
3797-ACAOR,Female,1,No,No,31,Yes,Yes,No,No internet service,No internet service,No internet service,No internet service,No internet service,No internet service,One year,Yes,Mailed check,32.71,1023.85,No
3254-UJGWY,Male,1,No,No,23,Yes,Yes,Fiber optic,Yes,No,Yes,Yes,No,Yes,Two year,No,Electronic check,109.53,2515.40,No
7210-PZVMD,Male,0,No,No,72,Yes,Yes,Fiber optic,Yes,No,No,No,No,No,Month-to-month,Yes,Mailed check,86.12,6189.50,Yes
2113-QFJKE,Male,0,Yes,No,47,Yes,Yes,Fiber optic,No,No,Yes,Yes,Yes,No,Month-to-month,Yes,Bank transfer (automatic),104.17,4888.23,Yes
9818-YJIPJ,Female,0,Yes,No,57,Yes,No,DSL,Yes,Yes,No,Yes,Yes,No,One year,Yes,Bank transfer (automatic),74.12,4221.80,No
9347-NHAPZ,Female,0,Yes,Yes,39,Yes,Yes,DSL,No,No,No,Yes,No,Yes,Two year,No,Bank transfer (automatic),72.43,2830.71,No
0956-RBUIE,Male,0,No,No,6,Yes,No,Fiber optic,No,No,No,No,Yes,No,One year,Yes,Credit card (automatic),83.98,496.03,No
7747-OHEET,Male,0,Yes,No,45,Yes,No,Fiber optic,No,No,Yes,No,Yes,Yes,Two year,Yes,Electronic check,97.94,4397.29,No
0810-VUKOA,Female,0,Yes,No,14,Yes,Yes,Fiber optic,No,Yes,Yes,No,No,Yes,One year,No,Electronic check,106.5,1488.92,Yes
6627-OFTZZ,Female,0,No,No,4,Yes,No,Fiber optic,No,No,No,Yes,No,Yes,Month-to-month,Yes,Electronic check,88.51,356.56,Yes
9201-RKEDB,Male,0,No,No,58,Yes,No,Fiber optic,No,No,Yes,No,No,No,Two year,Yes,Bank transfer (automatic),72.59,4214.32,No
8677-BOESJ,Male,0,Yes,Yes,69,No,No phone service,DSL,No,No,No,Yes,No,No,Month-to-month,No,Mailed check,45.55,3139.12,No
8853-HESMN,Female,0,No,Yes,21,No,No phone service,No,No internet service,No internet service,No internet service,No internet service,No internet service,No internet service,Two year,Yes,Electronic check,18.25,383.36,No
7540-SWSQX,Female,0,No,No,27,Yes,No,Fiber optic,No,Yes,No,No,Yes,No,Month-to-month,No,Bank transfer (automatic),84.98,2281.48,Yes
6494-VGPCL,Female,0,No,Yes,53,Yes,No,No,No internet service,No internet service,No internet service,No internet service,No internet service,No internet service,One year,Yes,Credit card (automatic),22.68,1199.10,No
3069-RWVDP,Female,0,No,Yes,18,Yes,Yes,Fiber optic,Yes,Yes,Yes,No,Yes,No,Month-to-month,Yes,Electronic check,109.7,1974.50,Yes
1664-YCYER,Female,0,Yes,No,13,Yes,Yes,DSL,No,Yes,Yes,No,Yes,No,Month-to-month,No,Bank transfer (automatic),79.69,1052.03,No
8006-CXWMP,Male,0,No,No,47,Yes,No,Fiber optic,No,No,No,No,Yes,No,Month-to-month,Yes,Mailed check,84.47,3980.22,Yes
6001-RUYWR,Male,0,No,No,6,Yes,Yes,Fiber optic,No,Yes,No,Yes,No,No,One year,No,Credit card (automatic),89.37,539.73,No
4478-XNMRD,Male,0,Yes,No,31,Yes,Yes,DSL,No,No,No,No,Yes,No,Month-to-month,Yes,Bank transfer (automatic),69.7,2147.22,No
1536-MBIEA,Female,0,No,No,21,No,No phone service,Fiber optic,No,No,No,No,Yes,No,Month-to-month,No,Mailed check,78.47,1652.23,Yes
2325-MFJKW,Male,0,No,Yes,45,Yes,No,No,No internet service,No internet service,No internet service,No internet service,No internet service,No internet service,Month-to-month,No,Credit card (automatic),27.72,1240.95,No
8986-ASEZF,Male,0,Yes,No,12,Yes,Yes,DSL,No,No,No,No,Yes,No,Two year,Yes,Mailed check,66.95,779.55,No
5458-MAAYN,Male,0,Yes,No,21,Yes,Yes,DSL,No,No,Yes,No,No,No,Two year,Yes,Bank transfer (automatic),64.49,1363.85,No
7869-FIROD,Male,0,Yes,No,9,Yes,Yes,Fiber optic,No,No,Yes,Yes,No,No,Two year,Yes,Bank transfer (automatic),91.82,832.80,No
1506-WWTOX,Female,0,Yes,No,43,Yes,Yes,No,No internet service,No internet service,No internet service,No internet service,No internet service,No internet service,Month-to-month,Yes,Credit card (automatic),31.67,1354.22,No
4149-YZQRP,Male,0,Yes,No,23,Yes,No,Fiber optic,No,No,No,Yes,No,No,Month-to-month,Yes,Electronic check,79.48,1833.22,Yes
9748-VMPHL,Female,0,Yes,Yes,58,Yes,Yes,Fiber optic,No,No,Yes,Yes,Yes,Yes,Month-to-month,Yes,Mailed check,109.99,6379.58,Yes
0882-QXHLI,Male,0,No,Yes,61,Yes,No,DSL,No,Yes,Yes,No,Yes,No,Two year,Yes,Mailed check,65.91,4015.29,No
5898-DKUVF,Female,0,No,Yes,71,Yes,Yes,DSL,Yes,Yes,No,Yes,No,Yes,One year,No,Credit card (automatic),83.37,5924.64,No
9138-OWIFK,Male,0,Yes,No,71,Yes,Yes,No,No internet service,No internet service,No internet service,No internet service,No internet service,No internet service,Month-to-month,Yes,Electronic check,31.99,2282.96,No
6838-SLKHC,Male,0,No,Yes,54,Yes,No,No,No internet service,No internet service,No internet service,No internet service,No internet service,No internet service,Month-to-month,No,Electronic check,23.49,1263.93,No
2289-CFKTN,Female,0,No,No,48,Yes,No,No,No internet service,No internet service,No internet service,No internet service,No internet service,No internet service,One year,No,Credit card (automatic),23.34,1111.72,No
1249-TEMLA,Female,1,Yes,No,49,Yes,Yes,Fiber optic,No,No,No,No,No,No,Two year,Yes,Mailed check,82.51,4054.95,No
3921-PGJYP,Female,0,No,No,18,Yes,Yes,Fiber optic,Yes,No,Yes,No,No,No,One year,No,Bank transfer (automatic),88.87,1615.88,No
0604-ACPXO,Female,0,No,No,57,Yes,Yes,No,No internet service,No internet service,No internet service,No internet service,No internet service,No internet service,Month-to-month,Yes,Mailed check,33.32,1916.47,No
3007-OXTTJ,Male,0,No,No,47,Yes,Yes,No,No internet service,No internet service,No internet service,No internet service,No internet service,No internet service,One year,Yes,Credit card (automatic),34.69,1639.22,No
1157-GWSLR,Male,0,Yes,No,71,No,No phone service,Fiber optic,No,No,No,No,No,No,Month-to-month,No,Electronic check,68.93,4884.00,Yes
9630-QDUEA,Female,0,Yes,No,11,Yes,No,Fiber optic,No,No,No,No,No,No,Month-to-month,No,Electronic check,69.37,749.68,Yes
2596-KAHDY,Male,0,Yes,No,19,Yes,Yes,Fiber optic,No,No,Yes,No,No,No,Month-to-month,Yes,Mailed check,86.75,1660.71,Yes
5012-RZGQY,Male,0,Yes,No,44,Yes,Yes,DSL,No,No,Yes,No,No,Yes,Month-to-month,Yes,Credit card (automatic),74.69,3290.64,No
1372-YGOJL,Male,0,Yes,No,25,Yes,No,Fiber optic,No,Yes,No,No,No,Yes,Two year,Yes,Bank transfer (automatic),90.71,2274.29,No
2244-ZEMYI,Female,0,Yes,No,30,Yes,Yes,DSL,Yes,No,No,Yes,Yes,No,Month-to-month,No,Bank transfer (automatic),77.99,2325.21,No
5697-IFXRJ,Male,1,Yes,No,58,Yes,Yes,DSL,No,Yes,No,Yes,Yes,No,Month-to-month,No,Credit card (automatic),74.61,4333.02,No
7171-CWYCU,Male,0,No,No,2,Yes,No,Fiber optic,Yes,No,Yes,No,No,Yes,Two year,Yes,Electronic check,91.46,192.69,Yes
8614-UIRAD,Female,1,No,Yes,17,Yes,Yes,No,No internet service,No internet service,No internet service,No internet service,No internet service,No internet service,One year,Yes,Bank transfer (automatic),31.4,520.28,No
3096-BOMIG,Female,0,Yes,No,20,Yes,No,Fiber optic,Yes,Yes,No,No,Yes,No,Month-to-month,Yes,Electronic check,93.25,1871.72,Yes
6089-PIPBJ,Male,0,No,No,56,Yes,Yes,Fiber optic,No,No,No,Yes,No,No,Month-to-month,No,Credit card (automatic),87.99,4919.55,No
8117-COCWJ,Male,0,No,No,41,Yes,Yes,Fiber optic,No,No,No,No,No,Yes,Month-to-month,No,Bank transfer (automatic),92.0,3766.20,Yes
5658-RHFON,Female,1,Yes,No,61,Yes,Yes,Fiber optic,Yes,No,No,Yes,No,No,Month-to-month,No,Electronic check,89.09,5437.00,Yes
3559-SHEJK,Male,0,No,No,29,Yes,No,Fiber optic,No,No,Yes,Yes,No,No,Month-to-month,No,Credit card (automatic),80.79,2349.01,No
3190-OWZCC,Female,0,No,Yes,60,No,No phone service,No,No internet service,No internet service,No internet service,No internet service,No internet service,No internet service,One year,No,Mailed check,18.67,1114.28,No
2921-FNZCA,Male,0,Yes,No,35,Yes,Yes,DSL,No,No,Yes,Yes,No,No,Month-to-month,Yes,Electronic check,67.32,2376.66,No
9855-ZYBJY,Female,0,Yes,No,54,Yes,No,DSL,No,No,Yes,No,No,No,Month-to-month,Yes,Electronic check,52.4,2838.76,No
2220-ZOWZM,Female,0,Yes,Yes,3,Yes,Yes,Fiber optic,No,No,No,No,No,No,Month-to-month,Yes,Credit card (automatic),80.49,245.97,Yes
6153-KWPNW,Male,0,Yes,No,14,No,No phone service,Fiber optic,No,Yes,Yes,No,Yes,No,Month-to-month,No,Mailed check,90.52,1261.18,Yes
3268-DFWJC,Female,0,No,Yes,70,Yes,Yes,Fiber optic,No,No,Yes,No,No,Yes,One year,Yes,Bank transfer (automatic),93.04,6523.34,No
4054-WOYKT,Male,0,No,No,56,Yes,No,Fiber optic,No,No,Yes,No,No,No,One year,Yes,Mailed check,81.13,4526.78,No
8541-QXLLV,Male,0,Yes,Yes,62,Yes,No,Fiber optic,No,No,No,No,Yes,Yes,Month-to-month,Yes,Electronic check,93.86,5807.31,Yes
6596-INUQQ,Male,0,No,No,63,Yes,Yes,No,No internet service,No internet service,No internet service,No internet service,No internet service,No internet service,Two year,No,Bank transfer (automatic),31.82,2000.87,No
8412-QFLFC,Male,0,Yes,No,16,Yes,No,Fiber optic,No,Yes,No,Yes,No,No,Month-to-month,Yes,Credit card (automatic),82.29,1313.68,Yes
2604-CENDV,Male,0,Yes,Yes,52,Yes,No,Fiber optic,No,No,No,No,No,No,One year,Yes,Mailed check,72.57,3763.58,No
8197-MBTYT,Female,1,Yes,No,39,Yes,Yes,Fiber optic,No,No,Yes,Yes,Yes,No,Two year,Yes,Electronic check,104.15,4071.64,No
6417-ZJBCZ,Male,0,Yes,No,69,Yes,Yes,Fiber optic,Yes,No,Yes,No,No,Yes,Month-to-month,No,Electronic check,102.68,7073.02,Yes
6492-PLBKV,Male,0,Yes,No,49,Yes,Yes,DSL,No,Yes,No,No,No,No,Month-to-month,No,Electronic check,65.71,3236.06,Yes
9074-UNRGE,Male,0,No,No,67,Yes,Yes,No,No internet service,No internet service,No internet service,No internet service,No internet service,No internet service,One year,No,Credit card (automatic),30.53,2050.60,No
7484-MSBEZ,Female,0,Yes,No,14,No,No phone service,DSL,No,Yes,Yes,Yes,No,Yes,Month-to-month,Yes,Credit card (automatic),69.45,972.69,No
9451-EOASC,Female,1,No,Yes,71,Yes,No,DSL,No,Yes,No,No,No,Yes,Month-to-month,Yes,Electronic check,64.74,4596.88,Yes
2270-FVQPM,Female,0,Yes,No,33,Yes,Yes,DSL,No,No,No,Yes,Yes,No,Two year,No,Electronic check,70.93,2330.29,No
0275-TUZCO,Female,0,No,No,29,Yes,Yes,Fiber optic,No,Yes,Yes,No,No,No,Two year,No,Electronic check,93.44,2725.59,No
5558-NZKXF,Male,1,No,Yes,72,Yes,No,Fiber optic,No,No,No,No,Yes,Yes,Month-to-month,No,Mailed check,93.04,6675.91,Yes
1358-KBFZZ,Male,0,Yes,No,23,Yes,No,DSL,No,No,No,No,No,No,Month-to-month,No,Credit card (automatic),48.96,1125.03,No
9678-EIYKG,Female,0,No,No,7,Yes,No,Fiber optic,Yes,No,No,No,No,No,Month-to-month,Yes,Mailed check,78.37,547.29,Yes
1747-BNGED,Female,1,No,No,56,Yes,Yes,DSL,No,Yes,No,No,Yes,No,Month-to-month,No,Mailed check,72.76,4077.82,No
9545-IAPQM,Female,1,Yes,No,69,Yes,Yes,DSL,Yes,No,No,No,No,No,Month-to-month,Yes,Electronic check,62.59,4322.18,No
5176-VDIWG,Female,1,Yes,No,24,Yes,No,Fiber optic,No,No,No,Yes,No,Yes,Two year,Yes,Bank transfer (automatic),87.74,2088.99,No
4017-KERLU,Male,0,No,No,33,Yes,No,Fiber optic,No,No,Yes,Yes,No,No,Two year,No,Bank transfer (automatic),81.5,2686.04,No
7324-GBQMK,Female,1,Yes,Yes,24,Yes,No,DSL,No,No,No,No,Yes,Yes,Month-to-month,No,Electronic check,66.64,1593.39,Yes
4677-JYKAG,Male,0,Yes,No,17,No,No phone service,Fiber optic,No,Yes,Yes,Yes,Yes,Yes,Month-to-month,No,Electronic check,102.52,1754.54,Yes
9759-NTGCB,Male,0,No,No,72,Yes,Yes,Fiber optic,No,Yes,Yes,Yes,No,No,Two year,Yes,Electronic check,99.4,7154.00,No
5159-CNRMH,Female,0,No,No,69,Yes,Yes,Fiber optic,Yes,No,No,No,No,Yes,One year,Yes,Credit card (automatic),96.29,6645.34,No
3367-LIJHT,Male,0,Yes,No,13,No,No phone service,Fiber optic,No,Yes,Yes,Yes,Yes,No,Month-to-month,No,Bank transfer (automatic),94.21,1231.99,Yes
1946-RTVXJ,Male,0,No,No,5,Yes,No,Fiber optic,Yes,No,No,No,Yes,No,Month-to-month,Yes,Bank transfer (automatic),83.96,400.90,Yes
5553-MSQBR,Female,0,No,No,35,Yes,No,No,No internet service,No internet service,No internet service,No internet service,No internet service,No internet service,Month-to-month,No,Mailed check,21.49,731.26,No
9657-IUKCT,Male,0,Yes,No,35,Yes,No,No,No internet service,No internet service,No internet service,No internet service,No internet service,No internet service,Month-to-month,Yes,Mailed check,23.9,835.15,No
7216-NTHQH,Female,0,No,No,17,No,No phone service,DSL,No,No,No,No,No,No,Two year,No,Electronic check,45.81,783.33,No
4105-NIIIT,Female,1,Yes,Yes,14,Yes,No,DSL,Yes,Yes,Yes,No,No,No,Month-to-month,No,Electronic check,64.08,900.12,No
5954-RGMAF,Female,0,No,No,15,Yes,Yes,Fiber optic,No,No,Yes,No,Yes,No,Month-to-month,No,Credit card (automatic),96.82,1441.06,Yes
4478-GJHBR,Male,0,Yes,Yes,13,Yes,Yes,Fiber optic,Yes,No,No,No,No,No,Month-to-month,Yes,Mailed check,90.41,1178.66,Yes
7578-YVXRX,Male,0,Yes,No,46,Yes,Yes,DSL,No,No,No,No,Yes,Yes,One year,Yes,Mailed check,78.58,3608.59,No
2060-NAADL,Female,0,No,No,53,Yes,Yes,Fiber optic,No,No,No,No,No,No,Month-to-month,Yes,Mailed check,82.6,4373.83,Yes
3959-LCOPJ,Female,0,No,No,57,Yes,No,Fiber optic,No,Yes,No,No,No,No,Month-to-month,Yes,Mailed check,77.55,4433.44,Yes
5605-JQWJU,Male,0,Yes,No,29,Yes,Yes,Fiber optic,No,No,Yes,No,Yes,No,Month-to-month,No,Electronic check,98.8,2872.91,Yes
9308-OGBDT,Male,0,No,No,45,Yes,Yes,No,No internet service,No internet service,No internet service,No internet service,No internet service,No internet service,Month-to-month,Yes,Electronic check,33.88,1534.65,No
7149-HVTEB,Female,0,No,Yes,15,Yes,Yes,Fiber optic,No,No,No,Yes,No,Yes,Month-to-month,Yes,Bank transfer (automatic),95.62,1425.41,Yes
4226-SDWNS,Male,0,No,No,0,Yes,Yes,No,No internet service,No internet service,No internet service,No internet service,No internet service,No internet service,Two year,Yes,Electronic check,32.29, ,Yes
9919-GOUAL,Male,0,No,No,40,Yes,Yes,Fiber optic,Yes,No,No,Yes,No,No,Month-to-month,Yes,Bank transfer (automatic),92.62,3722.33,No
9726-FZMFM,Male,0,No,No,26,Yes,Yes,No,No internet service,No internet service,No internet service,No internet service,No internet service,No internet service,One year,Yes,Electronic check,31.76,823.52,No
7332-QZCOQ,Male,0,No,No,61,Yes,Yes,DSL,No,No,No,No,Yes,No,Month-to-month,Yes,Credit card (automatic),70.53,4309.04,No
5723-UWLVB,Male,0,No,Yes,27,Yes,No,No,No internet service,No internet service,No internet service,No internet service,No internet service,No internet service,Month-to-month,No,Mailed check,24.23,669.31,No
6705-IGEJJ,Female,0,No,No,19,Yes,Yes,Fiber optic,Yes,No,No,Yes,No,No,Month-to-month,Yes,Electronic check,90.83,1716.71,Yes
8168-RMKJV,Female,0,No,No,54,Yes,No,Fiber optic,Yes,No,Yes,No,No,No,Month-to-month,No,Bank transfer (automatic),85.79,4624.30,Yes
8274-PWCHB,Female,1,No,No,50,Yes,Yes,Fiber optic,No,Yes,No,Yes,No,No,Month-to-month,No,Mailed check,94.52,4737.11,Yes
7161-GQFJG,Female,1,No,Yes,68,Yes,Yes,DSL,Yes,No,No,Yes,No,No,One year,Yes,Electronic check,66.47,4525.21,No
3053-STVUR,Female,0,Yes,No,72,Yes,Yes,Fiber optic,Yes,No,No,Yes,No,No,One year,Yes,Bank transfer (automatic),91.06,6561.07,No
1250-WXWKS,Female,0,Yes,No,33,Yes,Yes,Fiber optic,No,Yes,Yes,Yes,Yes,No,Month-to-month,Yes,Bank transfer (automatic),107.62,3551.05,Yes
5342-UFHVI,Male,0,No,Yes,26,Yes,No,No,No internet service,No internet service,No internet service,No internet service,No internet service,No internet service,Month-to-month,Yes,Bank transfer (automatic),20.09,516.25,No
9999-DRLYK,Male,0,No,Yes,37,Yes,No,DSL,No,No,No,No,Yes,No,Two year,No,Electronic check,60.27,2217.80,No
2630-XMDFG,Female,0,No,Yes,28,Yes,Yes,Fiber optic,No,Yes,No,No,Yes,Yes,Two year,No,Electronic check,106.91,3001.28,No
7918-JSAPR,Male,1,No,Yes,34,Yes,No,Fiber optic,No,No,No,No,No,No,Month-to-month,No,Bank transfer (automatic),74.34,2517.38,Yes
7950-YGZCG,Female,0,Yes,No,19,Yes,Yes,Fiber optic,No,No,No,Yes,No,No,Two year,No,Electronic check,87.75,1672.36,No
5270-EXSMZ,Female,0,Yes,No,18,Yes,No,No,No internet service,No internet service,No internet service,No internet service,No internet service,No internet service,Month-to-month,Yes,Electronic check,22.02,396.64,No
5918-BUSZL,Female,0,No,No,4,Yes,Yes,Fiber optic,No,No,Yes,No,No,No,Month-to-month,No,Electronic check,88.64,352.86,Yes
8869-EIWRJ,Male,0,Yes,Yes,24,Yes,Yes,DSL,No,No,No,No,No,No,One year,Yes,Electronic check,58.28,1397.90,No
0993-JXVRE,Male,0,No,Yes,25,Yes,Yes,Fiber optic,Yes,Yes,No,No,No,No,One year,Yes,Mailed check,92.42,2303.14,No
8556-PKUOS,Male,0,No,No,50,Yes,Yes,DSL,No,No,No,Yes,No,No,Month-to-month,No,Bank transfer (automatic),62.67,3139.44,No
2434-IEDMT,Male,0,No,No,65,Yes,Yes,Fiber optic,No,Yes,Yes,Yes,Yes,No,Month-to-month,Yes,Bank transfer (automatic),109.58,7121.83,Yes
0933-YTGAP,Female,0,Yes,No,60,Yes,No,Fiber optic,No,No,Yes,Yes,No,No,Month-to-month,Yes,Electronic check,81.3,4878.02,Yes
6170-ZCHZH,Male,0,Yes,Yes,14,Yes,Yes,Fiber optic,No,No,No,No,Yes,No,One year,No,Credit card (automatic),96.78,1344.41,No
4479-UIQES,Male,1,Yes,No,44,Yes,Yes,No,No internet service,No internet service,No internet service,No internet service,No internet service,No internet service,Two year,Yes,Electronic check,33.33,1463.87,No
2126-OHXHA,Male,0,No,No,5,Yes,No,No,No internet service,No internet service,No internet service,No internet service,No internet service,No internet service,Month-to-month,No,Credit card (automatic),23.01,116.97,No
6193-UANTT,Female,1,Yes,No,57,Yes,Yes,DSL,No,No,No,No,No,No,Month-to-month,No,Electronic check,58.77,3353.71,Yes
8890-XTDER,Female,0,No,No,0,Yes,Yes,DSL,No,Yes,Yes,No,No,Yes,Two year,Yes,Electronic check,77.53, ,Yes
0469-IMRLH,Male,0,Yes,Yes,72,Yes,No,No,No internet service,No internet service,No internet service,No internet service,No internet service,No internet service,Two year,Yes,Credit card (automatic),21.13,1522.54,No
6146-OCRFZ,Male,0,No,No,42,Yes,Yes,Fiber optic,Yes,No,Yes,No,Yes,No,Month-to-month,Yes,Bank transfer (automatic),103.88,4362.74,Yes
5304-QKXBY,Male,0,No,Yes,15,Yes,No,DSL,No,Yes,Yes,Yes,Yes,No,Two year,Yes,Mailed check,73.01,1091.81,No
8258-GDCBJ,Female,0,Yes,No,13,Yes,Yes,Fiber optic,Yes,No,No,Yes,No,Yes,Month-to-month,No,Electronic check,104.38,1353.98,Yes
9090-LTTYJ,Male,0,No,No,18,Yes,No,DSL,No,No,Yes,No,Yes,No,Two year,Yes,Electronic check,63.08,1138.75,No
0328-MUOYJ,Female,0,Yes,Yes,50,Yes,Yes,Fiber optic,Yes,Yes,Yes,Yes,Yes,Yes,Month-to-month,No,Bank transfer (automatic),121.64,6093.45,No
5803-DZJVZ,Female,1,No,Yes,7,Yes,Yes,No,No internet service,No internet service,No internet service,No internet service,No internet service,No internet service,Two year,No,Credit card (automatic),32.4,246.86,No
0942-AFSDL,Male,0,Yes,Yes,47,Yes,No,DSL,Yes,No,No,No,Yes,Yes,Month-to-month,Yes,Credit card (automatic),74.55,3514.99,No
8109-FLOQA,Female,0,No,No,11,Yes,No,Fiber optic,No,No,No,No,No,Yes,Two year,Yes,Mailed check,82.38,915.38,No
6133-BVZNR,Male,0,Yes,Yes,69,Yes,Yes,Fiber optic,No,Yes,No,Yes,Yes,No,Month-to-month,No,Electronic check,105.22,7274.20,Yes
7306-FVSJW,Male,0,No,Yes,34,No,No phone service,No,No internet service,No internet service,No internet service,No internet service,No internet service,No internet service,Month-to-month,No,Electronic check,18.25,625.57,No
5998-SCTCT,Male,1,Yes,No,69,Yes,Yes,Fiber optic,No,No,No,No,No,Yes,Month-to-month,Yes,Electronic check,92.84,6410.55,Yes
5019-FMFLN,Male,0,No,No,5,No,No phone service,DSL,No,No,Yes,Yes,No,No,Two year,Yes,Credit card (automatic),55.84,275.87,No
0587-ZEDFK,Female,0,Yes,No,10,Yes,No,DSL,Yes,Yes,Yes,Yes,No,No,Month-to-month,Yes,Bank transfer (automatic),68.68,685.57,No
4592-WHUET,Male,0,Yes,Yes,37,Yes,No,DSL,No,No,Yes,No,No,Yes,One year,Yes,Credit card (automatic),65.8,2436.46,No
9497-UIOAW,Male,0,No,No,25,Yes,Yes,DSL,No,No,No,No,No,No,Two year,Yes,Electronic check,60.24,1503.65,No
4329-WBERW,Female,0,No,No,27,No,No phone service,DSL,Yes,No,No,No,No,Yes,Month-to-month,Yes,Electronic check,52.88,1419.48,No
5968-MRYGB,Female,0,No,No,71,Yes,Yes,DSL,Yes,No,No,No,No,No,Month-to-month,Yes,Bank transfer (automatic),61.63,4375.53,No
9131-QFJNO,Male,0,Yes,No,49,Yes,No,DSL,Yes,No,Yes,Yes,Yes,Yes,Month-to-month,Yes,Bank transfer (automatic),86.69,4245.78,No
4208-HVFLT,Female,1,No,Yes,57,Yes,Yes,Fiber optic,No,Yes,No,No,No,No,Month-to-month,Yes,Mailed check,86.64,4928.17,Yes
1316-IRIYH,Male,0,No,Yes,25,Yes,Yes,DSL,Yes,No,No,No,No,No,Month-to-month,Yes,Bank transfer (automatic),63.86,1610.64,No
0493-WMOXZ,Male,0,Yes,Yes,43,Yes,No,No,No internet service,No internet service,No internet service,No internet service,No internet service,No internet service,Two year,Yes,Bank transfer (automatic),25.11,1071.19,No
7129-OJWDF,Male,1,No,Yes,14,Yes,Yes,Fiber optic,No,Yes,Yes,No,No,No,Two year,Yes,Bank transfer (automatic),95.88,1346.32,No
7761-RSDAE,Female,1,No,No,23,Yes,No,DSL,No,No,No,Yes,No,No,Month-to-month,Yes,Electronic check,52.18,1202.75,No
6946-UKJXG,Male,0,No,Yes,58,Yes,No,DSL,No,No,Yes,Yes,No,No,One year,Yes,Bank transfer (automatic),59.53,3441.59,No
0041-IBLYJ,Female,0,No,No,56,Yes,No,No,No internet service,No internet service,No internet service,No internet service,No internet service,No internet service,Month-to-month,No,Mailed check,24.81,1392.17,No
1325-DYIMJ,Female,0,No,Yes,16,Yes,No,DSL,No,No,Yes,No,No,No,One year,Yes,Bank transfer (automatic),50.71,815.32,No
8223-PINVP,Male,0,No,No,0,No,No phone service,DSL,No,No,No,No,Yes,No,Month-to-month,No,Mailed check,55.01, ,Yes
8764-MOYDN,Male,0,No,No,10,Yes,Yes,DSL,No,No,No,No,Yes,Yes,Month-to-month,Yes,Bank transfer (automatic),79.98,798.95,No
3736-DQZID,Male,0,Yes,No,19,No,No phone service,Fiber optic,Yes,No,Yes,Yes,No,Yes,Month-to-month,Yes,Mailed check,93.23,1770.75,No
2287-ZGGDS,Female,0,No,Yes,30,Yes,Yes,Fiber optic,No,No,Yes,Yes,No,No,One year,Yes,Credit card (automatic),94.65,2833.66,No
3533-BOWFR,Female,0,No,No,38,Yes,No,DSL,No,Yes,Yes,No,No,No,Month-to-month,Yes,Electronic check,60.41,2321.67,Yes
4543-KKICK,Male,0,Yes,No,62,Yes,No,Fiber optic,No,No,No,No,No,Yes,Month-to-month,No,Electronic check,81.82,5072.17,Yes
1878-JKCQK,Female,0,No,No,5,Yes,Yes,DSL,No,Yes,No,No,Yes,No,Month-to-month,No,Electronic check,75.54,382.27,Yes
0231-XNOCT,Female,0,No,No,27,Yes,No,DSL,No,Yes,No,Yes,Yes,No,Month-to-month,Yes,Bank transfer (automatic),72.08,1942.74,No
5951-VTUGW,Female,0,No,Yes,50,Yes,No,DSL,No,Yes,No,No,Yes,Yes,Two year,Yes,Electronic check,77.81,3880.39,No
5955-DCACS,Male,0,No,No,52,Yes,Yes,DSL,No,No,No,Yes,Yes,No,Month-to-month,Yes,Electronic check,72.85,3787.81,No
8277-SZZMV,Male,0,Yes,No,43,Yes,Yes,Fiber optic,No,No,No,No,No,Yes,One year,Yes,Electronic check,95.39,4095.46,No
7799-IIXWZ,Female,0,No,No,64,Yes,No,No,No internet service,No internet service,No internet service,No internet service,No internet service,No internet service,Two year,Yes,Electronic check,22.91,1474.14,No
2631-XBALP,Female,0,Yes,No,11,Yes,Yes,Fiber optic,Yes,Yes,No,Yes,No,Yes,Month-to-month,No,Credit card (automatic),105.68,1160.19,No
4984-RZDHW,Male,0,No,No,27,Yes,No,Fiber optic,No,No,Yes,No,No,Yes,One year,Yes,Mailed check,87.92,2374.68,No
4346-UHGWY,Female,0,Yes,No,71,Yes,No,DSL,No,Yes,No,No,No,Yes,Month-to-month,Yes,Bank transfer (automatic),63.78,4509.37,No
7756-XEZRW,Female,0,No,No,67,Yes,Yes,Fiber optic,No,No,Yes,No,Yes,No,Month-to-month,Yes,Bank transfer (automatic),97.53,6540.07,Yes
9297-FKPDB,Male,0,Yes,Yes,29,Yes,No,Fiber optic,No,Yes,No,Yes,Yes,No,Month-to-month,No,Mailed check,91.12,2651.54,Yes
6069-MJGJP,Male,0,Yes,No,34,Yes,Yes,Fiber optic,No,No,No,Yes,Yes,Yes,Month-to-month,No,Credit card (automatic),109.09,3708.27,Yes
2333-PIFJY,Male,1,No,No,5,Yes,No,No,No internet service,No internet service,No internet service,No internet service,No internet service,No internet service,Two year,No,Bank transfer (automatic),27.6,146.97,No
3698-ZSSVX,Female,0,No,No,29,Yes,Yes,No,No internet service,No internet service,No internet service,No internet service,No internet service,No internet service,Month-to-month,Yes,Electronic check,32.48,949.60,No
0375-NPBHM,Male,1,Yes,No,62,Yes,No,DSL,No,No,No,No,No,Yes,Two year,Yes,Credit card (automatic),58.57,3639.38,No
0069-CLHPY,Female,1,Yes,No,7,Yes,No,Fiber optic,Yes,No,No,No,No,No,Month-to-month,Yes,Electronic check,78.03,546.52,Yes
7005-AXOMF,Male,1,No,No,32,Yes,No,DSL,Yes,Yes,Yes,Yes,No,Yes,Two year,No,Mailed check,79.57,2540.68,No
4530-WJYDM,Male,0,No,Yes,42,Yes,Yes,Fiber optic,Yes,Yes,No,Yes,No,Yes,Month-to-month,Yes,Credit card (automatic),108.05,4522.59,No
3839-THDIK,Male,0,No,No,42,Yes,Yes,Fiber optic,No,No,No,Yes,No,No,Two year,No,Electronic check,88.64,3718.87,No
7487-ZDTAT,Male,1,Yes,No,44,Yes,No,No,No internet service,No internet service,No internet service,No internet service,No internet service,No internet service,One year,Yes,Credit card (automatic),25.23,1111.57,No
7453-UJPHL,Male,0,No,No,53,Yes,No,Fiber optic,No,Yes,No,Yes,No,Yes,One year,Yes,Bank transfer (automatic),95.36,5048.60,No
8293-QUTVV,Male,0,No,Yes,64,Yes,No,No,No internet service,No internet service,No internet service,No internet service,No internet service,No internet service,Month-to-month,Yes,Bank transfer (automatic),26.69,1704.59,No
9526-CFMNO,Female,1,No,No,6,Yes,No,DSL,No,No,No,No,No,Yes,One year,Yes,Credit card (automatic),57.45,344.13,No
9076-IONSX,Male,0,Yes,Yes,35,No,No phone service,Fiber optic,No,No,Yes,Yes,Yes,No,Month-to-month,No,Credit card (automatic),86.87,3038.01,Yes
1809-GNZAO,Female,0,No,Yes,24,Yes,Yes,DSL,No,No,Yes,No,No,No,Two year,Yes,Credit card (automatic),59.15,1424.93,No
5036-BCDPV,Male,0,No,No,36,Yes,Yes,DSL,Yes,No,No,No,No,No,Month-to-month,No,Electronic check,62.5,2260.01,No
8356-TVCEL,Female,1,Yes,Yes,11,No,No phone service,Fiber optic,No,Yes,Yes,No,Yes,No,Two year,Yes,Mailed check,86.77,960.63,No
9365-GVLBN,Female,1,Yes,Yes,31,Yes,No,No,No internet service,No internet service,No internet service,No internet service,No internet service,No internet service,One year,Yes,Electronic check,23.4,724.84,No
6763-TENIE,Female,0,Yes,No,48,Yes,Yes,No,No internet service,No internet service,No internet service,No internet service,No internet service,No internet service,Month-to-month,No,Electronic check,32.65,1554.96,No
1429-HZJBN,Male,1,No,No,37,Yes,No,Fiber optic,Yes,No,No,No,No,Yes,Month-to-month,Yes,Electronic check,83.75,3089.86,Yes
3434-ZPDCA,Female,0,No,Yes,55,Yes,Yes,DSL,No,Yes,No,No,No,No,One year,No,Bank transfer (automatic),59.89,3304.43,No
3806-CXFMQ,Male,0,Yes,No,64,Yes,Yes,Fiber optic,No,No,Yes,Yes,No,Yes,Month-to-month,No,Credit card (automatic),101.47,6495.22,Yes
9472-DGOKP,Female,0,No,No,25,Yes,No,DSL,No,No,No,No,Yes,No,Month-to-month,Yes,Bank transfer (automatic),57.5,1428.40,No
5688-RCTVE,Male,0,Yes,Yes,56,Yes,No,Fiber optic,No,Yes,No,No,Yes,Yes,One year,No,Credit card (automatic),102.59,5732.97,No
5715-YUQPX,Female,0,No,Yes,13,Yes,No,DSL,No,Yes,Yes,No,No,No,Month-to-month,Yes,Bank transfer (automatic),58.04,732.34,No
3737-YUEBY,Female,0,No,No,55,Yes,No,No,No internet service,No internet service,No internet service,No internet service,No internet service,No internet service,Month-to-month,Yes,Bank transfer (automatic),23.14,1269.28,No
3212-PTIFZ,Male,0,Yes,No,69,Yes,No,Fiber optic,No,Yes,No,No,Yes,No,Month-to-month,Yes,Bank transfer (automatic),87.13,6023.87,Yes
4875-CWMZV,Female,0,No,Yes,40,Yes,Yes,DSL,Yes,No,No,Yes,No,No,Two year,Yes,Credit card (automatic),66.56,2672.25,No
7593-JPLGG,Female,0,No,Yes,50,Yes,Yes,No,No internet service,No internet service,No internet service,No internet service,No internet service,No internet service,Month-to-month,No,Electronic check,34.27,1715.68,No
7152-HTODR,Female,1,Yes,Yes,66,No,No phone service,Fiber optic,No,No,No,No,No,No,Month-to-month,No,Credit card (automatic),70.37,4657.60,Yes
5507-SQJAA,Female,0,Yes,No,11,Yes,No,Fiber optic,Yes,Yes,Yes,No,No,No,Two year,Yes,Mailed check,92.1,1021.33,No
4404-WUYTM,Male,0,No,No,48,Yes,No,Fiber optic,No,No,No,No,No,No,One year,Yes,Credit card (automatic),74.14,3546.19,No
8703-GQXPN,Female,0,Yes,No,0,Yes,Yes,No,No internet service,No internet service,No internet service,No internet service,No internet service,No internet service,Month-to-month,No,Electronic check,32.22, ,Yes
1737-AOLUI,Male,0,No,No,18,Yes,No,Fiber optic,Yes,No,No,No,Yes,Yes,Month-to-month,Yes,Credit card (automatic),98.64,1791.06,Yes
6239-WNVMT,Male,0,No,Yes,65,Yes,Yes,No,No internet service,No internet service,No internet service,No internet service,No internet service,No internet service,Month-to-month,Yes,Electronic check,34.74,2255.51,No
2198-SOGOQ,Female,0,Yes,No,57,Yes,Yes,DSL,No,No,No,No,No,No,Month-to-month,Yes,Bank transfer (automatic),59.48,3381.58,No
7010-DBQQB,Female,0,No,No,71,Yes,Yes,No,No internet service,No internet service,No internet service,No internet service,No internet service,No internet service,Month-to-month,No,Bank transfer (automatic),33.41,2368.50,No
5117-UXLNN,Male,0,No,No,3,Yes,No,Fiber optic,Yes,No,Yes,Yes,Yes,No,Two year,Yes,Credit card (automatic),98.64,296.74,No
7168-LXIHT,Female,0,Yes,No,7,Yes,No,Fiber optic,Yes,No,Yes,No,Yes,No,One year,Yes,Bank transfer (automatic),93.91,658.91,No
9688-DWFLO,Female,0,Yes,No,26,Yes,Yes,No,No internet service,No internet service,No internet service,No internet service,No internet service,No internet service,One year,Yes,Electronic check,31.56,821.78,No
2957-BSXTT,Male,0,No,No,25,Yes,Yes,DSL,No,Yes,No,Yes,No,No,Two year,Yes,Bank transfer (automatic),63.91,1598.32,No
1906-NDVXK,Male,1,No,No,42,Yes,Yes,Fiber optic,No,No,No,Yes,No,Yes,Month-to-month,No,Bank transfer (automatic),98.13,4116.69,Yes
6653-TYKUI,Female,0,No,No,39,No,No phone service,No,No internet service,No internet service,No internet service,No internet service,No internet service,No internet service,Two year,Yes,Electronic check,19.64,765.52,No
8311-YISOU,Female,0,Yes,No,49,Yes,No,No,No internet service,No internet service,No internet service,No internet service,No internet service,No internet service,Month-to-month,Yes,Bank transfer (automatic),20.12,992.74,No
4119-LABNG,Female,0,Yes,No,66,Yes,No,DSL,Yes,Yes,No,Yes,No,No,Two year,No,Electronic check,61.66,4067.17,No
0081-OTKSN,Female,0,Yes,No,72,Yes,No,DSL,Yes,Yes,No,No,No,Yes,One year,Yes,Electronic check,63.42,4569.18,No
3691-BIVWU,Male,0,No,Yes,28,Yes,Yes,Fiber optic,No,Yes,No,No,Yes,No,One year,Yes,Mailed check,96.72,2687.44,No
4376-ZROBV,Male,1,Yes,No,41,Yes,No,Fiber optic,No,No,Yes,Yes,Yes,No,Month-to-month,Yes,Electronic check,90.11,3691.05,Yes
0679-XCMWQ,Female,0,No,No,17,Yes,No,No,No internet service,No internet service,No internet service,No internet service,No internet service,No internet service,Month-to-month,Yes,Electronic check,18.25,327.12,No
2584-PEIIF,Male,0,No,No,20,Yes,No,Fiber optic,No,No,Yes,No,No,No,Two year,No,Bank transfer (automatic),76.11,1525.84,No
4917-XOGNH,Male,0,No,Yes,66,Yes,Yes,Fiber optic,No,No,No,No,No,No,One year,Yes,Mailed check,82.0,5390.31,No
2210-CCGJY,Male,0,No,No,61,Yes,No,DSL,No,No,Yes,No,Yes,Yes,Two year,Yes,Electronic check,72.17,4400.21,No
0702-DHMAR,Female,0,No,No,26,Yes,Yes,Fiber optic,Yes,Yes,No,Yes,Yes,No,Month-to-month,Yes,Electronic check,107.03,2785.24,Yes
4542-ZWQRK,Male,0,No,Yes,46,Yes,Yes,Fiber optic,Yes,No,Yes,No,Yes,No,Month-to-month,Yes,Bank transfer (automatic),102.76,4735.01,Yes
8378-GQEVN,Female,0,Yes,Yes,25,Yes,No,Fiber optic,No,No,No,No,No,No,Month-to-month,Yes,Electronic check,76.38,1923.26,Yes
7978-IDVSA,Male,0,Yes,Yes,8,Yes,No,DSL,No,Yes,No,No,No,No,Two year,No,Electronic check,51.8,431.49,No
5085-QCQBV,Male,0,No,Yes,11,Yes,Yes,Fiber optic,No,No,Yes,Yes,Yes,No,Two year,Yes,Electronic check,105.96,1169.61,No
6094-VODFU,Female,0,No,No,15,Yes,No,No,No internet service,No internet service,No internet service,No internet service,No internet service,No internet service,Two year,No,Bank transfer (automatic),26.34,393.79,No
6301-FZKRM,Female,0,Yes,No,46,Yes,Yes,No,No internet service,No internet service,No internet service,No internet service,No internet service,No internet service,Month-to-month,Yes,Credit card (automatic),32.18,1481.09,No
4363-GXGBK,Female,0,No,No,55,Yes,Yes,Fiber optic,Yes,Yes,Yes,No,No,No,Month-to-month,Yes,Electronic check,95.43,5250.41,Yes
0460-HCGST,Female,0,Yes,Yes,65,Yes,No,DSL,No,Yes,Yes,No,No,No,Two year,Yes,Mailed check,58.75,3803.27,No
7159-IZYUO,Female,0,No,No,50,Yes,Yes,No,No internet service,No internet service,No internet service,No internet service,No internet service,No internet service,Month-to-month,Yes,Mailed check,36.19,1802.12,No
2585-TOMUW,Female,1,No,Yes,26,Yes,Yes,Fiber optic,No,No,Yes,No,No,No,One year,No,Mailed check,82.84,2152.86,No
9280-XUPJI,Female,0,No,No,72,No,No phone service,Fiber optic,Yes,Yes,Yes,Yes,No,No,Two year,Yes,Mailed check,87.47,6301.66,No
1096-JLKIE,Male,0,No,No,65,Yes,Yes,No,No internet service,No internet service,No internet service,No internet service,No internet service,No internet service,Month-to-month,Yes,Electronic check,33.27,2166.93,No
3370-QOXOR,Male,0,Yes,No,61,Yes,No,Fiber optic,Yes,No,No,No,No,No,Month-to-month,Yes,Electronic check,81.44,4966.26,Yes
9514-SGIBG,Male,0,No,Yes,70,Yes,Yes,Fiber optic,No,Yes,No,Yes,No,No,One year,No,Credit card (automatic),89.37,6246.62,No
7976-OLTDZ,Female,0,No,No,7,Yes,No,DSL,Yes,Yes,No,No,Yes,No,Two year,No,Bank transfer (automatic),68.77,471.33,No
8984-WGYLP,Male,0,No,Yes,37,Yes,No,Fiber optic,Yes,No,No,No,No,Yes,Two year,Yes,Electronic check,89.44,3315.14,No
6763-RSGMI,Female,1,Yes,No,5,Yes,Yes,DSL,No,No,No,Yes,Yes,No,One year,Yes,Electronic check,71.29,355.18,No
1636-EGFBG,Male,0,Yes,No,58,Yes,No,DSL,Yes,No,Yes,No,Yes,No,Two year,Yes,Mailed check,68.5,3976.77,No
4800-ORXOK,Female,0,Yes,No,18,No,No phone service,DSL,No,No,No,No,Yes,No,Month-to-month,Yes,Bank transfer (automatic),53.63,954.40,No
8606-XGUWJ,Female,0,No,Yes,55,Yes,No,Fiber optic,Yes,No,No,Yes,Yes,No,Month-to-month,Yes,Credit card (automatic),95.42,5261.99,No
1811-ENHFI,Female,0,Yes,No,27,Yes,Yes,Fiber optic,Yes,No,No,Yes,No,No,One year,Yes,Bank transfer (automatic),95.64,2590.19,No
5407-CLMRW,Male,0,Yes,No,9,Yes,No,Fiber optic,No,No,Yes,Yes,No,Yes,Two year,Yes,Credit card (automatic),93.67,833.62,No
1015-RQANT,Male,0,No,Yes,44,Yes,No,Fiber optic,No,No,Yes,No,Yes,No,Month-to-month,Yes,Credit card (automatic),88.39,3878.55,Yes
7535-FYPTF,Male,0,No,No,64,Yes,No,Fiber optic,Yes,No,Yes,No,No,Yes,Month-to-month,No,Mailed check,90.44,5787.29,Yes
9066-KAHNE,Female,0,Yes,No,49,Yes,Yes,Fiber optic,No,No,No,Yes,Yes,Yes,Month-to-month,No,Bank transfer (automatic),108.14,5282.50,Yes
8720-SRRDB,Male,0,No,No,31,Yes,Yes,Fiber optic,No,No,No,Yes,No,Yes,Month-to-month,No,Electronic check,98.11,3061.54,Yes
7405-GPALS,Male,0,No,No,60,No,No phone service,Fiber optic,Yes,No,No,No,No,Yes,Month-to-month,Yes,Mailed check,81.27,4866.82,Yes
8635-FOCBE,Male,0,No,No,15,Yes,Yes,No,No internet service,No internet service,No internet service,No internet service,No internet service,No internet service,One year,Yes,Electronic check,34.71,529.43,No
7242-WPFVA,Male,0,No,No,5,Yes,Yes,Fiber optic,No,No,Yes,No,No,No,Month-to-month,No,Bank transfer (automatic),88.69,449.44,Yes
1574-LREYV,Female,1,No,Yes,65,Yes,Yes,Fiber optic,No,No,Yes,No,No,No,Month-to-month,No,Credit card (automatic),88.56,5777.93,Yes
4958-WJPSJ,Female,1,No,Yes,61,Yes,Yes,DSL,No,No,No,Yes,Yes,No,Two year,Yes,Mailed check,74.09,4510.91,No
9434-HKFDU,Female,0,No,No,65,No,No phone service,Fiber optic,No,No,No,No,No,No,Two year,Yes,Electronic check,66.23,4312.09,No
6741-VYCGX,Male,1,No,No,66,Yes,Yes,Fiber optic,No,No,Yes,No,No,No,Month-to-month,Yes,Electronic check,85.06,5603.74,Yes
5202-KFKDQ,Female,0,Yes,No,18,Yes,Yes,Fiber optic,No,No,Yes,Yes,No,No,Month-to-month,Yes,Electronic check,94.16,1692.26,Yes
5072-PCNQS,Female,0,No,No,3,Yes,No,Fiber optic,No,No,No,Yes,No,No,Two year,Yes,Electronic check,75.04,201.94,No
6977-SEAYX,Female,0,No,No,42,Yes,No,Fiber optic,No,No,Yes,No,Yes,Yes,Month-to-month,Yes,Electronic check,102.11,4288.37,Yes
9190-MDYLX,Male,0,No,Yes,17,Yes,No,Fiber optic,No,No,No,Yes,Yes,No,Two year,No,Mailed check,87.77,1481.35,No
2958-ZXJEY,Female,0,Yes,No,45,Yes,No,No,No internet service,No internet service,No internet service,No internet service,No internet service,No internet service,Two year,No,Bank transfer (automatic),22.58,989.27,No
8273-ZGZXW,Male,0,Yes,No,45,Yes,Yes,Fiber optic,Yes,No,Yes,No,No,No,Two year,No,Mailed check,94.81,4258.32,No
4074-CBSYB,Female,0,No,Yes,20,Yes,Yes,No,No internet service,No internet service,No internet service,No internet service,No internet service,No internet service,Month-to-month,Yes,Mailed check,33.66,671.66,No
9011-KUQML,Male,0,Yes,Yes,29,Yes,No,Fiber optic,No,No,No,Yes,No,Yes,Month-to-month,No,Electronic check,91.48,2652.63,Yes
9715-URJLQ,Female,0,Yes,No,63,Yes,No,Fiber optic,Yes,Yes,Yes,Yes,No,Yes,One year,Yes,Electronic check,104.97,6611.03,No
5527-YCYHE,Male,0,No,No,40,Yes,Yes,Fiber optic,Yes,No,No,Yes,Yes,No,Month-to-month,No,Electronic check,103.18,4124.27,Yes
5049-PZLWQ,Male,0,Yes,No,16,Yes,Yes,Fiber optic,No,No,Yes,No,No,No,Month-to-month,Yes,Mailed check,86.96,1407.19,Yes
9863-DOJWF,Male,0,No,Yes,4,No,No phone service,Fiber optic,No,Yes,Yes,No,Yes,No,Month-to-month,Yes,Mailed check,90.5,349.51,Yes
2851-ZBAKE,Male,0,No,Yes,4,Yes,No,No,No internet service,No internet service,No internet service,No internet service,No internet service,No internet service,Month-to-month,No,Bank transfer (automatic),20.74,84.88,No
9523-ETISE,Male,0,No,No,72,Yes,No,No,No internet service,No internet service,No internet service,No internet service,No internet service,No internet service,Month-to-month,No,Electronic check,22.83,1641.13,No
6658-OWKDK,Female,1,No,No,47,Yes,No,DSL,No,Yes,Yes,No,No,No,Month-to-month,No,Credit card (automatic),57.87,2710.13,No
9850-IWFFD,Male,0,Yes,No,37,Yes,Yes,DSL,No,Yes,Yes,No,No,No,Month-to-month,Yes,Mailed check,67.24,2486.75,No
3277-RPUPY,Female,0,No,No,5,No,No phone service,Fiber optic,No,Yes,Yes,No,Yes,No,Two year,No,Credit card (automatic),93.13,475.42,No
8633-JKGSS,Male,0,No,No,57,Yes,Yes,DSL,Yes,Yes,No,No,Yes,No,One year,Yes,Electronic check,81.36,4641.80,No
4570-WHEJB,Female,0,No,Yes,13,Yes,No,No,No internet service,No internet service,No internet service,No internet service,No internet service,No internet service,Month-to-month,No,Mailed check,24.75,329.23,No
3581-OTJUX,Female,0,No,No,71,Yes,No,No,No internet service,No internet service,No internet service,No internet service,No internet service,No internet service,Two year,Yes,Bank transfer (automatic),28.36,2011.13,No
7155-NEXZB,Female,0,Yes,Yes,58,Yes,No,Fiber optic,No,Yes,No,Yes,No,No,Month-to-month,No,Electronic check,85.43,4952.81,Yes
1682-OWCLF,Male,0,Yes,No,64,Yes,Yes,No,No internet service,No internet service,No internet service,No internet service,No internet service,No internet service,Month-to-month,No,Electronic check,33.54,2135.85,No
2052-QPUHX,Female,0,No,Yes,12,Yes,Yes,No,No internet service,No internet service,No internet service,No internet service,No internet service,No internet service,One year,Yes,Bank transfer (automatic),32.25,397.05,No
7273-OHCPC,Male,0,Yes,Yes,26,Yes,Yes,No,No internet service,No internet service,No internet service,No internet service,No internet service,No internet service,Month-to-month,No,Mailed check,30.89,799.67,No
0778-VLRQH,Male,0,No,No,24,Yes,Yes,Fiber optic,Yes,No,Yes,Yes,No,No,Two year,No,Mailed check,96.58,2317.59,No
9369-OLTQH,Female,0,Yes,No,55,Yes,Yes,Fiber optic,No,No,No,No,No,No,Month-to-month,Yes,Electronic check,83.16,4567.75,Yes
9898-YKLTP,Male,0,Yes,No,67,Yes,No,DSL,No,Yes,No,Yes,No,No,Month-to-month,Yes,Electronic check,55.56,3742.93,No
8319-SRAVD,Female,0,Yes,Yes,58,Yes,No,DSL,No,No,No,No,No,Yes,Month-to-month,No,Electronic check,54.92,3195.40,No
6690-YHZQH,Male,0,Yes,No,48,Yes,No,No,No internet service,No internet service,No internet service,No internet service,No internet service,No internet service,Month-to-month,Yes,Bank transfer (automatic),25.27,1214.62,No
4036-NLUCT,Female,0,No,No,17,Yes,No,DSL,Yes,Yes,No,Yes,Yes,Yes,Month-to-month,Yes,Mailed check,80.16,1361.99,No
1715-GGMAH,Male,0,Yes,No,2,Yes,Yes,DSL,Yes,Yes,Yes,No,Yes,No,Month-to-month,No,Credit card (automatic),82.9,165.17,Yes
8673-XSQMP,Female,0,No,No,56,Yes,Yes,Fiber optic,Yes,Yes,No,No,Yes,No,Month-to-month,Yes,Electronic check,104.76,5874.93,Yes
7582-XYING,Male,0,No,No,5,Yes,No,DSL,No,No,Yes,Yes,Yes,No,Month-to-month,No,Electronic check,67.85,336.37,No
9221-QBUPQ,Male,0,Yes,Yes,68,No,No phone service,No,No internet service,No internet service,No internet service,No internet service,No internet service,No internet service,Month-to-month,No,Mailed check,18.25,1250.69,No
9399-QZXLU,Female,0,Yes,No,30,Yes,No,No,No internet service,No internet service,No internet service,No internet service,No internet service,No internet service,Month-to-month,Yes,Mailed check,24.71,733.91,No
9328-FLANX,Male,0,No,No,7,No,No phone service,Fiber optic,Yes,No,No,No,No,No,Month-to-month,Yes,Electronic check,70.96,505.34,Yes
9186-SDCFI,Male,0,Yes,Yes,9,Yes,No,No,No internet service,No internet service,No internet service,No internet service,No internet service,No internet service,One year,No,Credit card (automatic),25.1,225.97,No
9809-FPQKT,Male,1,No,No,2,Yes,Yes,Fiber optic,No,No,No,Yes,No,Yes,Month-to-month,Yes,Electronic check,97.29,177.95,Yes
6389-UNYQN,Male,0,Yes,Yes,11,Yes,No,No,No internet service,No internet service,No internet service,No internet service,No internet service,No internet service,Month-to-month,Yes,Mailed check,24.21,287.52,No
3618-CDLOT,Female,0,No,Yes,18,Yes,No,No,No internet service,No internet service,No internet service,No internet service,No internet service,No internet service,One year,No,Mailed check,23.53,416.47,No
7141-VIYNA,Male,1,No,Yes,20,Yes,Yes,DSL,No,Yes,Yes,No,No,Yes,Two year,No,Mailed check,80.59,1611.53,No
3309-BFZSI,Female,0,Yes,Yes,13,Yes,Yes,No,No internet service,No internet service,No internet service,No internet service,No internet service,No internet service,Month-to-month,Yes,Mailed check,31.99,411.09,No
2282-FFQMM,Female,0,No,No,28,Yes,No,No,No internet service,No internet service,No internet service,No internet service,No internet service,No internet service,Month-to-month,No,Credit card (automatic),24.2,662.72,No
6888-RAVVT,Male,1,Yes,Yes,6,Yes,No,DSL,Yes,No,No,No,Yes,Yes,Month-to-month,No,Mailed check,71.44,423.84,No
7468-AITWK,Male,0,Yes,Yes,48,Yes,No,Fiber optic,Yes,No,No,No,No,Yes,Month-to-month,No,Mailed check,85.76,4105.34,Yes
3335-URYVZ,Female,0,Yes,No,64,Yes,Yes,DSL,No,Yes,Yes,Yes,No,No,Month-to-month,Yes,Mailed check,73.62,4723.69,No
5806-CTACN,Female,0,No,No,6,Yes,No,Fiber optic,No,No,Yes,No,Yes,No,Month-to-month,No,Bank transfer (automatic),89.54,523.27,Yes
6508-TGPTW,Male,0,Yes,No,13,Yes,No,Fiber optic,Yes,No,Yes,Yes,No,Yes,One year,Yes,Mailed check,99.22,1289.66,No
4032-FFAPR,Male,0,No,No,15,Yes,Yes,No,No internet service,No internet service,No internet service,No internet service,No internet service,No internet service,Two year,Yes,Credit card (automatic),33.94,511.86,No
1938-KRXLQ,Male,0,No,Yes,15,Yes,No,Fiber optic,No,Yes,No,Yes,No,No,Two year,Yes,Electronic check,83.04,1232.92,No
7240-AFSXD,Female,0,Yes,Yes,12,Yes,No,Fiber optic,No,No,No,No,No,Yes,Month-to-month,No,Electronic check,85.27,1023.85,Yes
5987-TZXGU,Female,0,No,No,28,Yes,Yes,DSL,No,No,Yes,No,No,Yes,Two year,No,Credit card (automatic),71.49,1988.66,No
6691-WSXXY,Male,0,No,Yes,72,Yes,Yes,No,No internet service,No internet service,No internet service,No internet service,No internet service,No internet service,Month-to-month,Yes,Electronic check,31.01,2223.38,No
3928-YRFPC,Female,0,No,No,60,Yes,Yes,Fiber optic,No,Yes,Yes,No,Yes,No,One year,No,Credit card (automatic),104.11,6237.72,No
4132-RVKCD,Male,0,Yes,Yes,36,Yes,No,No,No internet service,No internet service,No internet service,No internet service,No internet service,No internet service,Month-to-month,No,Bank transfer (automatic),21.88,798.51,No
5433-BLMZP,Female,0,No,No,16,No,No phone service,DSL,No,Yes,No,Yes,Yes,Yes,One year,No,Credit card (automatic),71.21,1146.48,No
3749-JXFPZ,Female,0,Yes,Yes,30,No,No phone service,DSL,No,No,No,No,No,No,Two year,Yes,Bank transfer (automatic),44.28,1311.41,No
4398-JEJPK,Female,0,No,Yes,58,Yes,Yes,Fiber optic,No,No,No,No,Yes,No,Two year,Yes,Mailed check,94.99,5508.75,No
5608-HPUCE,Male,0,No,Yes,46,Yes,No,No,No internet service,No internet service,No internet service,No internet service,No internet service,No internet service,Month-to-month,No,Credit card (automatic),23.31,1075.24,No
4861-UPYNK,Female,0,Yes,Yes,5,Yes,No,DSL,Yes,Yes,No,Yes,No,Yes,Month-to-month,Yes,Electronic check,69.64,354.09,No
1723-BIVIN,Female,0,Yes,No,31,Yes,No,DSL,No,Yes,No,No,Yes,No,Month-to-month,Yes,Mailed check,67.35,2099.27,No
7845-WEAYR,Male,0,Yes,No,30,Yes,Yes,No,No internet service,No internet service,No internet service,No internet service,No internet service,No internet service,Month-to-month,Yes,Electronic check,35.06,1066.42,No
6770-ZWYKK,Male,0,No,Yes,17,Yes,Yes,DSL,No,Yes,No,No,Yes,No,Two year,Yes,Bank transfer (automatic),68.54,1166.83,No
2778-XUUCV,Female,0,No,No,8,Yes,Yes,Fiber optic,No,No,No,No,No,No,Month-to-month,No,Credit card (automatic),79.65,662.30,Yes
9216-ZCTNK,Female,1,No,Yes,2,Yes,Yes,DSL,No,No,Yes,No,Yes,Yes,Month-to-month,Yes,Credit card (automatic),83.44,156.22,Yes
9708-FRPSP,Male,1,Yes,No,70,Yes,No,DSL,No,Yes,No,Yes,No,Yes,One year,Yes,Electronic check,69.05,4833.44,No
4581-PUWKL,Male,0,No,No,25,Yes,No,DSL,No,No,Yes,Yes,No,Yes,One year,Yes,Credit card (automatic),66.62,1667.24,No
6327-RELJO,Female,0,Yes,No,12,Yes,No,Fiber optic,No,Yes,No,No,No,No,Two year,Yes,Credit card (automatic),78.27,926.31,No
4063-ZLRHT,Male,0,No,No,33,Yes,No,Fiber optic,Yes,No,Yes,No,Yes,Yes,Month-to-month,Yes,Mailed check,104.47,3449.88,Yes
0762-CGRUG,Male,0,Yes,No,42,Yes,Yes,DSL,No,No,Yes,No,Yes,Yes,Two year,Yes,Electronic check,84.35,3528.98,No
5961-GBGNO,Male,0,Yes,Yes,32,Yes,No,DSL,No,Yes,Yes,Yes,Yes,No,Two year,No,Credit card (automatic),71.02,2288.11,No
7974-GKXDR,Male,0,Yes,No,68,Yes,No,No,No internet service,No internet service,No internet service,No internet service,No internet service,No internet service,Month-to-month,Yes,Credit card (automatic),27.12,1824.08,No
6019-GLLZM,Female,1,Yes,No,35,Yes,Yes,Fiber optic,No,No,Yes,No,No,Yes,Month-to-month,No,Bank transfer (automatic),101.23,3526.21,Yes
0642-KBGII,Male,1,Yes,Yes,67,Yes,No,No,No internet service,No internet service,No internet service,No internet service,No internet service,No internet service,Month-to-month,Yes,Electronic check,24.8,1660.32,No
9971-AXBTD,Male,0,Yes,No,46,Yes,No,DSL,Yes,Yes,Yes,No,No,Yes,Month-to-month,Yes,Mailed check,71.14,3256.63,No
1365-ZVDRE,Male,0,Yes,No,60,Yes,No,DSL,No,No,No,Yes,No,No,Month-to-month,Yes,Electronic check,55.33,3299.26,No
2234-BVOVH,Female,0,No,Yes,44,Yes,Yes,Fiber optic,Yes,No,No,No,No,Yes,Two year,No,Electronic check,96.2,4234.08,No
1773-WOPMW,Male,0,Yes,Yes,47,Yes,Yes,Fiber optic,No,No,Yes,No,No,No,Two year,Yes,Bank transfer (automatic),89.42,4186.98,No
0070-CVXOE,Female,0,Yes,No,40,No,No phone service,Fiber optic,Yes,No,No,No,No,No,Two year,No,Mailed check,73.73,2946.48,No
4336-VXOKN,Male,0,No,No,37,Yes,Yes,Fiber optic,No,No,Yes,No,Yes,No,One year,Yes,Electronic check,99.66,3679.82,No
5969-NZEVA,Female,0,Yes,Yes,67,Yes,No,Fiber optic,No,No,No,Yes,Yes,No,Month-to-month,No,Mailed check,87.16,5850.82,No
2720-SPDHY,Female,0,Yes,No,10,Yes,Yes,Fiber optic,No,Yes,No,No,Yes,Yes,Month-to-month,Yes,Electronic check,110.68,1107.12,Yes
3608-DNICO,Male,0,Yes,Yes,15,Yes,No,DSL,No,Yes,Yes,Yes,No,Yes,Two year,Yes,Mailed check,73.66,1105.53,No
4024-VXQSQ,Female,0,No,Yes,64,Yes,No,Fiber optic,No,No,Yes,No,No,No,Month-to-month,Yes,Credit card (automatic),76.51,4891.57,Yes
4738-VFUMZ,Male,0,Yes,Yes,70,Yes,Yes,DSL,No,No,Yes,No,No,Yes,One year,No,Credit card (automatic),74.41,5209.76,No
4676-AQZFC,Female,0,Yes,Yes,66,Yes,Yes,Fiber optic,No,No,No,Yes,No,Yes,One year,Yes,Electronic check,98.83,6522.21,No
8612-HMNOQ,Female,0,No,No,70,Yes,No,DSL,No,No,No,No,No,No,Two year,No,Mailed check,49.76,3468.60,No
4908-WEVOC,Female,1,Yes,No,0,Yes,No,Fiber optic,Yes,No,No,Yes,No,No,Month-to-month,Yes,Credit card (automatic),81.85, ,Yes
2666-BBLED,Male,0,Yes,No,70,Yes,No,Fiber optic,Yes,No,No,No,No,No,One year,Yes,Electronic check,77.49,5410.47,No
6241-QITHL,Female,0,Yes,No,3,Yes,No,Fiber optic,No,No,No,No,No,Yes,Month-to-month,No,Credit card (automatic),83.43,239.44,Yes
6096-RSNQW,Female,0,Yes,No,36,Yes,No,Fiber optic,Yes,No,Yes,No,No,Yes,Month-to-month,No,Bank transfer (automatic),91.82,3297.21,Yes
2562-BYIGN,Female,0,Yes,No,13,Yes,Yes,No,No internet service,No internet service,No internet service,No internet service,No internet service,No internet service,Two year,No,Electronic check,31.58,404.66,No
4330-TGEYD,Male,0,Yes,No,24,Yes,No,Fiber optic,No,Yes,No,No,No,No,One year,Yes,Credit card (automatic),75.44,1803.53,No
2531-ETOUY,Male,0,No,No,3,Yes,No,DSL,Yes,No,No,No,No,No,Month-to-month,Yes,Credit card (automatic),53.02,158.22,No
3530-ORFXY,Female,0,Yes,No,65,Yes,No,Fiber optic,Yes,Yes,No,No,No,Yes,One year,No,Credit card (automatic),91.72,5959.11,No
3528-HOABZ,Female,0,Yes,No,42,Yes,Yes,DSL,No,No,No,No,No,No,Month-to-month,Yes,Mailed check,56.68,2381.90,No
8922-JYNSZ,Male,0,Yes,No,25,Yes,Yes,DSL,No,Yes,Yes,No,Yes,No,Two year,Yes,Bank transfer (automatic),76.82,1915.36,No
4529-HBVRY,Male,0,Yes,Yes,14,Yes,No,Fiber optic,No,Yes,No,No,Yes,No,Two year,Yes,Electronic check,85.17,1187.66,No
5832-BXDRK,Female,0,Yes,Yes,5,Yes,No,Fiber optic,Yes,No,Yes,No,Yes,Yes,Two year,No,Credit card (automatic),101.88,513.46,No
8747-EMGUE,Male,1,No,Yes,36,Yes,Yes,Fiber optic,Yes,Yes,No,No,Yes,Yes,Month-to-month,No,Credit card (automatic),113.34,4091.83,Yes
3462-DXVXK,Male,0,Yes,Yes,42,Yes,No,Fiber optic,Yes,No,Yes,No,No,Yes,Month-to-month,Yes,Electronic check,91.7,3848.90,Yes
1864-OGRTW,Male,0,No,No,41,Yes,No,Fiber optic,No,Yes,No,Yes,No,No,Two year,Yes,Electronic check,80.09,3275.74,No
1799-KUUHP,Female,0,No,Yes,12,Yes,No,DSL,No,Yes,No,No,No,No,Month-to-month,Yes,Electronic check,54.86,674.12,Yes
0510-LOGND,Female,0,Yes,Yes,15,No,No phone service,Fiber optic,Yes,No,No,Yes,Yes,Yes,Two year,Yes,Electronic check,97.43,1456.52,No
0959-OFPLS,Female,0,No,No,41,Yes,Yes,No,No internet service,No internet service,No internet service,No internet service,No internet service,No internet service,One year,Yes,Electronic check,32.7,1343.24,No
5985-AZVHG,Female,0,No,Yes,37,Yes,No,Fiber optic,No,Yes,Yes,No,Yes,Yes,Month-to-month,Yes,Credit card (automatic),101.18,3749.58,Yes
7782-GFRES,Female,0,Yes,No,65,Yes,No,DSL,No,Yes,Yes,Yes,No,Yes,Month-to-month,Yes,Electronic check,71.22,4622.21,No
4878-IXHKV,Male,0,Yes,No,64,Yes,Yes,No,No internet service,No internet service,No internet service,No internet service,No internet service,No internet service,One year,Yes,Electronic check,33.24,2106.93,No
5595-KOLIJ,Male,0,Yes,No,4,Yes,No,DSL,No,No,Yes,Yes,Yes,No,Two year,No,Credit card (automatic),63.95,253.63,No
0957-QKKFY,Female,0,Yes,Yes,29,Yes,No,Fiber optic,Yes,No,No,No,No,No,Month-to-month,Yes,Electronic check,74.24,2150.93,Yes
5103-FZZYE,Male,0,No,No,42,Yes,Yes,DSL,Yes,Yes,No,No,No,Yes,Month-to-month,Yes,Credit card (automatic),78.88,3305.36,No
6558-ERXSO,Male,1,No,No,31,Yes,No,No,No internet service,No internet service,No internet service,No internet service,No internet service,No internet service,One year,No,Mailed check,23.64,725.13,No
8403-YQXXY,Male,1,No,No,66,Yes,Yes,Fiber optic,No,Yes,No,No,Yes,No,One year,No,Mailed check,96.18,6343.85,No
8546-YELCI,Male,0,Yes,Yes,66,Yes,Yes,DSL,No,No,No,No,No,Yes,Two year,No,Bank transfer (automatic),67.26,4427.25,No
9009-KTBWB,Female,0,No,No,41,Yes,Yes,Fiber optic,Yes,No,No,No,No,Yes,Two year,Yes,Credit card (automatic),96.76,3967.69,No
6772-IZPZP,Male,0,Yes,Yes,4,Yes,No,DSL,No,No,No,No,No,No,One year,Yes,Electronic check,45.36,185.58,No
9537-TTKHT,Female,0,Yes,No,58,Yes,No,DSL,No,No,No,Yes,No,Yes,Month-to-month,Yes,Electronic check,62.45,3621.95,No
0572-BVAKU,Male,0,No,No,22,Yes,No,Fiber optic,No,Yes,No,Yes,No,No,One year,No,Credit card (automatic),82.33,1789.76,No
5765-RLHXU,Male,0,No,No,7,Yes,No,Fiber optic,No,Yes,No,No,No,No,Month-to-month,No,Electronic check,80.14,548.70,Yes
2742-IYLOW,Male,0,Yes,No,67,No,No phone service,DSL,No,No,No,Yes,No,Yes,Month-to-month,Yes,Electronic check,55.51,3718.57,No
7444-BSHNF,Female,1,No,Yes,69,Yes,No,Fiber optic,No,Yes,No,No,Yes,No,One year,Yes,Electronic check,93.21,6437.41,No
8653-GPDGU,Female,0,Yes,No,18,Yes,No,Fiber optic,No,Yes,No,Yes,No,Yes,Month-to-month,Yes,Electronic check,90.71,1629.84,Yes
1679-BFDUA,Male,0,Yes,No,43,Yes,No,DSL,Yes,No,No,No,No,No,One year,No,Mailed check,54.0,2335.76,No
5710-IORXU,Male,0,Yes,No,37,Yes,No,Fiber optic,No,No,Yes,Yes,No,No,Month-to-month,No,Credit card (automatic),83.1,3079.54,No
1485-CLXNA,Male,0,Yes,No,43,Yes,Yes,Fiber optic,Yes,Yes,No,No,No,No,Two year,No,Credit card (automatic),98.08,4219.75,No
8837-KNPKS,Female,0,No,Yes,5,Yes,Yes,Fiber optic,Yes,Yes,Yes,No,Yes,No,Month-to-month,Yes,Electronic check,109.56,549.99,Yes
5997-KYHYT,Female,0,No,No,2,No,No phone service,No,No internet service,No internet service,No internet service,No internet service,No internet service,No internet service,Two year,Yes,Mailed check,19.33,39.36,No
9069-TQCGC,Female,1,Yes,No,32,Yes,No,DSL,Yes,No,No,No,No,No,Month-to-month,No,Mailed check,55.5,1774.29,No
0674-VSNES,Male,1,No,Yes,65,Yes,Yes,Fiber optic,No,No,No,Yes,Yes,No,Month-to-month,No,Electronic check,97.69,6350.76,Yes
1696-LHLAR,Male,0,No,Yes,57,Yes,Yes,DSL,No,No,No,Yes,Yes,No,Month-to-month,Yes,Electronic check,71.97,4117.84,No
1266-GARHY,Female,0,Yes,No,25,Yes,No,DSL,No,No,No,No,No,No,Two year,Yes,Mailed check,49.09,1232.69,No
9603-JHNMU,Female,0,No,No,27,Yes,No,No,No internet service,No internet service,No internet service,No internet service,No internet service,No internet service,One year,Yes,Mailed check,22.21,586.78,No
0658-TTHNT,Female,0,No,No,42,Yes,Yes,No,No internet service,No internet service,No internet service,No internet service,No internet service,No internet service,Month-to-month,Yes,Credit card (automatic),32.74,1373.20,No
2648-UIVVK,Male,0,Yes,No,15,Yes,Yes,Fiber optic,Yes,No,No,Yes,Yes,No,Month-to-month,Yes,Credit card (automatic),104.9,1561.50,No
5633-YWZVQ,Male,0,Yes,Yes,22,Yes,No,DSL,Yes,Yes,Yes,No,No,No,Month-to-month,No,Bank transfer (automatic),60.23,1318.61,No
6537-GHIAC,Male,0,No,No,58,Yes,No,DSL,No,No,Yes,No,No,Yes,One year,Yes,Electronic check,63.13,3646.07,No
1215-YBDEU,Female,1,No,No,34,No,No phone service,Fiber optic,Yes,Yes,No,Yes,Yes,Yes,Month-to-month,Yes,Mailed check,102.67,3515.27,No
0545-PDFIA,Female,0,Yes,Yes,40,No,No phone service,Fiber optic,No,No,No,No,Yes,No,Month-to-month,No,Electronic check,77.39,3091.76,Yes
5063-FPGEI,Male,0,No,No,21,Yes,Yes,Fiber optic,Yes,No,No,Yes,No,Yes,Two year,Yes,Electronic check,104.02,2189.12,No
7209-HTWDW,Male,0,No,Yes,0,No,No phone service,Fiber optic,Yes,Yes,Yes,No,No,No,Month-to-month,No,Credit card (automatic),79.97, ,Yes
0014-NZVBA,Male,0,Yes,No,45,Yes,No,DSL,No,No,Yes,Yes,Yes,No,One year,Yes,Mailed check,66.29,2979.57,No
8675-IXTUB,Male,0,No,No,21,Yes,No,DSL,No,No,Yes,Yes,No,No,One year,Yes,Credit card (automatic),57.07,1199.00,No
0523-QFHNJ,Male,0,No,No,31,Yes,No,DSL,Yes,No,No,Yes,No,No,Month-to-month,Yes,Electronic check,55.34,1718.31,No
3979-COMKN,Male,0,Yes,No,29,No,No phone service,DSL,No,Yes,Yes,Yes,No,No,Month-to-month,No,Mailed check,60.33,1763.37,No
6253-VGXNV,Female,0,Yes,No,42,Yes,No,DSL,No,Yes,No,No,No,Yes,One year,No,Bank transfer (automatic),61.7,2590.32,No
3868-OCEQX,Female,0,No,No,11,No,No phone service,DSL,Yes,No,No,Yes,No,No,One year,Yes,Electronic check,56.99,620.03,No
0067-SBWJE,Female,0,No,No,70,Yes,No,Fiber optic,No,Yes,No,No,No,No,Two year,No,Credit card (automatic),77.03,5383.67,No
0125-QOXRU,Female,0,Yes,No,26,Yes,No,No,No internet service,No internet service,No internet service,No internet service,No internet service,No internet service,One year,Yes,Credit card (automatic),21.4,545.57,No
7475-WHSME,Male,0,No,No,25,Yes,Yes,Fiber optic,No,Yes,No,No,No,No,Month-to-month,Yes,Credit card (automatic),89.61,2234.95,Yes
9685-JAKHF,Female,0,Yes,Yes,17,Yes,Yes,Fiber optic,Yes,No,No,Yes,No,No,Two year,Yes,Mailed check,91.18,1579.60,No
0359-QJESG,Female,0,No,No,65,Yes,Yes,Fiber optic,No,No,No,Yes,Yes,No,Month-to-month,Yes,Electronic check,92.22,6001.70,Yes
7292-KCKFF,Female,1,Yes,Yes,60,Yes,No,Fiber optic,Yes,No,Yes,No,Yes,No,Month-to-month,Yes,Bank transfer (automatic),94.03,5639.00,Yes
2587-WWHWP,Male,0,Yes,Yes,45,Yes,No,DSL,Yes,Yes,No,No,No,No,Month-to-month,No,Electronic check,61.46,2779.06,No
2770-JEEQV,Female,0,Yes,Yes,28,Yes,Yes,Fiber optic,Yes,No,No,No,No,Yes,Month-to-month,No,Electronic check,94.73,2647.32,Yes
5355-AERNG,Female,1,Yes,Yes,31,Yes,No,Fiber optic,Yes,No,No,No,Yes,No,Month-to-month,Yes,Electronic check,88.84,2766.72,Yes
8886-GQKFN,Male,0,Yes,No,14,Yes,Yes,Fiber optic,No,No,No,No,No,No,Two year,No,Bank transfer (automatic),85.2,1196.20,No
4773-AFZAU,Male,1,No,No,59,Yes,Yes,Fiber optic,Yes,Yes,No,No,No,No,Month-to-month,Yes,Bank transfer (automatic),93.28,5516.25,Yes
4245-EQLGO,Male,0,No,No,27,No,No phone service,No,No internet service,No internet service,No internet service,No internet service,No internet service,No internet service,Month-to-month,Yes,Electronic check,20.58,560.31,No
2642-MFAFM,Female,0,No,No,26,Yes,Yes,Fiber optic,No,Yes,No,No,No,No,One year,Yes,Bank transfer (automatic),87.65,2269.20,No
3348-QCTRY,Female,1,No,No,40,Yes,Yes,No,No internet service,No internet service,No internet service,No internet service,No internet service,No internet service,Month-to-month,No,Credit card (automatic),31.34,1255.64,No
6085-RAVGJ,Male,1,Yes,No,46,Yes,No,Fiber optic,No,Yes,No,No,Yes,No,Month-to-month,Yes,Bank transfer (automatic),86.22,3972.82,Yes
5657-BIYIG,Female,1,No,No,32,Yes,Yes,DSL,Yes,Yes,Yes,No,No,No,Two year,No,Electronic check,73.96,2376.76,No
8021-KPOAU,Female,0,Yes,Yes,43,No,No phone service,Fiber optic,No,Yes,Yes,No,No,No,Two year,Yes,Electronic check,77.57,3333.08,No
0255-STGVK,Female,0,Yes,No,49,Yes,No,No,No internet service,No internet service,No internet service,No internet service,No internet service,No internet service,Month-to-month,Yes,Mailed check,22.24,1091.42,No
1851-WKKZJ,Female,0,No,No,9,Yes,Yes,Fiber optic,Yes,No,No,No,Yes,No,Month-to-month,Yes,Mailed check,99.63,907.12,Yes
3098-MKJXE,Male,0,Yes,No,23,Yes,No,No,No internet service,No internet service,No internet service,No internet service,No internet service,No internet service,One year,Yes,Electronic check,25.51,593.94,No
2329-XMEMX,Female,0,Yes,No,33,Yes,Yes,DSL,No,No,No,No,No,No,Two year,Yes,Mailed check,57.45,1900.56,No
0892-QSMPR,Male,1,No,Yes,19,Yes,Yes,DSL,Yes,No,No,Yes,No,No,One year,Yes,Electronic check,65.8,1248.84,No
6936-SFWGO,Female,0,Yes,No,24,Yes,No,DSL,No,No,No,No,No,Yes,One year,Yes,Mailed check,60.3,1443.01,No
4523-VCPPW,Male,1,No,No,54,Yes,No,Fiber optic,No,No,No,Yes,No,No,Month-to-month,No,Electronic check,81.75,4416.19,Yes
2831-FNIJZ,Female,1,No,Yes,42,Yes,Yes,DSL,Yes,Yes,No,No,Yes,No,Month-to-month,No,Mailed check,75.56,3169.73,No
1348-WUFYO,Female,0,No,No,52,No,No phone service,No,No internet service,No internet service,No internet service,No internet service,No internet service,No internet service,Month-to-month,No,Bank transfer (automatic),18.25,937.82,No
3146-DAHUJ,Female,0,Yes,Yes,49,Yes,Yes,Fiber optic,Yes,Yes,No,Yes,Yes,Yes,Month-to-month,Yes,Mailed check,121.84,5982.27,No
1299-UTYIH,Male,0,Yes,No,54,Yes,Yes,DSL,No,Yes,No,Yes,Yes,No,Month-to-month,Yes,Bank transfer (automatic),77.52,4176.77,No
1477-GDSHX,Female,0,No,No,12,Yes,Yes,DSL,No,No,No,No,Yes,Yes,Month-to-month,Yes,Bank transfer (automatic),82.06,994.71,No
9424-THBXJ,Male,0,Yes,No,48,Yes,Yes,Fiber optic,No,No,Yes,No,No,No,One year,Yes,Credit card (automatic),87.7,4202.45,No
5329-MEVQQ,Female,0,No,Yes,9,Yes,Yes,No,No internet service,No internet service,No internet service,No internet service,No internet service,No internet service,Month-to-month,No,Electronic check,33.78,307.93,No
9210-KOHLQ,Female,0,No,Yes,10,Yes,No,DSL,Yes,No,No,No,No,No,Month-to-month,Yes,Electronic check,50.43,487.17,No
9743-XXKHP,Female,0,No,Yes,19,Yes,No,Fiber optic,No,No,No,No,No,Yes,Month-to-month,No,Electronic check,78.82,1503.25,Yes
2703-UFEEU,Male,0,No,No,71,Yes,Yes,DSL,Yes,No,No,No,No,No,Month-to-month,Yes,Electronic check,62.5,4439.23,No
8992-RZBPO,Male,0,No,Yes,47,Yes,No,DSL,Yes,No,No,Yes,Yes,No,Month-to-month,Yes,Bank transfer (automatic),68.45,3223.54,No
7445-IWEEZ,Male,1,Yes,No,16,Yes,Yes,Fiber optic,Yes,No,Yes,Yes,No,No,Two year,No,Bank transfer (automatic),99.3,1578.91,No
8816-ZATBZ,Female,1,No,No,32,Yes,Yes,No,No internet service,No internet service,No internet service,No internet service,No internet service,No internet service,One year,No,Electronic check,35.93,1173.52,No
8532-PDREY,Female,1,Yes,No,19,Yes,Yes,No,No internet service,No internet service,No internet service,No internet service,No internet service,No internet service,Two year,No,Credit card (automatic),32.32,594.72,No
5158-NTQRU,Female,0,Yes,Yes,45,Yes,No,Fiber optic,No,No,No,No,No,No,Month-to-month,Yes,Mailed check,73.68,3316.79,Yes
9672-YRDTO,Male,0,Yes,No,30,Yes,Yes,DSL,Yes,Yes,No,Yes,No,Yes,Month-to-month,Yes,Credit card (automatic),82.88,2478.41,No
5952-IKENB,Male,0,No,Yes,50,Yes,Yes,Fiber optic,No,No,No,No,No,Yes,Month-to-month,Yes,Bank transfer (automatic),91.28,4574.10,Yes
5272-EODDR,Female,0,No,Yes,18,Yes,No,Fiber optic,No,Yes,Yes,Yes,No,Yes,One year,Yes,Bank transfer (automatic),98.4,1763.86,No
7235-IOLDC,Female,0,No,No,61,Yes,Yes,DSL,No,No,No,Yes,Yes,No,One year,No,Electronic check,76.65,4672.07,No
4804-DUGGG,Male,0,Yes,No,43,Yes,Yes,Fiber optic,No,Yes,Yes,Yes,No,Yes,Month-to-month,Yes,Credit card (automatic),109.82,4721.20,Yes
0863-DBVML,Male,0,No,Yes,37,Yes,No,DSL,No,Yes,Yes,No,No,Yes,Month-to-month,Yes,Mailed check,68.94,2549.00,No
9204-FEUZM,Female,0,Yes,No,48,Yes,No,No,No internet service,No internet service,No internet service,No internet service,No internet service,No internet service,Month-to-month,No,Credit card (automatic),21.69,1037.11,No
7907-KGQYD,Male,1,No,No,64,Yes,Yes,DSL,No,No,Yes,No,No,Yes,Month-to-month,Yes,Electronic check,72.04,4622.60,Yes
6273-NRRXX,Male,0,No,No,10,Yes,No,Fiber optic,No,No,Yes,No,Yes,No,Month-to-month,No,Credit card (automatic),88.39,872.56,Yes
0588-BHXTD,Male,0,Yes,No,26,Yes,No,DSL,No,No,No,Yes,Yes,No,Month-to-month,Yes,Bank transfer (automatic),64.13,1677.27,No
4960-KISKD,Male,1,Yes,No,57,Yes,Yes,Fiber optic,No,No,Yes,No,Yes,No,Two year,No,Credit card (automatic),97.73,5562.98,No
6440-RERQZ,Male,1,Yes,Yes,63,Yes,No,Fiber optic,No,Yes,No,No,Yes,No,Two year,No,Mailed check,88.0,5525.68,No
2097-XHWWB,Female,0,Yes,No,64,Yes,Yes,Fiber optic,No,No,No,Yes,No,Yes,Month-to-month,No,Bank transfer (automatic),95.77,6134.33,Yes
8643-XUFTR,Female,0,No,No,14,Yes,No,DSL,Yes,No,No,Yes,No,No,Month-to-month,Yes,Electronic check,57.38,794.97,No
6166-AJJLC,Male,0,Yes,No,0,Yes,No,No,No internet service,No internet service,No internet service,No internet service,No internet service,No internet service,Month-to-month,Yes,Bank transfer (automatic),23.44, ,Yes
2528-UFFHZ,Female,0,Yes,No,18,Yes,Yes,Fiber optic,No,No,No,No,No,Yes,One year,Yes,Credit card (automatic),93.44,1670.38,No
2865-QPTUR,Male,0,No,Yes,55,Yes,No,No,No internet service,No internet service,No internet service,No internet service,No internet service,No internet service,Month-to-month,Yes,Bank transfer (automatic),25.64,1418.20,No
0179-VJBIX,Female,1,No,No,63,Yes,No,DSL,Yes,No,No,No,No,No,One year,Yes,Mailed check,51.26,3212.55,No
3962-FPSZS,Female,0,Yes,No,33,Yes,Yes,DSL,No,No,No,No,No,No,Month-to-month,Yes,Credit card (automatic),57.5,1890.79,No
8573-THWUP,Female,0,Yes,No,63,Yes,Yes,No,No internet service,No internet service,No internet service,No internet service,No internet service,No internet service,One year,Yes,Mailed check,36.66,2316.46,No
1506-YEELG,Male,0,Yes,Yes,9,Yes,No,Fiber optic,No,No,No,Yes,Yes,No,Month-to-month,Yes,Mailed check,85.57,759.19,Yes
4930-FNIDZ,Female,0,Yes,No,59,Yes,No,Fiber optic,Yes,No,No,Yes,No,Yes,One year,Yes,Bank transfer (automatic),92.6,5450.20,No
3452-IAKVF,Female,0,Yes,Yes,38,Yes,No,Fiber optic,No,No,Yes,No,No,Yes,Two year,Yes,Electronic check,91.26,3468.40,No
7488-RULGB,Male,0,No,Yes,65,Yes,Yes,Fiber optic,No,Yes,No,Yes,No,No,Two year,Yes,Mailed check,96.45,6263.36,No
6879-YTHIJ,Female,0,Yes,Yes,31,Yes,No,DSL,No,No,Yes,No,Yes,No,One year,No,Electronic check,62.96,1953.32,No
1920-QZVAE,Female,0,Yes,No,50,No,No phone service,Fiber optic,No,No,Yes,Yes,No,No,Month-to-month,Yes,Credit card (automatic),76.23,3806.91,No
5853-AFGUF,Male,0,Yes,No,25,Yes,No,Fiber optic,No,Yes,No,No,No,Yes,Two year,No,Credit card (automatic),87.51,2177.24,No
9707-LKBBX,Female,0,No,No,56,No,No phone service,Fiber optic,No,No,No,Yes,No,No,Month-to-month,Yes,Credit card (automatic),73.1,4098.68,No
1748-YXYGP,Male,0,Yes,No,59,Yes,No,Fiber optic,No,No,No,No,Yes,No,Month-to-month,Yes,Credit card (automatic),82.98,4904.38,Yes
7581-CBVSQ,Male,0,No,Yes,54,Yes,No,Fiber optic,No,No,No,No,No,Yes,Month-to-month,Yes,Credit card (automatic),85.92,4632.67,Yes
3435-SZFJN,Male,0,No,No,5,Yes,No,Fiber optic,No,No,No,No,No,No,Two year,Yes,Electronic check,71.75,376.58,Yes
0579-NMXPA,Male,1,No,No,6,Yes,No,No,No internet service,No internet service,No internet service,No internet service,No internet service,No internet service,Two year,Yes,Electronic check,23.98,159.58,No
6993-NLVFO,Female,0,Yes,Yes,65,Yes,No,No,No internet service,No internet service,No internet service,No internet service,No internet service,No internet service,Two year,Yes,Bank transfer (automatic),23.01,1520.49,No
4989-XLVDD,Male,0,Yes,No,25,Yes,Yes,Fiber optic,No,Yes,Yes,Yes,No,Yes,Month-to-month,No,Electronic check,108.3,2705.12,Yes
8365-BUSIJ,Female,0,No,No,4,Yes,No,DSL,Yes,No,No,Yes,No,No,Two year,Yes,Electronic check,58.52,233.05,No
0933-YABQM,Male,0,No,Yes,0,Yes,Yes,DSL,Yes,No,No,No,No,Yes,One year,No,Mailed check,71.94, ,Yes
0023-JBNQE,Male,0,No,No,1,Yes,Yes,Fiber optic,No,No,No,No,Yes,No,Month-to-month,No,Credit card (automatic),95.02,91.08,Yes
5129-SRTEH,Female,0,No,Yes,64,Yes,Yes,DSL,Yes,No,Yes,No,Yes,Yes,Two year,Yes,Credit card (automatic),89.19,5712.66,No
5829-IKTXZ,Male,0,No,No,9,Yes,No,Fiber optic,Yes,No,No,Yes,Yes,No,Month-to-month,Yes,Mailed check,94.18,835.95,No
6689-ORUSG,Male,1,No,No,49,Yes,Yes,Fiber optic,No,No,No,Yes,No,No,Two year,Yes,Bank transfer (automatic),86.44,4233.01,No
2441-ALFMQ,Male,0,No,No,50,Yes,No,No,No internet service,No internet service,No internet service,No internet service,No internet service,No internet service,Two year,Yes,Mailed check,26.3,1323.12,No
8940-LXADG,Male,0,Yes,No,68,Yes,Yes,DSL,Yes,Yes,No,Yes,No,No,One year,Yes,Electronic check,73.46,4987.21,No
3463-EGQLO,Female,0,Yes,No,40,Yes,Yes,DSL,No,No,No,Yes,No,Yes,Two year,Yes,Credit card (automatic),72.27,2888.21,No
2021-UJUZI,Male,0,No,No,57,Yes,Yes,DSL,Yes,Yes,No,Yes,Yes,Yes,Month-to-month,No,Bank transfer (automatic),91.21,5204.16,No
7204-KPCUI,Female,0,Yes,No,67,Yes,Yes,DSL,No,Yes,Yes,No,No,Yes,Month-to-month,Yes,Electronic check,76.76,5141.03,Yes
0082-JEYKE,Male,0,Yes,No,23,Yes,No,No,No internet service,No internet service,No internet service,No internet service,No internet service,No internet service,One year,No,Electronic check,22.69,516.12,No
2866-NHURY,Male,0,Yes,Yes,55,Yes,Yes,DSL,Yes,No,No,Yes,No,No,Month-to-month,Yes,Bank transfer (automatic),61.77,3404.11,No
2199-EHSVI,Female,0,No,Yes,35,No,No phone service,Fiber optic,No,No,No,No,No,Yes,Month-to-month,Yes,Mailed check,81.34,2846.74,Yes
1796-SAVBC,Female,1,Yes,No,1,Yes,No,DSL,Yes,Yes,No,No,No,No,One year,Yes,Mailed check,59.38,61.43,No
4715-QGTAI,Female,1,No,No,55,Yes,No,DSL,No,No,No,No,Yes,No,Month-to-month,No,Credit card (automatic),60.47,3318.99,No
8256-OTFIO,Male,1,Yes,Yes,11,Yes,No,DSL,Yes,No,No,Yes,No,No,Month-to-month,Yes,Bank transfer (automatic),57.76,629.41,No
9565-GQFIC,Male,0,No,No,11,Yes,No,DSL,No,No,Yes,No,No,No,Month-to-month,Yes,Credit card (automatic),55.21,614.46,No
5366-IDHXH,Female,0,Yes,No,71,Yes,Yes,DSL,No,No,No,Yes,No,No,Two year,No,Credit card (automatic),64.44,4589.84,No
7575-ZNNRM,Male,0,Yes,Yes,21,Yes,No,DSL,No,No,Yes,Yes,No,Yes,Month-to-month,Yes,Electronic check,68.7,1437.62,No
2563-QTPFH,Male,1,No,No,61,Yes,Yes,No,No internet service,No internet service,No internet service,No internet service,No internet service,No internet service,Two year,No,Mailed check,32.4,1983.63,No
3904-WVCMG,Female,0,No,No,63,No,No phone service,DSL,No,No,No,No,No,No,Two year,Yes,Electronic check,44.03,2779.54,No
3461-DTVGD,Female,0,Yes,No,27,No,No phone service,DSL,No,Yes,Yes,Yes,Yes,Yes,Month-to-month,Yes,Electronic check,79.31,2149.25,No
9004-QCICC,Female,0,No,Yes,27,Yes,No,DSL,No,No,No,No,No,Yes,Month-to-month,Yes,Bank transfer (automatic),59.47,1604.83,No
8479-OYLFG,Male,0,No,No,3,Yes,Yes,Fiber optic,No,Yes,Yes,Yes,Yes,No,One year,No,Mailed check,107.74,332.77,No
6631-RGJPW,Female,1,Yes,No,44,Yes,No,DSL,Yes,No,No,No,Yes,No,Month-to-month,No,Mailed check,62.12,2738.76,No
9672-KUFXX,Female,1,Yes,No,12,Yes,No,Fiber optic,Yes,No,Yes,No,No,No,One year,No,Bank transfer (automatic),83.24,994.57,No
9235-DZTOE,Male,1,No,No,3,Yes,No,DSL,No,No,Yes,No,Yes,No,Month-to-month,Yes,Mailed check,63.65,187.07,Yes
9611-ZITEC,Female,0,Yes,No,60,Yes,Yes,Fiber optic,No,No,No,Yes,No,No,Month-to-month,No,Mailed check,89.88,5416.70,No
1973-LQPFF,Male,0,Yes,No,25,Yes,No,Fiber optic,No,No,Yes,No,No,No,Month-to-month,Yes,Mailed check,75.96,1907.10,Yes
1176-NBZQX,Female,0,No,Yes,5,Yes,No,Fiber optic,No,No,No,Yes,Yes,No,One year,Yes,Mailed check,85.62,430.67,No
9145-ZQRNJ,Female,0,Yes,Yes,55,Yes,Yes,DSL,No,No,No,No,No,Yes,Two year,Yes,Credit card (automatic),67.61,3715.75,No
3153-SFYHR,Male,0,Yes,Yes,26,Yes,No,Fiber optic,No,No,No,No,No,Yes,Two year,Yes,Bank transfer (automatic),82.57,2143.38,No
2196-YQCVO,Female,0,No,No,34,Yes,No,Fiber optic,No,No,No,No,No,No,One year,No,Electronic check,72.62,2471.45,No
3990-IGNWL,Female,0,Yes,No,57,No,No phone service,DSL,No,Yes,Yes,No,No,No,Month-to-month,No,Electronic check,57.1,3245.05,No
0879-LETAI,Female,0,No,No,62,Yes,Yes,DSL,No,No,Yes,No,Yes,No,One year,No,Electronic check,76.22,4710.53,No
7133-WCPHG,Male,0,Yes,No,32,Yes,No,Fiber optic,No,Yes,No,No,Yes,Yes,One year,No,Electronic check,99.27,3183.28,No
9385-CGVXU,Male,1,No,Yes,32,Yes,No,No,No internet service,No internet service,No internet service,No internet service,No internet service,No internet service,One year,Yes,Electronic check,21.81,713.24,No
5070-PCBFH,Female,0,Yes,No,68,Yes,No,No,No internet service,No internet service,No internet service,No internet service,No internet service,No internet service,Month-to-month,Yes,Electronic check,24.37,1672.76,No
7667-USRCK,Male,0,Yes,Yes,39,No,No phone service,Fiber optic,No,No,No,Yes,No,Yes,One year,No,Bank transfer (automatic),82.29,3215.84,No
2606-VJBZQ,Male,0,Yes,No,46,Yes,Yes,Fiber optic,No,No,No,No,Yes,Yes,Month-to-month,Yes,Bank transfer (automatic),103.46,4755.14,Yes
8138-YKQNR,Male,0,No,No,44,Yes,No,Fiber optic,Yes,No,Yes,No,Yes,No,Month-to-month,Yes,Mailed check,93.03,4107.58,Yes
1177-ZHTOH,Male,0,No,No,26,Yes,No,No,No internet service,No internet service,No internet service,No internet service,No internet service,No internet service,One year,No,Bank transfer (automatic),21.65,578.68,No
6702-ZFQDY,Female,0,Yes,No,6,Yes,Yes,DSL,Yes,No,No,No,No,No,One year,No,Credit card (automatic),59.33,358.91,No
6055-RFJRX,Female,0,Yes,No,57,Yes,No,No,No internet service,No internet service,No internet service,No internet service,No internet service,No internet service,Month-to-month,No,Electronic check,19.76,1138.86,No
6595-YIZJB,Female,1,Yes,No,13,Yes,No,Fiber optic,No,No,No,No,No,Yes,Month-to-month,Yes,Mailed check,84.31,1076.19,Yes
2969-LNIMF,Female,0,No,No,3,Yes,No,DSL,Yes,Yes,No,No,No,No,Two year,No,Mailed check,58.3,178.92,No
0604-IZPKZ,Male,0,Yes,No,33,Yes,Yes,No,No internet service,No internet service,No internet service,No internet service,No internet service,No internet service,One year,No,Credit card (automatic),34.98,1158.35,No
8052-ILSRP,Female,1,No,No,37,Yes,No,DSL,No,Yes,Yes,No,No,No,Two year,Yes,Electronic check,59.2,2185.10,No
7245-LZOJQ,Female,1,No,No,19,Yes,Yes,No,No internet service,No internet service,No internet service,No internet service,No internet service,No internet service,Month-to-month,Yes,Mailed check,36.99,699.43,No
6648-KBUBN,Female,0,No,Yes,45,Yes,No,Fiber optic,No,No,No,Yes,No,No,Two year,Yes,Electronic check,78.41,3538.92,No
1863-PNKHK,Female,0,No,No,18,Yes,Yes,No,No internet service,No internet service,No internet service,No internet service,No internet service,No internet service,Month-to-month,No,Electronic check,32.78,593.74,No
3092-JLABR,Female,0,Yes,No,0,Yes,No,DSL,No,No,Yes,No,Yes,No,Two year,Yes,Credit card (automatic),60.95, ,Yes
6398-RIVJH,Female,0,Yes,No,22,Yes,No,Fiber optic,Yes,Yes,No,Yes,Yes,Yes,One year,Yes,Credit card (automatic),108.38,2390.83,No
6787-FXHBR,Male,0,Yes,No,61,Yes,Yes,DSL,Yes,Yes,Yes,No,Yes,No,Month-to-month,Yes,Credit card (automatic),83.93,5130.47,No
0916-STTTB,Male,0,No,Yes,72,Yes,No,DSL,No,Yes,No,No,Yes,No,Month-to-month,Yes,Electronic check,62.54,4508.00,Yes
5041-IBVTN,Female,0,Yes,Yes,27,Yes,No,No,No internet service,No internet service,No internet service,No internet service,No internet service,No internet service,One year,No,Electronic check,23.82,646.98,No
5116-PSCOO,Female,0,Yes,No,32,Yes,Yes,Fiber optic,Yes,No,No,No,No,No,One year,No,Bank transfer (automatic),88.25,2829.38,No
6762-SWSRG,Female,0,Yes,No,2,No,No phone service,Fiber optic,No,No,No,Yes,Yes,No,One year,No,Mailed check,85.87,157.57,No
2461-XRDDH,Male,0,No,No,15,Yes,No,No,No internet service,No internet service,No internet service,No internet service,No internet service,No internet service,Two year,Yes,Electronic check,23.07,355.82,No
0853-FMVIN,Male,0,No,No,29,Yes,Yes,Fiber optic,Yes,No,No,Yes,Yes,No,One year,No,Bank transfer (automatic),103.05,2992.97,No
3705-ECDHP,Female,0,Yes,No,24,Yes,Yes,Fiber optic,Yes,No,No,Yes,No,Yes,Month-to-month,Yes,Electronic check,103.88,2500.02,Yes
9176-ABWMK,Female,0,Yes,Yes,0,Yes,No,Fiber optic,Yes,Yes,No,Yes,Yes,No,Month-to-month,Yes,Credit card (automatic),101.52, ,Yes
2106-CVPZX,Male,0,Yes,No,32,Yes,Yes,DSL,No,No,No,No,No,No,Two year,Yes,Credit card (automatic),58.07,1857.98,No
5656-UYSVY,Female,0,Yes,No,36,Yes,No,DSL,Yes,Yes,Yes,Yes,Yes,No,Month-to-month,Yes,Bank transfer (automatic),76.97,2773.27,No
0438-KAMTA,Female,0,No,No,28,Yes,Yes,Fiber optic,No,No,No,No,No,No,Two year,No,Bank transfer (automatic),83.57,2350.75,No
2304-FQJKM,Male,1,No,Yes,36,Yes,Yes,No,No internet service,No internet service,No internet service,No internet service,No internet service,No internet service,One year,Yes,Mailed check,32.52,1154.82,No
9330-RKJUR,Male,1,No,Yes,60,Yes,No,Fiber optic,Yes,No,No,No,No,Yes,Month-to-month,Yes,Electronic check,85.47,5104.60,Yes
2840-ECASF,Male,1,No,No,7,Yes,No,Fiber optic,Yes,No,Yes,Yes,No,Yes,Two year,Yes,Electronic check,99.47,707.01,No
9401-UYNLM,Female,0,Yes,No,0,No,No phone service,Fiber optic,Yes,No,Yes,No,Yes,Yes,Month-to-month,Yes,Mailed check,94.78, ,Yes
4404-XYZSD,Male,0,No,No,62,Yes,Yes,Fiber optic,No,No,Yes,Yes,No,Yes,Month-to-month,Yes,Mailed check,101.1,6267.60,Yes
6605-MLYEX,Male,0,No,Yes,64,Yes,Yes,DSL,No,Yes,No,No,Yes,No,Month-to-month,Yes,Credit card (automatic),72.06,4591.95,No
9899-MCQRE,Female,0,No,No,45,Yes,Yes,No,No internet service,No internet service,No internet service,No internet service,No internet service,No internet service,Two year,Yes,Mailed check,34.89,1564.07,No
9653-IOLPD,Male,0,No,Yes,42,Yes,Yes,Fiber optic,Yes,Yes,Yes,No,No,No,Month-to-month,No,Credit card (automatic),98.99,4161.68,Yes
2431-SGBAR,Male,0,No,No,9,Yes,No,No,No internet service,No internet service,No internet service,No internet service,No internet service,No internet service,One year,Yes,Electronic check,25.96,233.42,No
7791-VKWAG,Male,0,No,Yes,9,Yes,No,DSL,No,No,Yes,No,Yes,No,Two year,Yes,Credit card (automatic),63.97,575.87,No
7872-HSVDW,Female,0,Yes,No,61,Yes,Yes,DSL,No,No,No,Yes,No,Yes,Month-to-month,Yes,Bank transfer (automatic),72.59,4432.38,No
7959-DHGZO,Female,0,Yes,No,50,No,No phone service,DSL,No,No,No,No,No,Yes,One year,No,Electronic check,49.77,2480.77,No
7962-CIPNG,Male,0,No,No,44,Yes,No,No,No internet service,No internet service,No internet service,No internet service,No internet service,No internet service,Month-to-month,No,Electronic check,22.36,970.08,No
0205-BGHMP,Female,0,Yes,No,72,Yes,Yes,No,No internet service,No internet service,No internet service,No internet service,No internet service,No internet service,Month-to-month,No,Electronic check,34.29,2477.08,No
5493-YXUMQ,Female,0,No,Yes,72,Yes,Yes,Fiber optic,No,No,No,No,Yes,No,Two year,No,Electronic check,90.58,6535.55,No
7766-XAOOS,Female,0,No,No,44,Yes,Yes,Fiber optic,Yes,No,Yes,Yes,No,No,Month-to-month,Yes,Electronic check,98.98,4355.96,Yes
3599-YDFYN,Male,1,No,No,57,Yes,No,DSL,No,No,Yes,Yes,No,No,Month-to-month,Yes,Credit card (automatic),58.33,3301.87,No
8542-UOCEM,Female,0,Yes,Yes,65,No,No phone service,Fiber optic,No,Yes,No,No,No,No,Two year,Yes,Bank transfer (automatic),72.75,4726.73,No
9905-WRCZI,Female,0,Yes,Yes,23,Yes,Yes,Fiber optic,No,Yes,No,No,Yes,No,Month-to-month,No,Electronic check,97.69,2235.18,Yes
7377-VABTD,Female,0,No,No,64,Yes,No,Fiber optic,No,No,Yes,No,No,No,Month-to-month,No,Bank transfer (automatic),76.97,4921.96,Yes
1815-UTFDY,Male,0,No,No,54,Yes,No,Fiber optic,No,No,No,Yes,No,Yes,Month-to-month,Yes,Electronic check,85.37,4608.67,Yes
9629-DQFBT,Female,0,No,Yes,50,Yes,Yes,DSL,No,No,No,No,Yes,Yes,One year,No,Credit card (automatic),72.16,3623.50,No
4725-QYABA,Female,0,No,No,71,Yes,Yes,Fiber optic,No,No,Yes,No,No,No,Two year,No,Mailed check,90.26,6415.38,No
7316-XIOPU,Female,0,Yes,No,72,No,No phone service,Fiber optic,Yes,Yes,Yes,Yes,Yes,No,Month-to-month,Yes,Electronic check,98.47,7065.58,Yes
2075-EWEDU,Female,0,Yes,No,20,Yes,No,No,No internet service,No internet service,No internet service,No internet service,No internet service,No internet service,Two year,No,Credit card (automatic),24.09,468.12,No
6599-IZBNG,Male,0,No,No,46,Yes,Yes,Fiber optic,Yes,No,Yes,No,No,No,One year,No,Credit card (automatic),93.84,4327.70,No
0737-XTDEM,Female,0,Yes,No,21,Yes,No,DSL,No,Yes,No,No,No,No,Month-to-month,Yes,Mailed check,53.73,1121.15,No
6505-SYCIU,Male,0,Yes,Yes,28,Yes,Yes,DSL,Yes,Yes,Yes,Yes,Yes,No,One year,No,Mailed check,92.7,2599.36,No
9788-WZOAH,Female,0,No,Yes,39,Yes,Yes,DSL,No,Yes,Yes,No,No,No,Two year,No,Bank transfer (automatic),68.73,2674.15,No
6359-PRDHD,Male,1,No,Yes,2,No,No phone service,Fiber optic,No,No,No,No,No,Yes,One year,No,Electronic check,80.19,169.13,Yes
9339-YKBPW,Female,0,No,Yes,48,Yes,Yes,Fiber optic,No,No,No,Yes,No,No,Month-to-month,No,Credit card (automatic),86.47,4154.18,No
2302-BZGFA,Male,0,Yes,Yes,24,Yes,No,No,No internet service,No internet service,No internet service,No internet service,No internet service,No internet service,Month-to-month,No,Bank transfer (automatic),23.85,580.80,No
7804-GRVHX,Male,0,No,No,10,No,No phone service,Fiber optic,No,No,No,No,No,No,Month-to-month,No,Bank transfer (automatic),72.16,703.17,Yes
9975-VCREN,Male,0,Yes,Yes,47,Yes,No,Fiber optic,No,Yes,Yes,No,No,No,Two year,No,Credit card (automatic),83.92,3949.24,No
8345-FPTNT,Female,0,Yes,No,31,Yes,No,Fiber optic,Yes,No,No,No,Yes,No,One year,Yes,Credit card (automatic),87.37,2694.55,No
7448-TGEOY,Male,0,No,No,2,Yes,No,No,No internet service,No internet service,No internet service,No internet service,No internet service,No internet service,Month-to-month,Yes,Bank transfer (automatic),22.99,54.55,No
7799-SYXSJ,Female,0,Yes,Yes,44,Yes,No,DSL,No,No,No,Yes,No,No,Month-to-month,Yes,Electronic check,49.4,2194.62,No
0437-VJUYF,Male,0,Yes,No,19,Yes,Yes,Fiber optic,No,Yes,No,No,No,No,Two year,Yes,Bank transfer (automatic),86.26,1622.80,No
2534-VYSQR,Female,1,No,Yes,19,Yes,Yes,No,No internet service,No internet service,No internet service,No internet service,No internet service,No internet service,Month-to-month,Yes,Bank transfer (automatic),34.13,654.31,No
7361-KZNMX,Female,0,No,Yes,50,No,No phone service,DSL,No,No,Yes,No,No,Yes,One year,Yes,Credit card (automatic),59.26,2949.17,No
9869-QRYZG,Male,0,No,No,19,Yes,No,DSL,No,No,No,No,No,Yes,One year,Yes,Bank transfer (automatic),58.9,1113.07,No
2409-CTTWE,Female,0,Yes,No,13,Yes,Yes,Fiber optic,No,No,No,No,No,No,Month-to-month,No,Mailed check,81.61,1056.50,Yes
8617-BWUJF,Female,0,Yes,No,31,Yes,Yes,Fiber optic,Yes,No,Yes,Yes,No,No,Month-to-month,Yes,Credit card (automatic),98.47,3058.77,No
3446-KLPTU,Male,0,Yes,Yes,71,Yes,Yes,DSL,Yes,No,No,Yes,Yes,Yes,Two year,Yes,Credit card (automatic),90.84,6459.50,No
3374-IUPXC,Female,1,No,No,41,Yes,No,Fiber optic,Yes,Yes,Yes,No,No,Yes,Two year,Yes,Electronic check,94.78,3895.81,No
6041-HVECA,Female,0,Yes,No,38,Yes,No,Fiber optic,No,No,Yes,Yes,Yes,No,Month-to-month,Yes,Credit card (automatic),92.49,3505.47,Yes
9999-LHEIK,Female,0,Yes,No,37,Yes,Yes,Fiber optic,No,Yes,Yes,Yes,Yes,Yes,Month-to-month,Yes,Mailed check,117.23,4343.46,Yes
6006-GIRWR,Male,0,No,Yes,63,Yes,No,Fiber optic,Yes,No,Yes,No,Yes,No,Month-to-month,Yes,Electronic check,93.61,5889.49,Yes
9914-IIJAK,Female,0,No,No,3,Yes,No,DSL,Yes,No,No,Yes,No,No,Month-to-month,No,Electronic check,55.9,166.64,No
6992-ZJQBV,Male,1,Yes,No,62,Yes,Yes,Fiber optic,No,No,Yes,No,Yes,Yes,Two year,No,Bank transfer (automatic),106.24,6578.92,No
9113-SXHFT,Male,0,No,No,60,Yes,Yes,Fiber optic,Yes,Yes,No,No,No,No,Month-to-month,Yes,Bank transfer (automatic),94.15,5654.58,Yes
6815-GAFPH,Male,0,Yes,No,4,Yes,No,Fiber optic,No,Yes,No,No,Yes,No,Month-to-month,Yes,Bank transfer (automatic),87.14,341.55,Yes
6113-OEUNP,Male,0,No,No,65,Yes,Yes,DSL,Yes,No,No,No,No,No,Two year,Yes,Credit card (automatic),64.46,4189.51,No
1671-DOLCD,Female,1,No,Yes,44,Yes,Yes,DSL,No,No,No,No,No,Yes,One year,No,Credit card (automatic),68.77,3031.35,No
4519-VILLX,Female,0,No,Yes,49,Yes,No,DSL,Yes,Yes,No,Yes,Yes,No,Month-to-month,No,Electronic check,74.76,3646.13,No
0891-PAVAV,Female,0,Yes,No,2,No,No phone service,Fiber optic,No,No,No,No,Yes,No,Month-to-month,Yes,Credit card (automatic),75.99,162.01,Yes
1663-RLWAK,Female,0,Yes,No,22,Yes,No,No,No internet service,No internet service,No internet service,No internet service,No internet service,No internet service,Month-to-month,Yes,Bank transfer (automatic),25.76,584.97,No
1108-FPSFG,Female,0,No,No,10,Yes,No,DSL,No,Yes,Yes,Yes,No,No,Month-to-month,Yes,Mailed check,63.68,624.81,No
2390-FOVIB,Male,1,Yes,Yes,37,Yes,No,No,No internet service,No internet service,No internet service,No internet service,No internet service,No internet service,Month-to-month,No,Mailed check,24.96,904.41,No
4464-LJDLO,Male,0,No,Yes,55,Yes,No,DSL,Yes,Yes,No,No,No,No,Month-to-month,Yes,Bank transfer (automatic),55.22,3040.81,No
9174-MDIRC,Male,0,No,No,34,Yes,Yes,Fiber optic,No,No,No,No,Yes,No,Month-to-month,No,Bank transfer (automatic),92.71,3158.53,Yes
7389-LZJJI,Female,0,Yes,Yes,64,Yes,No,No,No internet service,No internet service,No internet service,No internet service,No internet service,No internet service,Month-to-month,Yes,Mailed check,23.09,1463.71,No
9805-PZNMF,Male,0,No,No,5,Yes,Yes,No,No internet service,No internet service,No internet service,No internet service,No internet service,No internet service,One year,No,Electronic check,33.95,164.37,No
7661-TALKM,Female,0,No,No,69,Yes,Yes,Fiber optic,Yes,No,Yes,No,No,No,Month-to-month,Yes,Bank transfer (automatic),95.51,6592.50,Yes
6385-VYMXV,Female,0,Yes,No,39,Yes,Yes,DSL,Yes,No,No,Yes,No,Yes,One year,No,Electronic check,77.34,3013.78,No
5534-CYOKB,Female,0,Yes,Yes,34,Yes,Yes,DSL,No,No,No,Yes,No,No,Month-to-month,Yes,Electronic check,60.18,2054.64,No
6096-BUAET,Male,0,Yes,No,12,Yes,No,DSL,Yes,No,No,Yes,No,No,Month-to-month,Yes,Bank transfer (automatic),54.04,653.05,No
0062-ZPPLI,Male,0,No,No,24,Yes,Yes,Fiber optic,No,No,No,No,No,No,Month-to-month,Yes,Mailed check,82.39,1968.40,Yes
8980-LDQAY,Male,0,Yes,No,66,Yes,No,Fiber optic,No,No,No,No,No,Yes,Month-to-month,Yes,Bank transfer (automatic),84.38,5577.55,Yes
4026-RTBII,Male,0,No,No,67,No,No phone service,Fiber optic,No,No,Yes,Yes,No,No,Month-to-month,No,Credit card (automatic),78.98,5290.23,No
6619-XQXET,Male,0,Yes,No,46,Yes,Yes,Fiber optic,No,Yes,Yes,Yes,Yes,Yes,Month-to-month,Yes,Credit card (automatic),117.96,5415.91,Yes
9129-BPDSE,Female,0,Yes,No,54,Yes,No,Fiber optic,Yes,Yes,No,Yes,No,No,Month-to-month,No,Bank transfer (automatic),89.44,4824.82,No
6847-BVXYT,Male,0,No,No,42,Yes,Yes,Fiber optic,Yes,No,No,Yes,No,Yes,Two year,No,Credit card (automatic),106.64,4484.83,No
3634-ORBNJ,Male,1,Yes,Yes,1,Yes,Yes,DSL,Yes,No,Yes,Yes,No,Yes,One year,No,Electronic check,86.63,72.94,No
4991-FVLXA,Male,0,No,Yes,44,No,No phone service,No,No internet service,No internet service,No internet service,No internet service,No internet service,No internet service,Month-to-month,No,Mailed check,20.55,892.64,No
6683-OWLMV,Female,0,Yes,No,47,Yes,No,DSL,No,Yes,No,No,No,No,Month-to-month,No,Bank transfer (automatic),54.47,2577.15,No
3972-XEDSO,Male,0,No,Yes,61,Yes,Yes,Fiber optic,Yes,Yes,No,No,No,No,Month-to-month,Yes,Mailed check,91.74,5586.37,Yes
9665-CYPOR,Male,0,No,Yes,37,Yes,No,No,No internet service,No internet service,No internet service,No internet service,No internet service,No internet service,One year,No,Credit card (automatic),26.98,1011.04,No
2061-JXYPL,Female,0,No,No,46,No,No phone service,Fiber optic,No,No,No,No,No,No,One year,Yes,Credit card (automatic),70.45,3226.47,No
1507-UISBG,Male,0,Yes,No,3,Yes,No,Fiber optic,No,No,Yes,No,No,No,One year,No,Electronic check,78.43,238.18,Yes
6946-FYLCP,Female,0,No,No,59,Yes,Yes,Fiber optic,No,No,No,Yes,No,No,Month-to-month,No,Credit card (automatic),85.87,5076.16,No
3897-ZFCLI,Female,0,Yes,No,48,Yes,No,No,No internet service,No internet service,No internet service,No internet service,No internet service,No internet service,Month-to-month,No,Credit card (automatic),24.47,1163.34,No
8516-IYSRL,Male,0,No,Yes,33,Yes,Yes,No,No internet service,No internet service,No internet service,No internet service,No internet service,No internet service,Two year,Yes,Credit card (automatic),34.88,1142.82,No
4962-LDJBL,Male,0,Yes,No,43,Yes,No,No,No internet service,No internet service,No internet service,No internet service,No internet service,No internet service,Month-to-month,Yes,Credit card (automatic),23.12,1005.66,No
9161-ATOVJ,Male,0,Yes,No,55,Yes,No,DSL,Yes,No,No,No,No,No,Month-to-month,No,Credit card (automatic),50.06,2772.84,No
9300-YAWKL,Female,0,No,No,41,Yes,Yes,DSL,No,Yes,No,No,No,Yes,Month-to-month,Yes,Electronic check,72.1,2963.40,Yes
6005-XWVZC,Male,0,Yes,No,49,Yes,No,Fiber optic,No,No,Yes,No,Yes,No,Month-to-month,Yes,Electronic check,88.86,4352.99,Yes
6573-YOQWI,Female,0,Yes,No,68,Yes,Yes,No,No internet service,No internet service,No internet service,No internet service,No internet service,No internet service,Month-to-month,No,Mailed check,35.45,2410.65,No
9092-WIQFN,Female,1,No,No,32,Yes,Yes,Fiber optic,No,Yes,Yes,No,No,Yes,Month-to-month,No,Electronic check,103.09,3287.71,Yes
1466-JPGTF,Male,0,No,Yes,66,Yes,Yes,DSL,No,Yes,No,No,Yes,No,Month-to-month,Yes,Mailed check,71.53,4700.66,No
9568-VZQHB,Male,0,Yes,Yes,41,No,No phone service,No,No internet service,No internet service,No internet service,No internet service,No internet service,No internet service,One year,Yes,Electronic check,18.25,755.59,No
2456-LTCYD,Female,0,No,No,43,Yes,Yes,Fiber optic,No,No,No,Yes,Yes,No,Month-to-month,No,Electronic check,101.92,4364.26,Yes
8822-KMXAF,Male,0,Yes,No,67,Yes,No,Fiber optic,No,No,No,No,No,No,Two year,No,Electronic check,73.06,4889.80,No
5817-WRQTR,Female,0,No,Yes,56,Yes,Yes,DSL,Yes,Yes,No,No,No,No,Month-to-month,No,Bank transfer (automatic),66.54,3725.11,No
2183-AHTNZ,Male,0,Yes,No,35,Yes,Yes,DSL,No,No,No,Yes,No,No,Two year,Yes,Electronic check,59.33,2068.26,No
7789-GPDLL,Male,1,Yes,No,40,Yes,Yes,Fiber optic,Yes,No,Yes,No,No,Yes,Month-to-month,Yes,Mailed check,102.03,4088.31,Yes
1535-PXCAU,Male,0,No,No,55,Yes,No,Fiber optic,Yes,Yes,Yes,No,Yes,No,Month-to-month,Yes,Credit card (automatic),101.09,5559.79,Yes
2520-IUMOP,Male,0,Yes,No,2,Yes,Yes,Fiber optic,Yes,No,Yes,No,No,No,Two year,Yes,Mailed check,90.53,176.50,No
1180-ZCZWA,Female,1,Yes,No,55,Yes,No,DSL,Yes,Yes,No,No,No,Yes,Month-to-month,No,Electronic check,69.8,3844.58,No
1588-LXCBA,Female,1,Yes,Yes,55,Yes,No,Fiber optic,Yes,No,No,No,No,No,Month-to-month,Yes,Mailed check,76.16,4192.13,Yes
8429-ZENOC,Female,0,No,No,64,Yes,No,Fiber optic,No,No,Yes,No,Yes,Yes,One year,Yes,Bank transfer (automatic),98.1,6286.77,No
8002-FKRNP,Female,1,Yes,No,38,Yes,Yes,No,No internet service,No internet service,No internet service,No internet service,No internet service,No internet service,Two year,No,Mailed check,34.83,1319.30,No
0798-JMACN,Female,0,Yes,No,39,Yes,No,No,No internet service,No internet service,No internet service,No internet service,No internet service,No internet service,Two year,Yes,Bank transfer (automatic),20.42,804.69,No
4693-FATXE,Female,0,No,Yes,38,Yes,No,DSL,Yes,No,No,Yes,No,Yes,Two year,No,Electronic check,69.76,2653.92,No
7098-TYXHM,Male,1,Yes,No,26,Yes,No,DSL,Yes,No,Yes,No,Yes,No,One year,No,Electronic check,68.64,1791.71,No
1298-SNHEG,Male,0,No,Yes,66,Yes,No,No,No internet service,No internet service,No internet service,No internet service,No internet service,No internet service,Month-to-month,Yes,Electronic check,23.63,1569.07,No
3734-AZHGK,Female,0,No,No,64,Yes,No,DSL,No,No,No,No,No,No,Month-to-month,No,Credit card (automatic),47.91,3073.82,No
4507-YEZGJ,Female,0,No,No,2,Yes,Yes,DSL,Yes,No,No,No,No,No,Month-to-month,Yes,Electronic check,64.25,128.51,Yes
3513-UNYYX,Female,0,Yes,Yes,2,Yes,Yes,Fiber optic,Yes,No,Yes,Yes,No,No,Month-to-month,Yes,Credit card (automatic),97.69,198.53,Yes
3560-QDSZT,Female,1,No,Yes,36,Yes,No,Fiber optic,No,No,No,Yes,No,No,Month-to-month,Yes,Electronic check,74.95,2707.68,Yes
8136-RXZTY,Female,0,Yes,Yes,19,No,No phone service,Fiber optic,No,Yes,No,No,No,Yes,Month-to-month,Yes,Credit card (automatic),82.81,1563.57,Yes
0609-YNZLZ,Female,0,No,No,10,No,No phone service,DSL,Yes,Yes,No,No,No,No,Month-to-month,No,Electronic check,56.82,570.54,No
0260-OUFSV,Male,0,No,Yes,23,Yes,No,Fiber optic,No,No,No,Yes,No,Yes,One year,No,Electronic check,87.67,1995.73,No
3553-ASKZG,Male,0,Yes,No,69,Yes,Yes,Fiber optic,No,No,No,No,No,Yes,Month-to-month,Yes,Electronic check,92.77,6399.27,Yes
1354-VUIKR,Female,0,Yes,No,64,Yes,Yes,Fiber optic,Yes,Yes,Yes,No,Yes,No,Two year,No,Electronic check,105.61,6735.41,No
3060-VZJYR,Female,0,No,No,31,Yes,Yes,DSL,Yes,No,Yes,No,No,Yes,Two year,No,Mailed check,83.32,2575.58,No
0925-OMGKH,Male,0,No,No,61,Yes,No,DSL,Yes,Yes,Yes,Yes,Yes,Yes,One year,Yes,Credit card (automatic),84.46,5134.17,No
3767-EZGPP,Male,0,Yes,No,54,Yes,Yes,Fiber optic,Yes,Yes,No,No,No,Yes,Month-to-month,Yes,Electronic check,102.81,5562.33,Yes
3029-OYOTU,Male,0,Yes,No,35,Yes,Yes,DSL,No,No,Yes,Yes,No,Yes,Two year,Yes,Electronic check,76.96,2687.30,No
2534-KWLGI,Male,0,No,Yes,65,Yes,Yes,DSL,Yes,Yes,No,No,No,No,One year,No,Bank transfer (automatic),67.09,4350.68,No
1373-SZFSO,Male,0,Yes,No,36,Yes,Yes,Fiber optic,No,No,Yes,No,No,No,Month-to-month,Yes,Electronic check,86.23,3106.54,Yes
1820-NMYEG,Female,0,No,No,13,Yes,No,Fiber optic,No,Yes,No,No,No,No,Month-to-month,Yes,Electronic check,78.03,1006.97,Yes
1054-JFBGQ,Male,0,Yes,Yes,45,No,No phone service,DSL,No,No,No,Yes,No,Yes,Month-to-month,No,Credit card (automatic),56.43,2526.54,No
7665-ZUISY,Male,0,Yes,No,55,Yes,Yes,Fiber optic,No,Yes,No,No,No,No,Two year,Yes,Electronic check,85.85,4718.99,No
4726-ZDEDM,Male,1,Yes,No,49,Yes,Yes,Fiber optic,No,Yes,No,No,No,Yes,Month-to-month,No,Electronic check,92.84,4533.74,Yes
8655-JWUZM,Male,0,No,No,60,Yes,No,DSL,No,No,Yes,No,No,No,Month-to-month,No,Credit card (automatic),50.78,3066.36,No
2269-ADZHT,Male,0,Yes,No,16,Yes,Yes,No,No internet service,No internet service,No internet service,No internet service,No internet service,No internet service,Month-to-month,No,Bank transfer (automatic),33.55,538.11,No
0408-HGEDW,Male,1,No,No,26,Yes,Yes,Fiber optic,Yes,No,Yes,No,Yes,No,Month-to-month,Yes,Bank transfer (automatic),105.82,2757.90,Yes
2744-QOZHG,Male,0,No,Yes,53,Yes,Yes,No,No internet service,No internet service,No internet service,No internet service,No internet service,No internet service,Two year,Yes,Bank transfer (automatic),31.26,1669.49,No
0338-ZRDJC,Male,0,No,No,28,No,No phone service,DSL,No,No,Yes,No,No,Yes,Month-to-month,No,Mailed check,59.24,1671.96,No
9464-EDYFJ,Male,0,No,Yes,12,Yes,Yes,Fiber optic,Yes,Yes,Yes,No,No,No,Two year,Yes,Mailed check,97.61,1178.28,No
5550-PKFTR,Male,0,No,Yes,48,Yes,No,DSL,No,No,No,No,Yes,No,Month-to-month,No,Bank transfer (automatic),56.89,2727.12,No
5004-VRJXT,Male,0,No,No,24,Yes,No,Fiber optic,No,No,Yes,Yes,Yes,No,Two year,No,Mailed check,92.25,2216.51,No
3949-DPEZS,Female,0,No,Yes,22,No,No phone service,DSL,Yes,No,Yes,No,Yes,Yes,Two year,Yes,Bank transfer (automatic),71.03,1563.32,No
7574-GJGVN,Male,0,Yes,No,25,Yes,No,No,No internet service,No internet service,No internet service,No internet service,No internet service,No internet service,One year,No,Credit card (automatic),21.31,533.71,No
9358-KNLDM,Male,0,No,No,47,Yes,No,No,No internet service,No internet service,No internet service,No internet service,No internet service,No internet service,One year,No,Mailed check,21.9,1034.38,No
5523-SOSZT,Female,0,No,Yes,35,Yes,No,Fiber optic,No,No,No,Yes,No,Yes,Month-to-month,No,Electronic check,87.98,3081.26,Yes
3535-BDROL,Male,0,No,No,5,Yes,No,No,No internet service,No internet service,No internet service,No internet service,No internet service,No internet service,Month-to-month,Yes,Electronic check,20.68,99.33,No
7865-HTJKB,Male,0,Yes,No,38,Yes,No,DSL,Yes,Yes,No,No,Yes,No,Month-to-month,No,Electronic check,68.25,2619.92,No
3484-YIHEN,Male,0,No,No,56,Yes,No,Fiber optic,Yes,Yes,No,No,No,No,Two year,Yes,Mailed check,81.68,4560.76,No
1407-BWOBK,Female,0,Yes,Yes,65,Yes,No,Fiber optic,Yes,No,No,No,No,No,Month-to-month,No,Electronic check,78.83,5127.17,Yes
4965-NMUVB,Female,0,Yes,No,9,Yes,No,Fiber optic,No,No,No,Yes,No,No,One year,Yes,Mailed check,79.92,725.74,No
9007-CKSIM,Female,1,No,No,71,Yes,No,DSL,No,Yes,Yes,No,No,Yes,Month-to-month,Yes,Electronic check,68.44,4871.80,Yes
5336-FBIRX,Male,0,No,Yes,8,Yes,Yes,Fiber optic,No,Yes,Yes,Yes,No,No,Month-to-month,Yes,Bank transfer (automatic),93.26,744.74,Yes
3900-YTQSC,Female,1,Yes,No,71,Yes,Yes,Fiber optic,No,No,Yes,Yes,No,Yes,Month-to-month,No,Electronic check,101.91,7242.46,Yes
6576-QCYDM,Male,0,Yes,No,26,No,No phone service,No,No internet service,No internet service,No internet service,No internet service,No internet service,No internet service,Month-to-month,Yes,Electronic check,18.25,471.34,No
2470-RMGMQ,Female,0,Yes,No,45,Yes,No,DSL,No,No,Yes,Yes,No,No,One year,Yes,Electronic check,57.9,2615.59,No
4975-SWSLU,Male,1,No,No,62,Yes,Yes,Fiber optic,Yes,Yes,Yes,No,No,Yes,One year,No,Electronic check,106.93,6632.79,No
6193-RWCIF,Female,0,No,No,41,Yes,Yes,DSL,No,No,No,No,Yes,No,One year,Yes,Electronic check,67.7,2783.82,No
0976-QCCCG,Female,1,No,No,40,Yes,No,DSL,No,No,No,Yes,No,Yes,Month-to-month,No,Credit card (automatic),62.95,2521.39,No
5145-BNADN,Male,0,No,No,33,Yes,Yes,DSL,No,No,Yes,No,Yes,Yes,Two year,Yes,Electronic check,84.63,2790.04,No
3302-WDRXA,Male,0,No,No,29,Yes,Yes,Fiber optic,Yes,No,No,Yes,Yes,No,Month-to-month,Yes,Credit card (automatic),102.09,2947.51,No
8413-CWFKI,Male,0,Yes,No,43,Yes,No,Fiber optic,No,No,No,No,No,No,One year,Yes,Mailed check,68.48,2933.18,No
3265-UJGEY,Male,0,Yes,No,0,Yes,No,No,No internet service,No internet service,No internet service,No internet service,No internet service,No internet service,Month-to-month,No,Electronic check,24.36, ,Yes
3094-QQQAX,Male,0,No,Yes,44,Yes,Yes,Fiber optic,No,No,No,No,No,No,One year,Yes,Credit card (automatic),83.09,3649.62,No
1862-ITWOS,Female,0,Yes,Yes,46,Yes,No,Fiber optic,No,Yes,Yes,No,No,Yes,Two year,No,Mailed check,91.46,4205.45,No
4358-OUOQE,Male,0,Yes,No,29,Yes,No,DSL,Yes,Yes,No,No,No,Yes,Month-to-month,No,Mailed check,66.06,1921.98,No
4874-UNBIN,Male,0,No,No,21,No,No phone service,DSL,No,Yes,Yes,Yes,No,No,Two year,No,Mailed check,58.21,1222.49,No
3695-NEKUN,Male,1,Yes,No,14,Yes,Yes,Fiber optic,No,No,No,Yes,Yes,No,Month-to-month,No,Credit card (automatic),97.1,1365.62,Yes
6181-IKTZK,Female,0,No,Yes,37,Yes,Yes,Fiber optic,No,Yes,Yes,Yes,Yes,Yes,Two year,Yes,Credit card (automatic),121.75,4517.98,No
9504-VYNYP,Male,0,Yes,No,22,Yes,No,DSL,No,No,No,No,No,Yes,Month-to-month,Yes,Electronic check,59.77,1309.71,Yes
8237-HPRHW,Female,0,No,Yes,30,Yes,Yes,DSL,No,Yes,No,No,Yes,Yes,Month-to-month,No,Bank transfer (automatic),83.42,2517.37,No
8414-NRMLO,Male,0,Yes,No,56,Yes,Yes,Fiber optic,No,Yes,No,No,Yes,Yes,One year,No,Credit card (automatic),110.02,6133.29,No
4866-AYVGM,Male,0,Yes,No,34,Yes,No,DSL,Yes,Yes,Yes,No,Yes,No,Two year,Yes,Bank transfer (automatic),73.32,2496.11,No
1038-YPKCQ,Male,0,No,Yes,65,Yes,No,Fiber optic,No,Yes,No,Yes,Yes,Yes,Month-to-month,Yes,Credit card (automatic),101.9,6628.07,Yes
1880-YQJTE,Female,0,No,No,52,Yes,Yes,No,No internet service,No internet service,No internet service,No internet service,No internet service,No internet service,Two year,Yes,Electronic check,30.9,1612.50,No
7443-YHYWG,Male,1,Yes,No,30,Yes,No,No,No internet service,No internet service,No internet service,No internet service,No internet service,No internet service,Month-to-month,No,Bank transfer (automatic),25.13,765.90,No
4905-JPVJD,Male,0,Yes,No,25,Yes,No,DSL,No,No,No,No,No,Yes,Two year,No,Bank transfer (automatic),56.65,1424.71,No
1028-LAUJF,Female,0,No,No,30,Yes,No,DSL,No,Yes,Yes,No,Yes,No,Two year,Yes,Electronic check,70.21,2115.03,No
8040-BNBEJ,Male,0,Yes,No,71,Yes,Yes,DSL,Yes,No,No,No,Yes,Yes,One year,No,Mailed check,84.39,5970.55,No
3541-IJHYF,Female,0,No,Yes,11,Yes,No,DSL,No,Yes,No,Yes,Yes,No,Two year,Yes,Mailed check,68.53,747.16,No
4413-RBLHD,Male,0,No,No,52,Yes,No,DSL,No,No,No,Yes,Yes,No,Month-to-month,Yes,Bank transfer (automatic),63.93,3321.52,No
3638-ILNCF,Male,0,Yes,No,55,Yes,Yes,Fiber optic,Yes,No,No,No,No,No,Two year,Yes,Mailed check,87.17,4801.76,No
6230-IWZPW,Female,0,Yes,Yes,61,Yes,No,DSL,Yes,No,No,No,No,No,Month-to-month,Yes,Electronic check,52.94,3238.21,No
8574-PHJNQ,Male,1,Yes,No,43,Yes,No,Fiber optic,Yes,Yes,No,No,No,Yes,Month-to-month,No,Mailed check,92.46,3967.04,Yes
2387-NPHRG,Male,1,Yes,No,57,No,No phone service,Fiber optic,No,No,No,No,No,Yes,Month-to-month,Yes,Electronic check,78.01,4450.88,Yes
2535-DSBDZ,Male,0,Yes,No,64,Yes,No,Fiber optic,No,No,Yes,No,No,Yes,One year,Yes,Mailed check,86.0,5494.04,No
1600-EWNQT,Female,0,No,No,12,Yes,Yes,Fiber optic,No,No,No,Yes,Yes,No,Month-to-month,No,Electronic check,98.93,1193.46,Yes
4163-HAJAA,Male,0,No,Yes,60,Yes,No,DSL,No,Yes,No,No,No,No,Month-to-month,Yes,Credit card (automatic),55.32,3328.45,No
3045-GHXRD,Male,0,No,No,67,Yes,No,Fiber optic,Yes,Yes,Yes,No,No,Yes,Month-to-month,Yes,Credit card (automatic),98.3,6598.39,Yes
6882-WDYWP,Female,0,Yes,No,50,Yes,Yes,No,No internet service,No internet service,No internet service,No internet service,No internet service,No internet service,Month-to-month,Yes,Credit card (automatic),36.03,1789.18,No
5867-KETAN,Male,0,No,Yes,61,Yes,No,Fiber optic,No,Yes,No,No,Yes,No,Two year,Yes,Mailed check,90.34,5502.72,No
7532-ETWFS,Male,0,Yes,No,47,Yes,Yes,DSL,Yes,No,No,Yes,Yes,No,Month-to-month,No,Mailed check,81.03,3781.55,No
9064-AQFDN,Male,1,Yes,No,62,Yes,Yes,Fiber optic,Yes,No,No,No,Yes,No,One year,No,Credit card (automatic),97.26,6038.60,No
7137-XPECM,Female,0,Yes,No,71,Yes,Yes,No,No internet service,No internet service,No internet service,No internet service,No internet service,No internet service,Month-to-month,Yes,Credit card (automatic),30.7,2193.09,No
3213-YFDQG,Male,0,No,Yes,71,Yes,No,No,No internet service,No internet service,No internet service,No internet service,No internet service,No internet service,One year,Yes,Bank transfer (automatic),25.18,1777.80,No
1590-WDSZG,Male,0,No,No,50,Yes,No,DSL,No,No,No,Yes,No,No,Month-to-month,Yes,Mailed check,55.1,2746.80,No
2732-WWIJW,Female,0,No,No,23,Yes,Yes,DSL,Yes,No,Yes,No,No,No,Two year,No,Electronic check,68.55,1586.87,No
5237-FYHNH,Female,0,Yes,Yes,39,Yes,No,No,No internet service,No internet service,No internet service,No internet service,No internet service,No internet service,One year,No,Mailed check,20.27,787.78,No
9969-KAOEN,Female,0,Yes,No,28,Yes,Yes,DSL,No,Yes,No,No,Yes,No,Two year,Yes,Electronic check,73.43,2067.98,No
6983-HQDDR,Male,1,Yes,No,72,Yes,No,Fiber optic,No,Yes,Yes,No,No,Yes,Two year,Yes,Electronic check,92.33,6647.39,No
2286-BIXFF,Female,1,Yes,No,16,Yes,No,Fiber optic,Yes,Yes,No,Yes,Yes,No,Two year,Yes,Electronic check,99.83,1602.84,No
1252-KKWPE,Male,0,Yes,No,0,Yes,Yes,Fiber optic,Yes,Yes,Yes,Yes,No,Yes,One year,Yes,Electronic check,114.51, ,Yes
3712-JDJNF,Male,0,Yes,No,0,Yes,Yes,No,No internet service,No internet service,No internet service,No internet service,No internet service,No internet service,One year,Yes,Mailed check,32.25, ,No
4467-FSTQN,Female,0,Yes,No,24,Yes,Yes,Fiber optic,Yes,No,No,No,No,Yes,Month-to-month,Yes,Credit card (automatic),96.47,2308.62,Yes
4972-JMOTM,Male,1,Yes,No,40,No,No phone service,Fiber optic,No,Yes,Yes,No,No,No,Month-to-month,Yes,Credit card (automatic),76.18,3047.48,Yes
3589-STVVG,Female,0,Yes,No,22,Yes,No,DSL,Yes,Yes,No,No,No,Yes,One year,No,Mailed check,66.97,1447.02,No
0813-CCKEP,Female,0,No,No,17,Yes,Yes,No,No internet service,No internet service,No internet service,No internet service,No internet service,No internet service,Month-to-month,No,Credit card (automatic),33.17,582.94,No
6662-IVKLZ,Female,0,No,No,27,No,No phone service,Fiber optic,No,No,No,No,Yes,Yes,One year,Yes,Bank transfer (automatic),87.58,2370.29,No
7036-LILSL,Female,0,No,No,11,Yes,No,Fiber optic,No,Yes,No,Yes,No,No,Month-to-month,Yes,Electronic check,79.6,872.77,Yes
5725-IIFEA,Male,0,Yes,No,48,No,No phone service,Fiber optic,No,Yes,Yes,No,No,Yes,Month-to-month,No,Mailed check,90.79,4353.43,Yes
2234-PKHIN,Male,0,Yes,Yes,15,Yes,Yes,Fiber optic,Yes,Yes,No,Yes,No,Yes,Month-to-month,No,Credit card (automatic),105.21,1563.08,No
6952-IZQIC,Male,0,Yes,Yes,26,Yes,No,Fiber optic,No,Yes,No,No,No,No,Month-to-month,No,Electronic check,76.13,1968.61,Yes
8907-VYDUV,Female,0,Yes,Yes,52,Yes,Yes,Fiber optic,Yes,No,Yes,Yes,Yes,No,Two year,No,Electronic check,107.31,5583.89,No
8581-NTCDA,Female,0,No,No,35,Yes,Yes,Fiber optic,No,No,No,No,No,Yes,Month-to-month,Yes,Electronic check,91.66,3208.06,Yes
1393-UYQHS,Male,0,Yes,No,6,Yes,No,No,No internet service,No internet service,No internet service,No internet service,No internet service,No internet service,Two year,Yes,Bank transfer (automatic),22.41,141.90,No
8778-OTPUL,Female,0,No,No,33,Yes,No,Fiber optic,No,No,No,No,No,No,Month-to-month,No,Credit card (automatic),73.09,2401.30,Yes
6162-FFFZO,Male,1,No,No,64,Yes,Yes,No,No internet service,No internet service,No internet service,No internet service,No internet service,No internet service,Month-to-month,Yes,Mailed check,32.77,2110.58,No
1876-POITO,Female,0,No,No,3,Yes,Yes,Fiber optic,Yes,No,No,No,Yes,No,Month-to-month,Yes,Bank transfer (automatic),95.6,279.87,Yes
1392-BRNXE,Female,0,No,No,25,Yes,No,Fiber optic,Yes,No,No,No,No,Yes,Month-to-month,Yes,Credit card (automatic),87.0,2164.62,Yes
5766-LGLPG,Male,0,No,No,19,No,No phone service,No,No internet service,No internet service,No internet service,No internet service,No internet service,No internet service,Month-to-month,No,Bank transfer (automatic),18.25,341.61,No
7020-XRGVQ,Male,1,No,No,50,Yes,Yes,Fiber optic,No,No,Yes,No,Yes,No,Two year,Yes,Mailed check,95.5,4790.28,No
5826-DQGPQ,Male,0,No,No,9,Yes,Yes,DSL,No,Yes,Yes,No,No,Yes,Month-to-month,No,Electronic check,75.02,683.14,Yes
3846-MGSKH,Female,0,No,No,7,Yes,No,Fiber optic,No,Yes,No,No,No,No,Month-to-month,No,Bank transfer (automatic),76.83,527.80,Yes
0393-RVQCI,Male,0,Yes,No,17,Yes,Yes,Fiber optic,No,No,No,No,No,No,Month-to-month,No,Mailed check,82.22,1390.06,Yes
9518-BLPGA,Male,0,Yes,No,16,Yes,Yes,DSL,No,No,Yes,No,No,No,Month-to-month,No,Credit card (automatic),68.39,1070.80,No
4623-ECOFO,Female,0,Yes,No,68,Yes,No,DSL,Yes,No,No,No,No,Yes,Month-to-month,Yes,Mailed check,64.63,4399.64,No
2760-BDUNN,Female,0,Yes,No,29,Yes,No,DSL,No,Yes,Yes,No,Yes,No,Two year,No,Electronic check,69.74,2020.00,No
9338-DTTPB,Female,0,No,No,38,Yes,Yes,No,No internet service,No internet service,No internet service,No internet service,No internet service,No internet service,Two year,No,Electronic check,32.23,1217.04,No
7347-DEUFW,Female,0,Yes,No,60,Yes,No,Fiber optic,No,Yes,No,No,No,No,Month-to-month,No,Bank transfer (automatic),82.06,4938.15,Yes
2928-QJLMX,Female,0,Yes,No,23,Yes,No,Fiber optic,No,Yes,No,No,Yes,Yes,Month-to-month,Yes,Mailed check,98.82,2296.04,Yes
9242-ZQZEH,Male,1,Yes,No,34,Yes,Yes,No,No internet service,No internet service,No internet service,No internet service,No internet service,No internet service,Month-to-month,No,Bank transfer (automatic),33.98,1159.08,No
4380-EAVOJ,Female,1,No,Yes,60,Yes,No,DSL,No,No,Yes,Yes,No,Yes,Two year,Yes,Credit card (automatic),68.83,4132.85,No
8137-PSWLW,Male,0,Yes,No,71,Yes,Yes,DSL,No,No,Yes,No,Yes,No,Month-to-month,No,Electronic check,74.82,5314.48,Yes
1930-XZZYQ,Female,0,Yes,Yes,14,Yes,No,No,No internet service,No internet service,No internet service,No internet service,No internet service,No internet service,Two year,Yes,Bank transfer (automatic),23.54,329.53,No
6008-JZFQP,Female,0,No,No,35,Yes,No,Fiber optic,No,No,No,No,Yes,Yes,Month-to-month,Yes,Credit card (automatic),93.49,3257.55,Yes
6293-TXQXI,Female,0,No,Yes,54,Yes,Yes,Fiber optic,No,Yes,No,No,No,Yes,Month-to-month,No,Electronic check,99.97,5390.98,Yes
6065-EEAFM,Female,0,No,Yes,36,Yes,Yes,Fiber optic,Yes,No,Yes,No,Yes,Yes,Two year,No,Credit card (automatic),112.87,4062.95,No
3077-MKDGS,Male,0,No,Yes,61,Yes,Yes,DSL,No,No,No,No,No,No,Month-to-month,No,Electronic check,53.65,3281.71,No
7644-IVVBP,Male,0,No,No,63,Yes,Yes,Fiber optic,No,Yes,No,No,No,No,Two year,No,Mailed check,88.56,5575.88,No
4392-IGDYI,Male,0,Yes,No,38,Yes,No,Fiber optic,No,Yes,No,No,Yes,No,Month-to-month,Yes,Mailed check,83.87,3202.91,Yes
6486-YKSKY,Female,0,Yes,No,11,Yes,No,DSL,Yes,No,No,Yes,Yes,No,One year,No,Bank transfer (automatic),67.31,751.34,No
0410-SWOSJ,Male,0,No,No,71,Yes,No,No,No internet service,No internet service,No internet service,No internet service,No internet service,No internet service,Month-to-month,Yes,Electronic check,23.71,1683.07,No
9825-BXJOE,Male,1,Yes,Yes,7,No,No phone service,DSL,Yes,No,Yes,No,Yes,Yes,Month-to-month,Yes,Mailed check,73.66,513.71,No
1624-YPQBP,Male,0,Yes,Yes,40,Yes,No,DSL,No,Yes,No,No,No,No,Two year,Yes,Credit card (automatic),51.79,2074.51,No
4306-IQHIB,Male,0,No,Yes,68,Yes,Yes,Fiber optic,No,Yes,No,Yes,Yes,No,One year,Yes,Electronic check,99.58,6777.24,No
0561-UEGLQ,Male,0,No,No,2,Yes,Yes,DSL,Yes,No,No,No,No,No,Month-to-month,No,Electronic check,60.67,122.18,Yes
9742-MPYSW,Female,0,Yes,No,42,Yes,No,No,No internet service,No internet service,No internet service,No internet service,No internet service,No internet service,Two year,No,Electronic check,18.54,780.85,No
9697-OZPHD,Female,0,Yes,No,36,Yes,No,DSL,No,No,No,Yes,No,Yes,Month-to-month,No,Bank transfer (automatic),60.17,2175.96,No
0359-KMFVN,Female,1,Yes,No,56,Yes,Yes,No,No internet service,No internet service,No internet service,No internet service,No internet service,No internet service,Two year,No,Mailed check,31.3,1752.54,No
6090-PGTFV,Female,0,No,No,24,Yes,Yes,DSL,No,Yes,Yes,No,No,Yes,Two year,Yes,Mailed check,77.66,1873.22,No
8133-WPAUT,Male,0,Yes,No,3,Yes,Yes,No,No internet service,No internet service,No internet service,No internet service,No internet service,No internet service,Month-to-month,Yes,Credit card (automatic),34.1,99.10,No
1487-PIGJG,Male,0,Yes,Yes,57,Yes,Yes,DSL,No,No,No,Yes,No,Yes,Month-to-month,Yes,Electronic check,72.16,4105.36,No
1297-KRGLF,Male,0,No,Yes,36,Yes,Yes,DSL,No,Yes,No,No,No,Yes,One year,No,Credit card (automatic),73.58,2643.73,No
9332-FSOYT,Male,0,No,No,7,Yes,Yes,Fiber optic,No,Yes,No,Yes,No,No,One year,Yes,Electronic check,92.67,645.46,No
3116-ECFFA,Female,0,No,No,8,No,No phone service,Fiber optic,No,Yes,Yes,No,No,No,Month-to-month,Yes,Mailed check,82.14,645.63,Yes
2463-HSFOF,Male,0,No,No,0,No,No phone service,Fiber optic,No,Yes,No,No,No,Yes,Month-to-month,Yes,Bank transfer (automatic),80.15, ,Yes
8369-AKQRT,Male,0,Yes,No,12,Yes,Yes,Fiber optic,No,No,No,No,No,Yes,Month-to-month,Yes,Credit card (automatic),97.16,1171.25,Yes
5351-YCWQH,Male,0,No,No,67,Yes,Yes,No,No internet service,No internet service,No internet service,No internet service,No internet service,No internet service,Month-to-month,Yes,Bank transfer (automatic),31.39,2097.34,No
3462-YYXAL,Male,0,No,No,15,Yes,No,No,No internet service,No internet service,No internet service,No internet service,No internet service,No internet service,One year,Yes,Bank transfer (automatic),24.19,353.55,No
1121-QKEVG,Female,0,No,No,43,No,No phone service,Fiber optic,No,Yes,Yes,No,No,Yes,Month-to-month,No,Electronic check,86.52,3723.47,Yes
9616-RBFVH,Male,0,Yes,Yes,64,Yes,Yes,DSL,Yes,No,Yes,No,No,Yes,Month-to-month,Yes,Mailed check,76.7,4893.03,No
4490-DQZPU,Female,0,Yes,No,13,Yes,No,DSL,Yes,No,No,No,No,No,Month-to-month,Yes,Mailed check,53.24,691.75,No
7020-MFJAZ,Female,0,Yes,Yes,25,Yes,No,DSL,Yes,No,No,No,Yes,Yes,Month-to-month,Yes,Credit card (automatic),70.83,1767.64,No
2441-SNIAM,Male,0,No,No,31,Yes,Yes,DSL,Yes,Yes,No,No,No,No,Month-to-month,No,Electronic check,67.73,2088.99,No
0175-NTWFY,Female,0,Yes,No,1,Yes,Yes,No,No internet service,No internet service,No internet service,No internet service,No internet service,No internet service,Month-to-month,No,Electronic check,33.42,38.83,Yes
5128-OGFES,Female,0,No,Yes,15,Yes,No,Fiber optic,No,Yes,No,Yes,No,Yes,Month-to-month,Yes,Electronic check,88.55,1322.60,Yes
3046-RHLJF,Male,0,Yes,No,48,Yes,No,Fiber optic,No,Yes,No,Yes,No,No,Month-to-month,No,Bank transfer (automatic),80.52,3872.35,No
9217-MTGGP,Male,0,Yes,No,22,Yes,Yes,No,No internet service,No internet service,No internet service,No internet service,No internet service,No internet service,Month-to-month,Yes,Mailed check,31.38,693.50,No
9897-LOHGZ,Female,0,No,No,59,Yes,Yes,DSL,Yes,No,Yes,No,Yes,No,Two year,Yes,Mailed check,82.34,4853.27,No
4862-FCFXI,Male,0,No,Yes,65,Yes,No,Fiber optic,No,Yes,Yes,No,No,Yes,One year,Yes,Mailed check,91.22,5946.91,No
1526-DNUJF,Male,0,Yes,Yes,19,Yes,Yes,Fiber optic,Yes,No,Yes,No,Yes,No,One year,No,Credit card (automatic),103.43,1966.98,No
7133-VTKUE,Female,0,No,No,17,Yes,Yes,No,No internet service,No internet service,No internet service,No internet service,No internet service,No internet service,Two year,No,Electronic check,35.06,592.82,No
7356-XYZHD,Female,0,No,Yes,58,Yes,Yes,DSL,Yes,Yes,No,Yes,Yes,Yes,Month-to-month,No,Credit card (automatic),91.9,5348.28,No
3942-OBBYH,Female,0,Yes,Yes,30,Yes,Yes,Fiber optic,No,No,No,No,No,No,Month-to-month,Yes,Credit card (automatic),81.57,2443.62,Yes
5849-AXSYK,Male,0,No,No,3,Yes,No,Fiber optic,Yes,No,No,No,No,Yes,Two year,Yes,Bank transfer (automatic),88.51,291.25,No
0200-FMTZD,Female,0,Yes,No,26,Yes,Yes,Fiber optic,No,No,No,Yes,Yes,No,One year,No,Electronic check,96.27,2509.11,No
4219-HWZDR,Male,0,No,Yes,17,Yes,No,Fiber optic,Yes,Yes,Yes,Yes,Yes,No,Two year,No,Bank transfer (automatic),104.37,1792.31,No
8734-JFDRU,Female,0,Yes,No,62,Yes,Yes,Fiber optic,No,No,Yes,Yes,No,No,Month-to-month,Yes,Electronic check,94.86,5892.85,Yes
0682-VIDVS,Female,0,Yes,No,70,Yes,No,Fiber optic,Yes,Yes,Yes,No,No,No,Two year,Yes,Credit card (automatic),88.36,6179.39,No
8663-FKXOV,Female,1,Yes,No,18,Yes,Yes,No,No internet service,No internet service,No internet service,No internet service,No internet service,No internet service,Two year,Yes,Bank transfer (automatic),35.07,636.65,No
5379-XYVRP,Female,0,Yes,No,38,Yes,Yes,DSL,Yes,No,No,Yes,Yes,No,Two year,Yes,Electronic check,79.74,3045.64,No
3374-TXSRT,Male,0,Yes,Yes,65,Yes,Yes,DSL,Yes,Yes,No,Yes,Yes,Yes,Two year,Yes,Bank transfer (automatic),91.21,5950.70,No
0040-TXNXB,Female,0,Yes,No,45,Yes,Yes,DSL,No,No,No,No,No,Yes,Two year,Yes,Electronic check,63.62,2865.30,No
2202-HFEZO,Male,1,No,No,37,Yes,Yes,DSL,No,Yes,No,Yes,No,No,Two year,Yes,Electronic check,63.07,2320.83,No
8654-UJYZF,Male,0,Yes,No,66,Yes,No,No,No internet service,No internet service,No internet service,No internet service,No internet service,No internet service,Month-to-month,Yes,Electronic check,24.22,1603.39,No
3335-AYRBE,Male,0,Yes,No,28,Yes,No,Fiber optic,Yes,No,Yes,Yes,No,No,Month-to-month,Yes,Bank transfer (automatic),86.52,2417.57,No
3246-ZBFDB,Female,0,Yes,No,56,Yes,No,No,No internet service,No internet service,No internet service,No internet service,No internet service,No internet service,Two year,Yes,Bank transfer (automatic),22.52,1254.25,No
0749-PBXSG,Male,0,Yes,No,47,Yes,Yes,No,No internet service,No internet service,No internet service,No internet service,No internet service,No internet service,Month-to-month,No,Credit card (automatic),35.09,1658.74,No
1639-QUNLM,Male,0,Yes,No,51,Yes,No,DSL,No,No,No,No,No,No,Two year,No,Mailed check,47.14,2400.44,No
3701-UJZMB,Female,0,Yes,No,47,Yes,Yes,Fiber optic,No,Yes,No,No,No,No,One year,Yes,Credit card (automatic),87.3,4106.33,No
0593-OPUSO,Female,0,No,No,60,Yes,No,Fiber optic,No,No,No,Yes,No,Yes,Two year,Yes,Mailed check,87.27,5228.81,No
9535-EBTBE,Female,0,Yes,Yes,66,Yes,Yes,No,No internet service,No internet service,No internet service,No internet service,No internet service,No internet service,One year,Yes,Bank transfer (automatic),31.42,2070.88,No
2541-NJXVY,Female,1,Yes,No,47,Yes,Yes,Fiber optic,No,No,No,Yes,Yes,No,Month-to-month,Yes,Mailed check,97.02,4551.26,Yes
2376-HINHX,Male,0,Yes,No,7,Yes,Yes,DSL,Yes,No,No,Yes,Yes,No,Month-to-month,Yes,Mailed check,80.44,578.58,No
5163-STTSY,Female,0,Yes,Yes,66,Yes,No,DSL,Yes,Yes,No,Yes,No,No,One year,No,Mailed check,61.11,4025.92,No
2100-UEYTU,Female,0,Yes,No,13,Yes,No,Fiber optic,Yes,No,No,No,Yes,No,Month-to-month,Yes,Electronic check,88.7,1155.99,Yes
5968-FAXRY,Female,0,No,No,46,Yes,Yes,DSL,No,Yes,No,No,No,No,Month-to-month,No,Credit card (automatic),64.53,2976.51,No
6699-LUXZO,Female,0,No,Yes,23,No,No phone service,Fiber optic,Yes,No,No,Yes,No,Yes,Month-to-month,No,Bank transfer (automatic),90.35,2075.67,No
0280-KXFPZ,Female,0,Yes,No,61,Yes,Yes,DSL,No,Yes,No,Yes,No,No,Month-to-month,Yes,Mailed check,71.23,4352.91,No
4548-RJVLT,Male,0,Yes,No,57,Yes,Yes,Fiber optic,Yes,Yes,No,No,Yes,No,Month-to-month,Yes,Mailed check,102.57,5850.89,Yes
2412-WLABC,Male,0,Yes,No,33,Yes,No,DSL,Yes,Yes,No,No,No,Yes,Two year,No,Electronic check,69.15,2297.20,No
9637-HAEAO,Female,0,Yes,Yes,30,Yes,No,Fiber optic,Yes,No,No,No,No,No,Two year,No,Credit card (automatic),78.6,2365.62,No
6377-YFWOG,Female,0,Yes,Yes,47,Yes,No,DSL,Yes,No,No,No,Yes,No,One year,Yes,Electronic check,65.73,3100.40,No
4683-MRHGV,Male,0,No,No,44,Yes,No,Fiber optic,No,No,No,No,No,No,Two year,No,Electronic check,72.94,3215.84,No
6259-PPGWM,Female,0,No,No,28,Yes,No,Fiber optic,No,Yes,No,No,Yes,No,One year,Yes,Bank transfer (automatic),90.97,2526.61,No
4216-TRXRV,Male,0,No,No,28,Yes,Yes,DSL,No,Yes,No,Yes,No,Yes,Month-to-month,Yes,Credit card (automatic),79.68,2220.57,No
3843-HCIHL,Male,0,Yes,No,62,Yes,No,No,No internet service,No internet service,No internet service,No internet service,No internet service,No internet service,Two year,No,Bank transfer (automatic),22.16,1381.14,No
7940-KJMYB,Male,0,No,No,47,No,No phone service,DSL,Yes,No,Yes,No,No,No,Month-to-month,No,Electronic check,51.16,2388.14,No
0509-ZJGGA,Male,0,Yes,No,11,Yes,Yes,Fiber optic,No,No,Yes,No,No,No,Month-to-month,No,Mailed check,87.16,962.68,Yes
9421-EEBFG,Female,0,No,Yes,26,Yes,Yes,DSL,Yes,Yes,Yes,No,No,No,Month-to-month,Yes,Bank transfer (automatic),72.4,1890.63,No
0231-JKUMP,Female,0,Yes,Yes,46,Yes,No,Fiber optic,No,No,No,No,No,No,Two year,Yes,Bank transfer (automatic),70.63,3257.87,No
3107-RTZEB,Female,0,Yes,No,65,Yes,No,DSL,Yes,No,Yes,No,Yes,Yes,Month-to-month,No,Mailed check,78.13,5068.89,No
9815-GVKKM,Female,0,Yes,No,36,Yes,No,Fiber optic,No,No,Yes,No,No,Yes,Month-to-month,No,Electronic check,87.81,3166.56,Yes
3019-JVHCG,Female,0,Yes,No,44,Yes,No,DSL,No,No,Yes,No,Yes,Yes,Month-to-month,Yes,Mailed check,70.09,3088.94,No
8366-ZICKQ,Male,1,No,No,56,Yes,Yes,Fiber optic,Yes,No,No,No,Yes,Yes,Two year,No,Mailed check,104.92,5878.69,No
7314-TAPWD,Male,0,Yes,No,17,Yes,No,DSL,No,Yes,Yes,No,Yes,No,Two year,Yes,Electronic check,68.92,1173.05,No
7870-HEAYY,Female,0,No,No,12,Yes,Yes,Fiber optic,Yes,No,No,Yes,No,No,Month-to-month,Yes,Bank transfer (automatic),93.74,1122.12,No
6608-ALGYI,Male,0,No,No,72,Yes,No,DSL,Yes,No,No,Yes,No,No,Month-to-month,Yes,Mailed check,56.95,4083.80,No
4511-ZIAJN,Male,0,No,No,28,Yes,Yes,DSL,No,No,Yes,No,No,Yes,Month-to-month,Yes,Mailed check,71.23,2011.84,No
4695-VFMHW,Male,0,No,No,55,Yes,No,Fiber optic,Yes,No,Yes,Yes,Yes,Yes,Month-to-month,Yes,Electronic check,109.58,6034.21,Yes
4919-FPJOU,Male,0,Yes,No,19,Yes,No,Fiber optic,Yes,No,Yes,Yes,No,No,Month-to-month,No,Electronic check,86.24,1643.19,Yes
3948-BVYJU,Female,1,Yes,No,28,Yes,No,Fiber optic,No,Yes,Yes,Yes,No,No,Two year,Yes,Mailed check,89.47,2510.29,No
5934-XAAJD,Female,0,Yes,Yes,5,Yes,No,DSL,Yes,Yes,Yes,No,Yes,Yes,Month-to-month,Yes,Electronic check,85.93,443.47,Yes
9249-HAEUR,Male,0,Yes,No,25,Yes,No,No,No internet service,No internet service,No internet service,No internet service,No internet service,No internet service,Month-to-month,Yes,Credit card (automatic),24.82,608.17,No
4796-LBMNF,Male,0,No,No,60,Yes,No,Fiber optic,Yes,No,No,No,Yes,No,Month-to-month,Yes,Mailed check,85.46,5114.56,Yes
9099-CKKPF,Female,0,No,No,42,Yes,Yes,Fiber optic,No,No,No,Yes,No,No,Month-to-month,Yes,Mailed check,86.34,3607.22,No
8051-YMBSB,Female,0,No,Yes,46,Yes,No,DSL,Yes,No,No,Yes,Yes,No,One year,Yes,Bank transfer (automatic),67.02,3078.91,No
3390-XPUHF,Female,0,Yes,No,25,Yes,No,Fiber optic,No,No,Yes,Yes,No,No,Two year,Yes,Mailed check,83.18,2080.79,No
1698-WKUPD,Female,0,No,No,0,Yes,Yes,Fiber optic,No,No,No,No,Yes,No,Two year,No,Bank transfer (automatic),93.32, ,Yes
7546-SYDDX,Male,0,Yes,No,72,Yes,No,DSL,Yes,No,Yes,No,Yes,Yes,Month-to-month,Yes,Electronic check,75.94,5467.55,No
5018-PFWIS,Male,0,Yes,Yes,25,Yes,No,No,No internet service,No internet service,No internet service,No internet service,No internet service,No internet service,One year,No,Electronic check,24.96,607.58,No
4496-BTDHZ,Male,0,No,Yes,63,Yes,Yes,Fiber optic,No,Yes,Yes,No,Yes,Yes,Month-to-month,Yes,Electronic check,114.22,7184.44,Yes
2183-IFACG,Female,0,Yes,No,61,Yes,No,DSL,No,Yes,No,No,No,Yes,Month-to-month,No,Mailed check,62.72,3844.05,No
8747-RSXIZ,Male,0,No,No,5,No,No phone service,Fiber optic,Yes,Yes,No,No,No,No,Month-to-month,No,Mailed check,77.07,382.73,Yes
7354-LDIJC,Female,1,No,Yes,61,Yes,Yes,Fiber optic,Yes,No,No,Yes,Yes,No,Two year,Yes,Credit card (automatic),103.67,6320.54,No
0697-KMCSN,Male,1,No,No,65,Yes,Yes,Fiber optic,No,Yes,No,No,Yes,No,Two year,No,Electronic check,97.51,6347.44,No
5154-GIIQW,Male,0,Yes,Yes,41,Yes,No,DSL,No,Yes,Yes,Yes,No,No,Two year,Yes,Bank transfer (automatic),63.13,2599.51,No
2310-JCJIQ,Female,0,No,Yes,26,Yes,No,DSL,No,No,Yes,Yes,No,No,Month-to-month,Yes,Electronic check,58.41,1521.62,No
2423-DQFKL,Female,0,Yes,No,64,Yes,No,Fiber optic,No,No,Yes,No,Yes,No,Month-to-month,Yes,Credit card (automatic),86.34,5529.60,Yes
6656-CUNNW,Male,0,Yes,Yes,29,Yes,No,DSL,Yes,Yes,Yes,Yes,Yes,Yes,One year,No,Electronic check,92.3,2664.64,No
9491-FWKRZ,Male,0,Yes,Yes,64,Yes,Yes,DSL,Yes,No,No,Yes,Yes,No,One year,Yes,Electronic check,76.79,4918.57,No
7472-BGEUM,Male,0,Yes,No,46,Yes,No,Fiber optic,Yes,No,No,No,No,Yes,Month-to-month,Yes,Mailed check,86.81,3999.58,Yes
7879-BJKWK,Female,1,No,No,31,No,No phone service,DSL,Yes,No,No,No,Yes,No,Month-to-month,No,Credit card (automatic),55.79,1739.25,No
4623-WBRAA,Female,1,No,No,33,Yes,Yes,No,No internet service,No internet service,No internet service,No internet service,No internet service,No internet service,Two year,No,Electronic check,32.55,1068.66,No
0549-XUAXF,Female,0,No,No,46,Yes,Yes,Fiber optic,No,No,Yes,No,Yes,Yes,Two year,No,Electronic check,110.98,5115.45,No
7197-VAMAJ,Female,0,Yes,No,13,Yes,Yes,Fiber optic,Yes,Yes,Yes,No,No,No,Two year,No,Bank transfer (automatic),96.02,1257.88,No
4639-EJCBB,Male,1,No,No,4,Yes,Yes,DSL,Yes,No,No,Yes,Yes,No,Two year,Yes,Mailed check,78.28,308.77,No
4314-ZIXII,Female,1,Yes,No,35,Yes,Yes,DSL,Yes,No,No,No,Yes,No,One year,Yes,Bank transfer (automatic),75.0,2633.53,No
7837-RIYCF,Male,0,Yes,No,8,Yes,Yes,DSL,No,No,Yes,Yes,Yes,Yes,Month-to-month,Yes,Bank transfer (automatic),85.25,673.71,No
6240-SXCHI,Female,0,No,Yes,34,Yes,Yes,Fiber optic,No,No,No,No,No,No,Month-to-month,No,Electronic check,83.34,2819.05,Yes
5657-NWJQC,Male,0,No,No,24,Yes,No,Fiber optic,No,Yes,No,No,No,No,Month-to-month,No,Mailed check,78.72,1884.60,Yes
2230-NBLEV,Female,0,Yes,No,45,Yes,No,Fiber optic,No,No,No,Yes,No,No,One year,No,Electronic check,80.57,3627.80,No
8186-ITWAX,Male,0,No,Yes,12,Yes,No,No,No internet service,No internet service,No internet service,No internet service,No internet service,No internet service,Two year,No,Bank transfer (automatic),23.25,274.39,No
6619-OIKXA,Female,0,No,No,60,Yes,Yes,No,No internet service,No internet service,No internet service,No internet service,No internet service,No internet service,One year,No,Mailed check,33.76,2010.04,No
0410-JMHMT,Male,0,Yes,Yes,29,Yes,Yes,Fiber optic,No,Yes,No,No,No,No,One year,No,Electronic check,84.79,2463.30,No
1457-OGGQS,Female,0,No,No,31,Yes,Yes,Fiber optic,No,Yes,Yes,No,Yes,Yes,One year,No,Bank transfer (automatic),114.47,3547.14,No
2619-GPIAL,Male,1,No,Yes,29,Yes,No,No,No internet service,No internet service,No internet service,No internet service,No internet service,No internet service,Month-to-month,Yes,Credit card (automatic),26.27,751.11,No
1511-EGDMP,Female,0,No,Yes,55,Yes,No,DSL,Yes,No,Yes,No,No,Yes,Month-to-month,Yes,Electronic check,70.06,3851.33,No
5233-TAMTT,Female,0,Yes,Yes,66,Yes,No,DSL,No,No,No,No,No,No,Month-to-month,Yes,Bank transfer (automatic),47.44,3124.46,No
5895-VGWPQ,Male,0,No,No,70,Yes,No,Fiber optic,No,Yes,No,Yes,No,No,Month-to-month,Yes,Credit card (automatic),82.73,5791.26,No
7083-YHYOV,Male,0,Yes,No,54,Yes,No,DSL,Yes,Yes,Yes,No,Yes,No,Month-to-month,Yes,Mailed check,72.99,3939.25,No
8322-HBVYY,Female,0,No,No,7,Yes,Yes,DSL,No,No,No,No,No,Yes,Month-to-month,No,Credit card (automatic),71.98,508.47,No
7706-OQYCA,Female,0,Yes,Yes,42,Yes,Yes,DSL,No,No,No,Yes,No,No,Two year,No,Credit card (automatic),66.03,2770.91,No
7616-EOGJP,Female,0,Yes,No,47,Yes,Yes,DSL,No,No,No,No,Yes,No,Month-to-month,No,Mailed check,66.47,3103.78,No
6116-STNWB,Female,0,No,No,57,Yes,No,DSL,No,Yes,No,No,No,Yes,One year,No,Electronic check,61.26,3483.27,No
1802-JTECI,Female,0,Yes,No,31,Yes,Yes,DSL,No,No,Yes,Yes,Yes,No,Month-to-month,Yes,Electronic check,80.33,2481.39,No
4668-BCTHA,Female,0,No,No,68,Yes,No,DSL,Yes,No,Yes,No,No,No,Month-to-month,Yes,Mailed check,57.56,3916.02,No
8437-NICND,Female,1,No,Yes,6,Yes,Yes,Fiber optic,No,No,No,Yes,No,No,Month-to-month,No,Credit card (automatic),88.9,533.48,Yes
0294-XQQCP,Male,0,Yes,No,19,Yes,No,Fiber optic,No,No,Yes,No,No,No,Month-to-month,No,Bank transfer (automatic),78.71,1505.62,Yes
8803-LXBTP,Male,0,Yes,No,61,Yes,Yes,Fiber optic,No,No,Yes,No,No,No,Month-to-month,No,Bank transfer (automatic),90.94,5546.12,Yes
6646-FBIER,Male,1,No,No,20,Yes,Yes,No,No internet service,No internet service,No internet service,No internet service,No internet service,No internet service,Month-to-month,Yes,Mailed check,30.89,607.38,No
5941-JJWJR,Male,0,No,No,28,Yes,Yes,DSL,Yes,No,Yes,No,No,Yes,Two year,Yes,Electronic check,78.86,2209.79,No
6533-PVYZV,Female,0,Yes,No,69,Yes,Yes,DSL,No,No,No,No,Yes,Yes,Two year,No,Credit card (automatic),80.95,5591.77,No
5040-KNIJD,Female,0,Yes,No,37,Yes,No,No,No internet service,No internet service,No internet service,No internet service,No internet service,No internet service,Month-to-month,Yes,Electronic check,27.56,1016.98,No
1859-CMLRF,Female,0,No,Yes,41,Yes,No,DSL,No,No,No,No,No,No,Two year,No,Credit card (automatic),49.12,2021.58,No
9584-OOLIM,Female,0,No,No,2,Yes,Yes,Fiber optic,No,No,Yes,No,No,No,Month-to-month,Yes,Credit card (automatic),86.51,169.18,Yes
4108-ZWSFZ,Female,0,No,No,36,Yes,Yes,DSL,Yes,No,Yes,Yes,No,No,Two year,Yes,Electronic check,72.8,2620.67,No
3813-QGTEL,Female,0,No,No,16,Yes,No,Fiber optic,No,Yes,Yes,Yes,No,Yes,Month-to-month,Yes,Electronic check,97.35,1557.84,Yes
0131-NNMQZ,Male,0,No,No,32,Yes,No,No,No internet service,No internet service,No internet service,No internet service,No internet service,No internet service,Month-to-month,Yes,Credit card (automatic),25.26,799.83,No
0512-UPSFW,Female,0,Yes,No,9,No,No phone service,Fiber optic,No,No,No,No,Yes,No,Month-to-month,Yes,Electronic check,79.13,707.46,Yes
9518-RFIYR,Female,0,Yes,No,36,Yes,Yes,Fiber optic,No,Yes,Yes,No,No,No,Month-to-month,No,Mailed check,94.59,3406.66,Yes
8767-ZXQIF,Female,0,Yes,No,32,Yes,Yes,Fiber optic,No,Yes,Yes,No,No,Yes,Month-to-month,Yes,Mailed check,103.26,3307.65,Yes
0069-RFMEU,Female,0,No,No,27,Yes,No,DSL,No,Yes,No,No,Yes,No,One year,No,Bank transfer (automatic),63.69,1735.67,No
9574-HEJOF,Female,0,No,No,41,Yes,No,No,No internet service,No internet service,No internet service,No internet service,No internet service,No internet service,One year,No,Credit card (automatic),22.8,928.28,No
7162-IJGSX,Female,0,Yes,No,57,Yes,No,Fiber optic,No,No,No,No,No,No,Two year,Yes,Electronic check,72.77,4156.58,No
9197-GEDKZ,Female,0,No,No,47,Yes,Yes,No,No internet service,No internet service,No internet service,No internet service,No internet service,No internet service,Month-to-month,Yes,Credit card (automatic),29.87,1409.56,No
9035-FRYMM,Male,0,Yes,No,50,Yes,Yes,Fiber optic,No,No,No,Yes,No,Yes,One year,No,Credit card (automatic),98.2,4918.23,No
0331-XRROR,Male,0,No,No,9,No,No phone service,DSL,Yes,Yes,No,Yes,Yes,No,Month-to-month,No,Electronic check,69.65,620.48,No
0431-QARQY,Male,0,Yes,Yes,7,No,No phone service,Fiber optic,No,No,Yes,No,Yes,No,Month-to-month,No,Bank transfer (automatic),84.33,586.69,Yes
1284-MXWFM,Male,0,No,No,15,Yes,No,Fiber optic,Yes,No,No,Yes,Yes,Yes,Month-to-month,No,Bank transfer (automatic),103.44,1545.75,No
1386-CVXXH,Female,0,Yes,No,61,Yes,No,Fiber optic,No,No,No,Yes,No,No,Month-to-month,No,Electronic check,78.01,4756.16,Yes
7959-KCYNN,Male,0,No,No,48,Yes,Yes,No,No internet service,No internet service,No internet service,No internet service,No internet service,No internet service,Two year,Yes,Bank transfer (automatic),31.87,1535.18,No
2390-BFMNA,Male,0,Yes,No,14,Yes,No,Fiber optic,No,No,Yes,Yes,No,No,One year,Yes,Credit card (automatic),82.46,1155.00,No
8711-XLXAU,Female,0,Yes,No,15,Yes,No,DSL,Yes,Yes,Yes,Yes,No,No,Month-to-month,Yes,Electronic check,70.31,1063.35,No
1022-MZIJA,Male,0,No,No,26,Yes,Yes,No,No internet service,No internet service,No internet service,No internet service,No internet service,No internet service,Two year,Yes,Credit card (automatic),34.22,881.92,No
1848-VJZSH,Female,0,No,Yes,46,Yes,Yes,Fiber optic,No,No,No,No,No,Yes,Month-to-month,No,Bank transfer (automatic),92.97,4257.08,Yes
8183-HEFTE,Male,0,Yes,Yes,25,Yes,Yes,DSL,Yes,No,Yes,Yes,Yes,Yes,Month-to-month,No,Electronic check,94.98,2373.90,No
0230-SDNNI,Male,0,No,Yes,71,Yes,No,Fiber optic,Yes,No,No,Yes,No,No,Month-to-month,No,Bank transfer (automatic),86.05,6107.91,No
2238-YQOHZ,Male,0,No,No,40,Yes,No,Fiber optic,Yes,Yes,Yes,No,No,No,One year,Yes,Electronic check,89.33,3575.73,No
0194-MKNPF,Female,0,Yes,Yes,10,Yes,No,No,No internet service,No internet service,No internet service,No internet service,No internet service,No internet service,Two year,Yes,Electronic check,24.27,245.89,No
1942-GQELS,Female,0,No,Yes,8,Yes,No,DSL,No,No,No,No,No,No,Month-to-month,Yes,Electronic check,46.57,358.08,Yes
1293-OOKBR,Male,0,No,Yes,53,Yes,No,Fiber optic,No,Yes,Yes,No,No,Yes,Month-to-month,Yes,Bank transfer (automatic),94.51,4989.66,Yes
2151-AHJTR,Male,0,Yes,No,10,Yes,No,DSL,Yes,Yes,Yes,Yes,No,No,Month-to-month,Yes,Credit card (automatic),68.02,703.76,No
3146-VBKMT,Female,0,No,No,6,Yes,Yes,No,No internet service,No internet service,No internet service,No internet service,No internet service,No internet service,One year,Yes,Electronic check,32.81,210.95,No
7663-AWFHM,Female,0,No,No,27,Yes,Yes,Fiber optic,No,Yes,No,Yes,Yes,Yes,One year,Yes,Mailed check,114.9,3113.46,No
4797-IQCLL,Male,0,No,No,61,Yes,No,Fiber optic,No,Yes,Yes,No,No,Yes,Month-to-month,No,Mailed check,92.56,5658.32,Yes
5379-NALEN,Male,0,Yes,No,54,Yes,No,DSL,No,No,Yes,Yes,No,Yes,Month-to-month,Yes,Electronic check,66.14,3574.72,No
3095-ZMCKK,Male,0,No,Yes,35,Yes,Yes,No,No internet service,No internet service,No internet service,No internet service,No internet service,No internet service,Month-to-month,Yes,Electronic check,35.29,1240.93,No
4539-JLVWR,Male,0,No,Yes,72,Yes,No,DSL,No,No,Yes,No,Yes,Yes,Month-to-month,Yes,Electronic check,73.45,5279.08,Yes
6612-CAQJF,Female,0,Yes,Yes,62,Yes,No,No,No internet service,No internet service,No internet service,No internet service,No internet service,No internet service,Two year,No,Electronic check,21.6,1340.53,No
8806-VDKSI,Male,0,No,Yes,50,Yes,No,Fiber optic,Yes,Yes,Yes,No,No,No,Two year,Yes,Electronic check,88.09,4408.17,No
9473-DPFFS,Female,0,Yes,No,47,Yes,Yes,Fiber optic,No,No,No,Yes,Yes,No,Month-to-month,No,Mailed check,98.75,4656.16,Yes
1818-PKNHM,Female,0,Yes,No,67,Yes,Yes,Fiber optic,Yes,Yes,No,No,No,No,One year,No,Bank transfer (automatic),91.32,6096.17,No
9642-BKXRX,Female,1,No,No,9,Yes,Yes,No,No internet service,No internet service,No internet service,No internet service,No internet service,No internet service,Two year,Yes,Credit card (automatic),32.56,313.31,No
4837-KOWXU,Female,1,Yes,No,25,No,No phone service,Fiber optic,No,Yes,No,No,No,Yes,Month-to-month,Yes,Bank transfer (automatic),82.95,2081.38,Yes
1629-ZZZMB,Female,0,Yes,Yes,66,Yes,No,Fiber optic,Yes,No,No,No,No,No,Month-to-month,Yes,Electronic check,74.02,4889.47,Yes
2396-ZPLAF,Female,1,Yes,Yes,52,Yes,Yes,No,No internet service,No internet service,No internet service,No internet service,No internet service,No internet service,Month-to-month,Yes,Mailed check,36.46,1896.40,No
5711-QSWOH,Female,0,Yes,No,42,Yes,No,Fiber optic,No,No,No,Yes,No,Yes,Month-to-month,No,Bank transfer (automatic),91.31,3832.37,Yes
6877-KRQVW,Female,0,No,Yes,16,Yes,No,Fiber optic,No,No,No,Yes,No,Yes,Month-to-month,No,Mailed check,88.29,1399.11,Yes
5671-AJHPX,Female,0,No,No,26,No,No phone service,No,No internet service,No internet service,No internet service,No internet service,No internet service,No internet service,Month-to-month,No,Electronic check,18.5,478.91,No
7961-TIXDX,Male,1,Yes,No,21,Yes,Yes,Fiber optic,No,Yes,Yes,No,No,No,Two year,Yes,Electronic check,93.56,1968.60,Yes
9580-VKTCU,Female,0,No,Yes,35,Yes,Yes,Fiber optic,No,No,No,No,No,No,Two year,Yes,Mailed check,81.18,2839.52,No
9795-QFGMF,Male,0,Yes,No,71,Yes,No,Fiber optic,Yes,Yes,No,Yes,Yes,No,Month-to-month,Yes,Electronic check,99.08,7038.85,Yes
2899-DEUSR,Female,0,Yes,No,32,Yes,No,Fiber optic,Yes,No,Yes,No,No,No,One year,Yes,Credit card (automatic),81.42,2607.84,No
7640-ZQXTT,Female,0,No,No,52,No,No phone service,DSL,Yes,No,Yes,No,Yes,No,Two year,Yes,Electronic check,59.27,3069.57,No
8145-FJSJF,Male,0,No,No,10,Yes,No,DSL,Yes,Yes,No,No,No,No,Month-to-month,Yes,Credit card (automatic),57.88,569.56,No
9947-DMZJP,Female,0,Yes,No,28,Yes,Yes,No,No internet service,No internet service,No internet service,No internet service,No internet service,No internet service,Month-to-month,Yes,Credit card (automatic),32.68,916.68,No
2598-NXJHC,Female,0,No,No,37,Yes,Yes,Fiber optic,No,No,Yes,No,Yes,No,Month-to-month,Yes,Electronic check,101.32,3731.86,Yes
0225-SRLOY,Male,0,Yes,Yes,57,Yes,No,DSL,No,No,Yes,No,No,No,Month-to-month,Yes,Electronic check,51.69,2959.08,No
5426-WTJRB,Male,0,No,Yes,14,Yes,Yes,Fiber optic,Yes,No,No,No,Yes,No,Month-to-month,Yes,Mailed check,97.58,1374.08,Yes
7362-YPZIW,Female,0,Yes,No,53,Yes,Yes,DSL,No,Yes,No,No,Yes,No,Two year,Yes,Bank transfer (automatic),72.3,3827.80,No
6097-RXMBA,Female,0,No,Yes,61,Yes,No,Fiber optic,Yes,Yes,Yes,No,Yes,Yes,Month-to-month,Yes,Electronic check,106.83,6510.69,Yes
7395-ZKZAI,Male,0,Yes,No,56,Yes,No,Fiber optic,Yes,No,No,Yes,No,No,Two year,Yes,Electronic check,81.27,4548.45,No
6452-IBJQA,Female,0,No,Yes,70,Yes,Yes,DSL,No,Yes,Yes,Yes,Yes,No,Two year,No,Credit card (automatic),81.63,5713.29,No
9155-IJODH,Female,1,No,No,57,Yes,Yes,No,No internet service,No internet service,No internet service,No internet service,No internet service,No internet service,Two year,Yes,Mailed check,33.49,1901.46,No
3230-IKUWS,Female,1,Yes,Yes,48,Yes,No,Fiber optic,Yes,No,Yes,No,No,Yes,Month-to-month,Yes,Credit card (automatic),91.34,4388.97,Yes
4936-EBSXC,Male,0,Yes,No,52,Yes,Yes,DSL,No,No,Yes,Yes,Yes,No,One year,Yes,Electronic check,82.56,4297.72,No
6469-IWNVM,Female,0,No,No,28,Yes,Yes,No,No internet service,No internet service,No internet service,No internet service,No internet service,No internet service,Month-to-month,Yes,Bank transfer (automatic),32.7,914.56,No
0370-FBMYH,Male,0,Yes,Yes,32,Yes,No,DSL,Yes,No,Yes,No,No,No,Month-to-month,Yes,Bank transfer (automatic),62.82,2019.76,No
8811-IBDRQ,Female,0,No,No,45,Yes,Yes,Fiber optic,No,No,No,Yes,No,No,Month-to-month,No,Credit card (automatic),86.82,3922.99,No
9642-XUQIN,Female,0,No,Yes,53,Yes,No,Fiber optic,No,No,No,No,No,No,Two year,Yes,Credit card (automatic),69.46,3667.50,No
4257-RCWBK,Female,0,Yes,No,6,Yes,No,DSL,No,No,No,No,No,Yes,Month-to-month,Yes,Mailed check,59.02,364.79,No
4862-BZIYY,Male,1,No,No,28,Yes,Yes,DSL,No,Yes,Yes,No,No,No,Month-to-month,Yes,Mailed check,66.75,1858.85,No
9208-GRFIH,Male,0,Yes,No,8,Yes,No,Fiber optic,No,No,Yes,No,No,No,One year,No,Credit card (automatic),76.29,597.75,No
5578-XABVX,Male,0,No,Yes,48,Yes,Yes,Fiber optic,No,Yes,Yes,No,Yes,No,Two year,No,Electronic check,99.67,4774.29,No
3319-AJIWY,Female,0,Yes,Yes,70,Yes,Yes,DSL,No,No,No,Yes,No,No,Month-to-month,Yes,Electronic check,62.37,4370.01,No
1941-ZGISN,Female,0,No,No,50,Yes,No,DSL,Yes,No,No,No,Yes,No,One year,Yes,Electronic check,65.6,3268.74,No
0335-ELUIQ,Male,0,Yes,Yes,7,Yes,No,DSL,Yes,No,No,Yes,No,No,Month-to-month,Yes,Electronic check,58.35,403.56,No
7772-JXBXH,Male,1,No,No,54,No,No phone service,DSL,No,Yes,No,No,No,Yes,Two year,Yes,Mailed check,57.76,3120.54,No
2388-ZMYPZ,Male,0,Yes,Yes,64,Yes,Yes,Fiber optic,Yes,Yes,Yes,No,No,Yes,Month-to-month,No,Bank transfer (automatic),107.41,6860.94,Yes
5078-XMQVY,Female,0,Yes,No,14,Yes,No,DSL,No,No,Yes,No,No,No,One year,Yes,Electronic check,55.89,777.58,No
8663-WJUZE,Female,0,Yes,No,50,Yes,No,DSL,Yes,Yes,Yes,No,No,No,One year,No,Bank transfer (automatic),62.58,3124.17,No
0181-JLBOY,Male,0,Yes,No,33,Yes,No,Fiber optic,No,Yes,No,Yes,No,Yes,Two year,Yes,Mailed check,91.13,3003.73,No
2168-KVPGM,Female,0,Yes,Yes,68,Yes,No,Fiber optic,Yes,Yes,No,No,No,No,Month-to-month,No,Bank transfer (automatic),82.51,5619.72,Yes
2276-EFYSC,Female,0,Yes,No,11,Yes,Yes,No,No internet service,No internet service,No internet service,No internet service,No internet service,No internet service,Month-to-month,No,Mailed check,33.26,370.09,No
5740-CXDIM,Male,0,No,No,44,Yes,No,Fiber optic,No,Yes,No,Yes,No,Yes,Two year,No,Credit card (automatic),91.96,4048.33,No
5933-ZUMWN,Female,0,Yes,No,30,Yes,No,DSL,No,No,No,No,Yes,Yes,One year,Yes,Credit card (automatic),63.58,1904.81,No
6964-LYBHZ,Male,0,No,No,53,Yes,No,Fiber optic,No,No,No,Yes,Yes,No,Two year,Yes,Mailed check,87.4,4614.33,No
7247-JMIGT,Male,0,Yes,No,21,Yes,No,DSL,No,Yes,No,Yes,No,No,One year,Yes,Credit card (automatic),59.31,1235.01,No
3275-PJFJJ,Male,1,Yes,No,71,Yes,Yes,DSL,Yes,Yes,No,Yes,No,Yes,One year,No,Bank transfer (automatic),81.94,5823.49,No
8232-CQNJF,Male,0,Yes,Yes,63,Yes,No,DSL,No,Yes,No,Yes,No,No,Two year,No,Electronic check,56.96,3590.72,No
8491-JDFWM,Male,0,No,No,59,Yes,No,Fiber optic,No,No,Yes,Yes,Yes,No,Month-to-month,No,Electronic check,94.73,5589.53,Yes
6399-EDLZV,Female,0,Yes,Yes,27,Yes,No,DSL,No,No,Yes,Yes,No,Yes,One year,Yes,Electronic check,69.5,1876.93,No
6192-HWQDU,Male,0,No,No,20,Yes,Yes,DSL,Yes,Yes,Yes,Yes,No,No,Month-to-month,Yes,Electronic check,77.35,1548.31,No
2399-JWXLI,Male,0,No,No,42,Yes,No,Fiber optic,No,No,No,No,No,No,Month-to-month,Yes,Electronic check,72.05,3012.41,Yes
1302-HGOHO,Female,0,Yes,No,26,Yes,Yes,No,No internet service,No internet service,No internet service,No internet service,No internet service,No internet service,Month-to-month,Yes,Electronic check,29.94,773.63,No
5498-UIOOT,Female,1,Yes,No,22,Yes,Yes,DSL,No,No,No,Yes,Yes,No,One year,Yes,Mailed check,73.4,1619.17,No
4052-KZRFQ,Male,1,Yes,No,35,Yes,Yes,DSL,No,Yes,No,Yes,No,Yes,Month-to-month,Yes,Electronic check,77.29,2714.31,No
8469-PYIWO,Male,0,Yes,No,37,Yes,Yes,No,No internet service,No internet service,No internet service,No internet service,No internet service,No internet service,Month-to-month,No,Bank transfer (automatic),36.65,1357.71,No
3367-GNZDD,Male,0,Yes,No,15,Yes,Yes,DSL,Yes,No,No,Yes,No,No,Month-to-month,Yes,Electronic check,69.27,1040.36,No
7862-LPZPA,Male,0,No,No,42,Yes,Yes,DSL,No,Yes,No,No,No,No,Month-to-month,No,Credit card (automatic),65.29,2760.84,No
4584-QKDRT,Female,0,No,No,40,Yes,No,DSL,No,No,No,No,Yes,No,Month-to-month,Yes,Mailed check,56.13,2231.49,No
6822-KTWVE,Male,0,No,No,43,Yes,Yes,No,No internet service,No internet service,No internet service,No internet service,No internet service,No internet service,Month-to-month,Yes,Electronic check,33.77,1441.97,No
3732-WBDXD,Male,0,Yes,Yes,51,Yes,No,DSL,No,No,Yes,No,Yes,Yes,Month-to-month,Yes,Electronic check,73.09,3748.10,Yes
9614-MDIGY,Male,0,Yes,No,16,Yes,Yes,No,No internet service,No internet service,No internet service,No internet service,No internet service,No internet service,Month-to-month,Yes,Credit card (automatic),31.94,504.67,No
9611-BUAMW,Male,0,Yes,Yes,51,Yes,Yes,Fiber optic,Yes,Yes,Yes,Yes,No,No,Two year,No,Mailed check,102.22,5203.36,No
1387-ZRPDD,Female,1,No,No,42,Yes,No,No,No internet service,No internet service,No internet service,No internet service,No internet service,No internet service,Month-to-month,Yes,Credit card (automatic),18.98,788.93,No
1143-XDXNU,Female,0,No,No,22,Yes,Yes,Fiber optic,No,No,No,Yes,No,No,Month-to-month,Yes,Mailed check,90.41,2008.96,Yes
0870-SSUGA,Male,0,No,No,0,Yes,Yes,Fiber optic,No,Yes,Yes,No,No,Yes,Two year,Yes,Electronic check,99.62, ,Yes
0954-LCSDO,Male,0,Yes,Yes,24,Yes,Yes,DSL,No,No,No,No,No,No,One year,No,Bank transfer (automatic),58.19,1396.88,No
9183-ZSJKG,Male,0,Yes,No,5,No,No phone service,DSL,Yes,No,Yes,Yes,No,No,Month-to-month,No,Bank transfer (automatic),59.28,297.35,No
8154-AGAZY,Female,0,Yes,No,53,Yes,No,DSL,No,Yes,No,No,Yes,Yes,Month-to-month,Yes,Mailed check,75.5,3995.80,No
3704-SDDHJ,Male,0,No,No,22,Yes,Yes,DSL,No,No,No,No,Yes,No,One year,Yes,Electronic check,71.31,1568.87,No
9204-BPMFD,Female,0,No,Yes,18,Yes,No,Fiber optic,No,No,No,No,No,No,Month-to-month,Yes,Credit card (automatic),74.3,1344.27,Yes
8616-JNHCC,Female,0,No,No,55,Yes,Yes,Fiber optic,No,No,No,No,No,Yes,Month-to-month,Yes,Electronic check,93.68,5170.52,Yes
1029-LWKIY,Male,0,Yes,No,52,Yes,No,DSL,No,No,Yes,No,No,Yes,Two year,Yes,Mailed check,66.12,3425.12,No
5541-GQFND,Female,0,No,No,30,No,No phone service,Fiber optic,No,Yes,No,No,Yes,No,One year,No,Credit card (automatic),82.18,2481.35,No
2056-QQWKV,Female,0,No,No,37,No,No phone service,DSL,No,No,No,No,No,Yes,Two year,No,Mailed check,51.75,1922.88,No
6778-YGYVI,Male,0,Yes,No,18,Yes,Yes,Fiber optic,Yes,Yes,No,No,Yes,Yes,One year,No,Mailed check,113.11,2036.47,No
1152-RPHWH,Male,0,Yes,Yes,0,Yes,Yes,No,No internet service,No internet service,No internet service,No internet service,No internet service,No internet service,One year,No,Electronic check,31.37, ,Yes
5881-PZUIS,Female,0,No,No,49,Yes,No,DSL,No,No,Yes,Yes,Yes,No,Month-to-month,Yes,Mailed check,66.47,3250.49,No
4715-KTLOP,Female,0,Yes,No,57,Yes,Yes,DSL,No,No,Yes,No,No,No,Month-to-month,Yes,Electronic check,63.9,3635.90,Yes
5256-ZCUML,Female,0,Yes,No,31,Yes,No,DSL,Yes,No,Yes,No,No,No,Month-to-month,No,Mailed check,57.88,1789.33,No
7160-GADOD,Male,0,No,No,48,Yes,No,No,No internet service,No internet service,No internet service,No internet service,No internet service,No internet service,Month-to-month,Yes,Electronic check,21.79,1052.81,No
4155-XMZQD,Female,0,Yes,No,43,Yes,Yes,DSL,No,No,Yes,No,No,No,Two year,Yes,Electronic check,63.17,2718.50,No
1737-BDLYU,Male,0,Yes,No,28,Yes,No,Fiber optic,No,Yes,Yes,Yes,No,No,Month-to-month,Yes,Credit card (automatic),88.77,2497.38,Yes
5988-GBGIR,Female,0,Yes,No,47,Yes,No,No,No internet service,No internet service,No internet service,No internet service,No internet service,No internet service,Two year,No,Mailed check,21.94,1028.77,No
6625-XPZHS,Male,0,Yes,No,25,Yes,No,No,No internet service,No internet service,No internet service,No internet service,No internet service,No internet service,Two year,Yes,Credit card (automatic),24.11,600.68,No
5117-JUUKT,Female,0,Yes,Yes,6,Yes,No,Fiber optic,No,No,Yes,Yes,No,No,Month-to-month,Yes,Electronic check,82.77,485.89,Yes
9372-PCHSL,Female,0,Yes,Yes,43,Yes,Yes,Fiber optic,No,No,No,No,No,No,One year,Yes,Bank transfer (automatic),84.51,3641.27,No
1425-WCYZA,Male,0,Yes,No,13,Yes,No,No,No internet service,No internet service,No internet service,No internet service,No internet service,No internet service,Two year,Yes,Mailed check,23.44,300.13,No
6368-IAJML,Male,0,No,No,51,Yes,No,DSL,No,No,Yes,Yes,No,No,Month-to-month,No,Mailed check,54.22,2750.21,No
3695-YGOSG,Female,0,No,No,31,Yes,Yes,Fiber optic,Yes,No,Yes,No,Yes,No,Month-to-month,No,Bank transfer (automatic),104.21,3222.70,Yes
9419-CFVWV,Female,0,No,No,31,Yes,Yes,Fiber optic,No,No,No,Yes,No,Yes,Month-to-month,No,Electronic check,99.25,3065.27,Yes
8447-HACVF,Female,0,Yes,Yes,56,Yes,No,Fiber optic,No,Yes,Yes,Yes,No,Yes,Month-to-month,No,Bank transfer (automatic),95.7,5366.32,Yes
0196-QZUAV,Female,0,Yes,No,51,Yes,Yes,DSL,No,No,Yes,Yes,No,Yes,Two year,Yes,Credit card (automatic),77.17,3933.38,No
6722-QPSEV,Male,0,Yes,Yes,33,Yes,Yes,No,No internet service,No internet service,No internet service,No internet service,No internet service,No internet service,One year,Yes,Electronic check,32.09,1059.98,No
2344-YXARO,Female,0,Yes,No,60,Yes,No,No,No internet service,No internet service,No internet service,No internet service,No internet service,No internet service,Month-to-month,No,Electronic check,21.61,1306.92,No
4265-RHEVH,Male,0,Yes,Yes,61,Yes,Yes,DSL,Yes,Yes,No,Yes,No,No,Two year,Yes,Electronic check,70.23,4273.33,No
5926-DMFPV,Male,0,Yes,No,30,Yes,Yes,Fiber optic,No,Yes,No,No,Yes,Yes,Month-to-month,Yes,Credit card (automatic),109.46,3295.80,Yes
4079-BTSFK,Male,0,No,No,28,No,No phone service,Fiber optic,No,No,No,Yes,No,No,Two year,No,Bank transfer (automatic),74.02,2059.71,No
0844-PDTMQ,Male,0,No,No,30,No,No phone service,No,No internet service,No internet service,No internet service,No internet service,No internet service,No internet service,Two year,Yes,Electronic check,19.77,566.46,No
8839-JTPWT,Male,0,No,No,11,Yes,Yes,Fiber optic,No,No,Yes,Yes,Yes,Yes,One year,No,Electronic check,112.71,1253.63,No
0814-DXFOW,Male,0,No,Yes,34,No,No phone service,DSL,No,No,No,No,No,Yes,Month-to-month,No,Bank transfer (automatic),55.33,1858.19,No
1331-ZTPIH,Female,0,Yes,Yes,56,Yes,Yes,Fiber optic,No,No,Yes,Yes,No,Yes,One year,Yes,Electronic check,100.04,5621.24,No
0787-NOZAX,Female,1,No,Yes,40,Yes,Yes,No,No internet service,No internet service,No internet service,No internet service,No internet service,No internet service,One year,Yes,Credit card (automatic),33.83,1355.19,No
4885-PSPGC,Male,0,Yes,No,26,Yes,No,Fiber optic,No,Yes,No,No,No,No,Two year,Yes,Electronic check,79.98,2088.91,No
6744-NTCXK,Female,0,Yes,Yes,14,Yes,Yes,DSL,No,No,No,No,No,No,Month-to-month,Yes,Electronic check,56.16,771.72,Yes
5513-UZESJ,Male,0,No,Yes,70,Yes,Yes,DSL,No,No,Yes,No,No,Yes,One year,Yes,Mailed check,72.14,5050.42,No
4414-COSUY,Male,0,Yes,No,35,Yes,No,Fiber optic,No,No,No,No,Yes,No,Two year,Yes,Credit card (automatic),80.31,2815.92,No
1826-NQPQX,Male,1,Yes,No,23,Yes,No,DSL,Yes,Yes,Yes,No,Yes,No,Month-to-month,No,Mailed check,74.53,1725.11,No
8252-FWUSX,Female,0,Yes,No,23,Yes,No,Fiber optic,Yes,Yes,No,No,No,No,One year,Yes,Mailed check,81.24,1873.20,No
4082-BCGKJ,Female,0,Yes,No,27,Yes,Yes,DSL,No,Yes,No,No,Yes,No,Two year,Yes,Bank transfer (automatic),73.01,1969.86,No
7164-IGAAF,Female,0,No,Yes,2,Yes,Yes,DSL,No,No,No,No,No,No,Month-to-month,Yes,Credit card (automatic),57.1,112.61,Yes
8024-DQJDT,Male,1,Yes,No,2,Yes,No,Fiber optic,No,Yes,No,No,No,Yes,Month-to-month,Yes,Electronic check,86.12,170.31,Yes
9326-APBAN,Female,0,No,No,28,Yes,No,Fiber optic,Yes,Yes,No,No,No,No,Two year,Yes,Credit card (automatic),82.38,2305.46,No
3494-BKPSD,Male,0,Yes,No,31,No,No phone service,DSL,Yes,Yes,No,No,Yes,Yes,Month-to-month,No,Mailed check,73.63,2276.46,No
9551-BILBR,Male,0,Yes,No,53,Yes,No,No,No internet service,No internet service,No internet service,No internet service,No internet service,No internet service,Month-to-month,No,Credit card (automatic),23.2,1236.41,No
2855-LJUOW,Female,0,Yes,No,37,Yes,Yes,Fiber optic,No,No,No,Yes,No,No,Month-to-month,No,Mailed check,85.38,3150.20,No
3992-WNJQV,Male,0,Yes,No,55,Yes,Yes,DSL,Yes,No,No,No,No,No,Month-to-month,Yes,Mailed check,63.78,3512.04,No
1172-YPDNV,Male,1,Yes,No,64,Yes,No,No,No internet service,No internet service,No internet service,No internet service,No internet service,No internet service,Two year,Yes,Mailed check,23.68,1513.03,No
0992-DUMQT,Male,0,No,No,20,Yes,Yes,Fiber optic,No,No,No,Yes,No,Yes,Two year,Yes,Mailed check,100.14,1979.06,No
4399-WXLHC,Male,0,Yes,No,40,Yes,No,DSL,No,No,No,Yes,No,Yes,Month-to-month,No,Electronic check,60.78,2444.15,No
4976-YJGRT,Male,0,No,Yes,19,Yes,No,DSL,No,Yes,Yes,No,No,No,One year,No,Credit card (automatic),60.1,1126.81,No
7864-AOILV,Female,0,No,Yes,59,Yes,No,Fiber optic,No,Yes,Yes,No,No,Yes,Month-to-month,No,Mailed check,91.4,5394.59,Yes
1991-ZATZK,Male,0,Yes,No,58,Yes,No,No,No internet service,No internet service,No internet service,No internet service,No internet service,No internet service,One year,Yes,Electronic check,20.13,1178.68,No
1981-IAWFV,Male,0,No,Yes,54,Yes,No,DSL,No,Yes,No,No,No,Yes,Two year,Yes,Credit card (automatic),64.19,3464.06,No
1097-XRDMD,Female,0,No,No,2,Yes,No,Fiber optic,Yes,No,No,No,No,No,Month-to-month,Yes,Electronic check,79.23,188.61,Yes
1833-ODEJL,Female,0,No,No,13,Yes,Yes,DSL,Yes,No,No,Yes,Yes,No,Month-to-month,Yes,Bank transfer (automatic),79.75,1034.86,No
7320-RTYNQ,Male,0,Yes,Yes,44,Yes,Yes,Fiber optic,Yes,No,No,No,No,No,Month-to-month,Yes,Mailed check,86.38,3791.52,Yes
5592-JYZCA,Female,1,Yes,No,59,Yes,Yes,No,No internet service,No internet service,No internet service,No internet service,No internet service,No internet service,Month-to-month,Yes,Bank transfer (automatic),31.42,1871.73,No
1331-JVVSQ,Male,0,No,Yes,48,Yes,Yes,DSL,Yes,No,No,Yes,No,No,Month-to-month,Yes,Mailed check,66.89,3202.19,No
9838-EGSSH,Female,0,Yes,No,8,No,No phone service,DSL,Yes,Yes,No,No,No,No,Two year,Yes,Bank transfer (automatic),52.71,426.16,No
0772-QITWP,Female,1,Yes,No,53,Yes,Yes,DSL,No,Yes,Yes,No,Yes,Yes,Month-to-month,Yes,Bank transfer (automatic),89.69,4762.63,Yes
8249-MSEBD,Female,0,Yes,No,69,No,No phone service,DSL,No,No,No,Yes,No,No,One year,Yes,Bank transfer (automatic),45.94,3168.50,No
1248-SZVDD,Male,0,Yes,No,51,Yes,Yes,DSL,No,No,Yes,No,No,Yes,Month-to-month,Yes,Mailed check,73.75,3763.16,No
9946-NDHLM,Female,0,Yes,No,62,Yes,No,Fiber optic,No,No,Yes,Yes,Yes,No,Two year,Yes,Mailed check,93.57,5799.54,No
8881-CULQD,Female,0,Yes,No,51,Yes,No,DSL,Yes,Yes,No,Yes,No,Yes,Month-to-month,Yes,Bank transfer (automatic),72.09,3706.77,No
4870-MCNSF,Female,0,Yes,No,21,Yes,Yes,Fiber optic,No,Yes,No,No,Yes,No,Two year,No,Electronic check,99.53,2106.93,No
3309-MLKDQ,Male,0,Yes,No,54,Yes,Yes,DSL,Yes,No,No,No,No,No,Month-to-month,Yes,Bank transfer (automatic),65.4,3540.77,No
4294-NSUDY,Female,0,Yes,Yes,2,Yes,Yes,DSL,No,No,Yes,No,No,Yes,One year,Yes,Electronic check,75.22,155.08,No
5910-AQYEP,Female,0,No,No,1,Yes,No,Fiber optic,No,Yes,Yes,No,No,Yes,One year,No,Bank transfer (automatic),92.68,86.60,Yes
3948-CCRXW,Female,0,No,No,58,Yes,No,Fiber optic,Yes,No,Yes,No,No,Yes,Month-to-month,No,Mailed check,93.98,5439.09,Yes
1360-PQHFB,Female,0,Yes,No,27,No,No phone service,DSL,Yes,Yes,No,Yes,Yes,No,Month-to-month,Yes,Bank transfer (automatic),67.46,1825.53,No
9902-DMUZS,Female,0,Yes,No,36,Yes,Yes,Fiber optic,No,Yes,Yes,No,No,No,Two year,Yes,Mailed check,92.39,3332.66,No
4684-DJPKI,Female,0,Yes,Yes,68,No,No phone service,No,No internet service,No internet service,No internet service,No internet service,No internet service,No internet service,Month-to-month,No,Credit card (automatic),18.25,1218.33,No
7488-QVKUF,Female,1,No,No,8,Yes,No,Fiber optic,No,No,No,Yes,Yes,No,Month-to-month,Yes,Electronic check,85.85,675.51,Yes
9229-UWDVU,Male,0,No,No,61,Yes,No,DSL,No,No,No,No,Yes,Yes,One year,Yes,Electronic check,65.64,4005.83,No
1054-ILGQJ,Male,0,Yes,No,31,Yes,No,Fiber optic,No,No,No,Yes,No,Yes,Two year,No,Bank transfer (automatic),86.09,2663.05,No
5628-KBAZJ,Female,1,No,No,34,Yes,No,Fiber optic,Yes,No,Yes,Yes,No,Yes,Month-to-month,No,Electronic check,98.87,3365.20,Yes
8690-TJSWU,Male,0,Yes,Yes,46,Yes,No,DSL,No,Yes,No,Yes,No,No,One year,Yes,Credit card (automatic),59.69,2742.59,No
8259-BSDPF,Female,1,Yes,No,17,Yes,Yes,DSL,No,No,Yes,Yes,Yes,Yes,Two year,No,Credit card (automatic),84.84,1447.34,No
0537-YHXRN,Female,0,Yes,No,35,No,No phone service,DSL,Yes,No,Yes,Yes,No,No,Month-to-month,No,Bank transfer (automatic),56.51,1993.36,No
9154-FILJG,Female,1,Yes,No,18,Yes,Yes,No,No internet service,No internet service,No internet service,No internet service,No internet service,No internet service,One year,Yes,Bank transfer (automatic),29.89,525.33,No
4967-LAJKW,Male,0,No,No,24,Yes,Yes,Fiber optic,No,Yes,Yes,No,No,Yes,Month-to-month,No,Bank transfer (automatic),102.69,2465.97,Yes
3419-UYQSD,Male,0,No,Yes,45,Yes,No,Fiber optic,No,Yes,No,Yes,No,No,Month-to-month,Yes,Bank transfer (automatic),83.17,3764.67,No
8168-LZDUL,Male,0,No,Yes,59,No,No phone service,Fiber optic,Yes,No,Yes,No,No,Yes,Month-to-month,No,Electronic check,87.84,5178.53,Yes
9367-XCPBF,Female,0,No,Yes,22,Yes,No,Fiber optic,Yes,No,Yes,No,No,Yes,One year,No,Bank transfer (automatic),95.99,2104.11,No
0867-GUEWG,Male,0,Yes,No,26,Yes,No,Fiber optic,No,No,No,No,No,No,One year,No,Electronic check,70.55,1842.95,No
1164-BQYHB,Male,0,No,No,34,Yes,Yes,Fiber optic,No,No,Yes,Yes,No,No,Month-to-month,No,Electronic check,90.13,3064.03,Yes
1238-LVSHV,Female,0,Yes,No,54,Yes,No,DSL,No,Yes,No,No,No,Yes,Month-to-month,Yes,Credit card (automatic),61.33,3323.25,No
7917-KUZNO,Female,0,Yes,No,35,Yes,No,DSL,No,No,Yes,Yes,No,No,Two year,No,Credit card (automatic),57.21,1996.67,No
3289-GGVYS,Female,0,No,Yes,70,Yes,Yes,Fiber optic,No,Yes,No,Yes,Yes,No,One year,Yes,Credit card (automatic),105.76,7409.22,No
0685-JRMHI,Female,0,No,No,8,Yes,No,Fiber optic,No,Yes,No,No,No,Yes,Month-to-month,No,Bank transfer (automatic),89.13,708.89,Yes
9780-CSISO,Female,0,Yes,No,20,Yes,Yes,Fiber optic,No,No,No,No,Yes,No,Month-to-month,Yes,Electronic check,92.71,1855.70,Yes
9021-YARAI,Female,0,Yes,No,31,Yes,Yes,Fiber optic,No,No,Yes,No,Yes,No,Two year,Yes,Electronic check,100.17,3104.14,No
6095-EJNKE,Female,0,Yes,Yes,65,Yes,Yes,DSL,No,No,Yes,Yes,No,No,Month-to-month,No,Electronic check,67.7,4413.64,No
3276-ELYWJ,Female,0,No,Yes,43,Yes,Yes,DSL,Yes,No,No,No,No,No,Two year,Yes,Electronic check,62.07,2670.07,No
1663-LXDGT,Male,1,No,No,64,No,No phone service,Fiber optic,Yes,Yes,No,No,No,Yes,Month-to-month,Yes,Electronic check,88.31,5638.56,Yes
7219-FWGPF,Male,0,No,No,14,Yes,No,Fiber optic,No,No,No,No,No,Yes,Two year,No,Bank transfer (automatic),80.57,1117.28,No
7552-PROWF,Female,1,Yes,Yes,26,Yes,No,DSL,No,No,No,No,No,Yes,Month-to-month,Yes,Electronic check,56.18,1463.64,Yes
0110-SEDRH,Male,1,No,No,15,Yes,No,Fiber optic,No,No,Yes,Yes,Yes,No,Two year,Yes,Electronic check,96.18,1434.05,No
8769-RVKPP,Female,0,Yes,No,45,Yes,Yes,DSL,No,No,No,No,No,No,Month-to-month,Yes,Credit card (automatic),58.97,2657.98,No
3488-THKUI,Male,0,Yes,No,71,Yes,Yes,DSL,No,Yes,Yes,No,No,No,Two year,No,Electronic check,69.38,4916.16,No
1326-RSIXR,Male,0,No,Yes,47,Yes,Yes,Fiber optic,Yes,No,Yes,No,No,No,Month-to-month,Yes,Mailed check,92.2,4330.84,Yes
5254-ZDLGK,Male,0,No,No,64,Yes,Yes,Fiber optic,No,Yes,No,No,Yes,Yes,Month-to-month,No,Electronic check,107.65,6880.66,Yes
9632-DBTOT,Female,0,No,No,18,No,No phone service,No,No internet service,No internet service,No internet service,No internet service,No internet service,No internet service,One year,No,Bank transfer (automatic),20.85,374.76,No
4017-XHEXI,Female,0,No,Yes,36,Yes,No,DSL,No,No,Yes,No,Yes,No,One year,No,Electronic check,61.2,2191.93,No
3364-JAXDX,Female,0,No,No,57,Yes,No,Fiber optic,Yes,Yes,No,No,No,No,Month-to-month,No,Electronic check,83.49,4757.09,Yes
1314-ZZNXG,Female,0,Yes,No,54,Yes,No,DSL,No,No,No,No,No,Yes,One year,No,Credit card (automatic),60.13,3251.74,No
4646-TTZDX,Female,0,No,No,52,Yes,No,DSL,No,No,No,No,No,No,Two year,Yes,Electronic check,46.03,2389.15,No
0949-BZDEX,Female,0,Yes,Yes,46,Yes,Yes,Fiber optic,No,No,No,Yes,No,Yes,Two year,Yes,Electronic check,96.39,4437.03,No
1117-NCURV,Male,0,Yes,No,2,Yes,No,No,No internet service,No internet service,No internet service,No internet service,No internet service,No internet service,Two year,Yes,Electronic check,21.56,30.24,No
9513-KRNZT,Male,0,Yes,No,61,Yes,Yes,DSL,No,No,Yes,Yes,No,No,Two year,No,Mailed check,67.93,4134.12,No
6493-JZSMV,Female,0,No,No,0,Yes,Yes,DSL,Yes,Yes,Yes,Yes,No,Yes,Month-to-month,Yes,Mailed check,87.7, ,Yes
1371-YBPHP,Female,0,No,No,38,Yes,Yes,No,No internet service,No internet service,No internet service,No internet service,No internet service,No internet service,One year,Yes,Mailed check,31.67,1197.52,No
7695-ABGMD,Male,1,Yes,No,72,No,No phone service,Fiber optic,No,No,Yes,No,No,Yes,One year,Yes,Electronic check,83.43,5998.30,No
8232-WBPJL,Male,0,No,No,32,Yes,Yes,DSL,No,No,No,Yes,No,Yes,Month-to-month,Yes,Electronic check,72.25,2314.74,No
1137-XXHWV,Male,0,Yes,No,22,Yes,Yes,Fiber optic,No,No,No,No,No,No,Month-to-month,No,Bank transfer (automatic),82.39,1826.88,Yes
6471-EWIJQ,Female,1,Yes,Yes,33,Yes,Yes,No,No internet service,No internet service,No internet service,No internet service,No internet service,No internet service,One year,Yes,Credit card (automatic),35.25,1160.09,No
8206-OSHKB,Female,0,Yes,No,48,Yes,No,Fiber optic,Yes,No,No,No,Yes,Yes,Month-to-month,Yes,Bank transfer (automatic),98.29,4733.98,Yes
3130-JECIT,Male,0,Yes,No,48,Yes,Yes,Fiber optic,No,No,No,No,No,Yes,One year,Yes,Bank transfer (automatic),94.08,4526.54,No
5816-SQYYL,Male,0,Yes,No,48,Yes,No,No,No internet service,No internet service,No internet service,No internet service,No internet service,No internet service,Month-to-month,No,Mailed check,23.35,1115.24,No
3863-RPUXJ,Male,1,No,No,9,Yes,No,DSL,No,Yes,Yes,No,Yes,No,One year,Yes,Mailed check,66.68,599.02,No
9543-KPOFM,Male,0,Yes,Yes,65,Yes,Yes,DSL,No,No,No,No,No,Yes,Month-to-month,No,Credit card (automatic),67.94,4435.66,No
2108-QTFID,Male,0,No,No,70,Yes,No,Fiber optic,Yes,No,No,No,No,Yes,One year,No,Bank transfer (automatic),86.54,6062.70,No
6658-KZWCP,Male,1,Yes,No,66,Yes,No,DSL,No,No,Yes,No,Yes,No,One year,No,Mailed check,63.06,4153.87,No
5665-SVPRJ,Male,0,No,No,38,Yes,No,Fiber optic,No,No,No,No,Yes,No,One year,Yes,Bank transfer (automatic),85.04,3240.25,No
0727-CBLHS,Female,1,No,No,41,Yes,No,Fiber optic,No,Yes,No,No,Yes,No,Month-to-month,Yes,Electronic check,85.54,3506.22,Yes
7138-OQRRI,Female,0,No,No,0,Yes,Yes,DSL,No,No,Yes,No,Yes,No,One year,Yes,Electronic check,71.75, ,Yes
9439-JDWCY,Male,0,Yes,No,45,Yes,No,No,No internet service,No internet service,No internet service,No internet service,No internet service,No internet service,Month-to-month,Yes,Bank transfer (automatic),24.58,1108.25,No
4809-LXBOX,Male,0,Yes,Yes,35,Yes,No,DSL,Yes,Yes,No,No,No,Yes,Month-to-month,No,Credit card (automatic),67.39,2372.24,No
3115-SKNZC,Male,0,No,No,43,Yes,Yes,Fiber optic,No,No,No,No,Yes,No,One year,No,Electronic check,91.04,3918.33,No
8464-RKXIK,Male,0,Yes,Yes,30,Yes,No,Fiber optic,No,Yes,Yes,Yes,No,No,Month-to-month,Yes,Credit card (automatic),85.15,2555.69,Yes
1137-EEGLT,Male,0,Yes,No,57,Yes,No,DSL,Yes,Yes,Yes,Yes,No,No,Two year,No,Credit card (automatic),67.18,3827.82,No
8372-VAWKW,Female,0,No,No,3,Yes,No,Fiber optic,No,Yes,No,No,No,Yes,Month-to-month,No,Electronic check,88.16,270.02,Yes
1439-MYLMB,Male,0,Yes,Yes,52,Yes,No,Fiber optic,No,No,No,No,No,No,One year,No,Mailed check,74.53,3863.10,No
2094-SLPTT,Male,1,No,Yes,56,Yes,No,No,No internet service,No internet service,No internet service,No internet service,No internet service,No internet service,Month-to-month,Yes,Mailed check,25.11,1397.02,No
5966-OHSEL,Male,0,Yes,No,72,Yes,Yes,Fiber optic,No,Yes,No,Yes,Yes,No,Two year,Yes,Electronic check,102.34,7379.45,No
9557-MUUQA,Male,0,Yes,No,49,No,No phone service,DSL,Yes,No,Yes,No,No,No,Month-to-month,No,Mailed check,53.88,2668.26,No
5994-KJFOI,Female,0,Yes,Yes,4,Yes,No,Fiber optic,No,No,No,No,No,Yes,Two year,Yes,Credit card (automatic),83.61,338.86,No
7665-FQLGE,Female,0,Yes,Yes,51,Yes,No,DSL,No,No,Yes,Yes,No,No,Month-to-month,Yes,Credit card (automatic),57.98,2971.77,No
6572-HGQSZ,Female,0,Yes,Yes,16,Yes,Yes,DSL,No,No,Yes,Yes,No,Yes,Two year,Yes,Electronic check,80.98,1289.73,No
3856-ESUGI,Female,0,No,No,31,Yes,No,DSL,No,No,No,No,Yes,Yes,Two year,No,Electronic check,61.68,1916.11,No
8746-TZOEL,Female,1,No,No,5,Yes,No,No,No internet service,No internet service,No internet service,No internet service,No internet service,No internet service,Month-to-month,Yes,Mailed check,19.15,70.20,No
3204-LBFER,Female,0,No,No,68,Yes,No,Fiber optic,No,Yes,Yes,No,No,Yes,Two year,Yes,Electronic check,92.35,6278.87,No
7410-BQJZC,Female,0,Yes,No,60,Yes,No,Fiber optic,Yes,No,No,Yes,No,No,One year,Yes,Mailed check,83.82,5038.07,No
2906-ZGMIE,Male,0,No,No,9,No,No phone service,Fiber optic,No,Yes,No,No,No,No,Month-to-month,Yes,Bank transfer (automatic),76.7,683.44,Yes
3477-TLHMD,Female,0,No,No,22,Yes,No,No,No internet service,No internet service,No internet service,No internet service,No internet service,No internet service,Two year,Yes,Credit card (automatic),22.94,501.88,No
3713-AAKXT,Female,0,Yes,No,52,Yes,Yes,No,No internet service,No internet service,No internet service,No internet service,No internet service,No internet service,Two year,Yes,Bank transfer (automatic),33.83,1769.80,No
5495-DDGPA,Female,0,Yes,Yes,60,Yes,No,DSL,No,No,No,No,Yes,No,Two year,No,Mailed check,57.96,3467.45,No
8923-OIUTV,Female,0,No,No,18,Yes,Yes,DSL,No,No,Yes,No,Yes,No,Month-to-month,Yes,Bank transfer (automatic),74.76,1351.22,No
0904-UIASP,Female,0,No,No,3,Yes,Yes,DSL,Yes,Yes,Yes,Yes,Yes,Yes,Month-to-month,Yes,Electronic check,96.57,269.74,No
2366-OZEYW,Female,0,No,No,45,Yes,Yes,Fiber optic,Yes,No,Yes,No,No,No,Month-to-month,Yes,Credit card (automatic),92.86,4190.48,Yes
1264-WYYCX,Male,0,No,No,31,Yes,Yes,DSL,No,No,Yes,No,No,No,Month-to-month,Yes,Bank transfer (automatic),60.55,1874.46,No
5333-GVRUU,Male,0,Yes,No,45,Yes,No,No,No internet service,No internet service,No internet service,No internet service,No internet service,No internet service,Month-to-month,No,Credit card (automatic),21.81,981.98,No
5679-OHKUR,Male,0,No,No,61,Yes,Yes,No,No internet service,No internet service,No internet service,No internet service,No internet service,No internet service,One year,No,Electronic check,30.85,1887.28,No
9752-TLQCT,Male,1,Yes,Yes,53,Yes,No,DSL,No,No,No,No,No,No,Month-to-month,No,Bank transfer (automatic),46.81,2456.82,No
1575-JSINT,Male,0,Yes,No,66,Yes,No,DSL,No,No,Yes,No,Yes,Yes,One year,No,Electronic check,72.53,4773.67,No
5331-ZRBRH,Female,0,No,No,23,Yes,No,DSL,No,Yes,No,Yes,Yes,No,One year,Yes,Electronic check,68.53,1576.38,No
9339-JCUDW,Male,0,No,Yes,65,Yes,Yes,Fiber optic,No,Yes,Yes,Yes,No,No,One year,Yes,Electronic check,101.94,6616.07,No
9656-LGMHM,Female,1,No,No,17,Yes,Yes,No,No internet service,No internet service,No internet service,No internet service,No internet service,No internet service,One year,Yes,Credit card (automatic),35.06,582.36,No
0224-ZMGOZ,Male,1,No,No,47,Yes,Yes,Fiber optic,Yes,No,No,No,No,No,One year,Yes,Mailed check,88.96,4188.48,No
5356-TKXUS,Male,1,Yes,No,45,Yes,No,Fiber optic,No,Yes,No,Yes,Yes,No,One year,No,Bank transfer (automatic),89.15,4003.55,No
1031-LCQNF,Male,0,Yes,No,47,Yes,No,DSL,No,No,No,No,Yes,No,Month-to-month,Yes,Credit card (automatic),56.06,2634.11,No
3473-VCHMS,Male,0,Yes,No,61,Yes,No,No,No internet service,No internet service,No internet service,No internet service,No internet service,No internet service,Two year,No,Credit card (automatic),23.14,1404.90,No
6622-ZJPNH,Male,1,No,Yes,26,Yes,No,DSL,No,No,No,No,Yes,No,Month-to-month,Yes,Bank transfer (automatic),60.44,1567.19,No
2146-HQLRG,Male,0,No,No,61,Yes,No,No,No internet service,No internet service,No internet service,No internet service,No internet service,No internet service,Two year,Yes,Electronic check,22.55,1378.64,No
8279-STRYO,Female,0,No,No,64,Yes,Yes,Fiber optic,No,No,Yes,No,No,Yes,Month-to-month,No,Electronic check,98.96,6323.91,Yes
4434-LQJZL,Male,0,No,No,51,Yes,No,Fiber optic,No,No,Yes,No,Yes,Yes,Month-to-month,Yes,Bank transfer (automatic),95.4,4868.43,Yes
5334-QTJSE,Male,1,No,No,0,Yes,Yes,Fiber optic,No,Yes,Yes,No,No,No,Month-to-month,No,Electronic check,91.23, ,Yes
9470-CUPSF,Male,0,No,Yes,49,No,No phone service,DSL,Yes,Yes,Yes,Yes,No,Yes,Two year,Yes,Mailed check,72.47,3542.55,No
9257-THGKT,Male,1,Yes,No,39,Yes,No,No,No internet service,No internet service,No internet service,No internet service,No internet service,No internet service,One year,Yes,Bank transfer (automatic),18.94,739.51,No
2446-KQYRY,Female,0,Yes,No,71,Yes,Yes,No,No internet service,No internet service,No internet service,No internet service,No internet service,No internet service,Month-to-month,Yes,Credit card (automatic),34.2,2426.98,No
8262-XHMPC,Female,0,No,No,16,Yes,Yes,DSL,No,No,No,No,No,No,Month-to-month,Yes,Mailed check,59.9,942.65,No
4602-PARNG,Male,0,Yes,No,0,Yes,No,DSL,No,Yes,No,Yes,Yes,No,Month-to-month,Yes,Credit card (automatic),69.44, ,Yes
6255-RYMXB,Male,0,No,No,29,Yes,Yes,Fiber optic,No,No,No,No,Yes,No,Month-to-month,No,Credit card (automatic),89.73,2602.29,Yes
3836-EJFAT,Female,0,No,No,66,Yes,No,Fiber optic,Yes,Yes,No,No,Yes,Yes,One year,Yes,Mailed check,102.75,6777.57,No
4554-SKOBO,Male,0,No,Yes,21,Yes,No,DSL,Yes,No,No,No,No,No,Two year,No,Electronic check,51.29,1080.64,No
6043-GBMXI,Male,0,Yes,No,34,Yes,No,Fiber optic,Yes,No,Yes,No,Yes,No,Two year,Yes,Bank transfer (automatic),91.71,3106.83,No
9043-UYCAS,Male,1,Yes,Yes,55,Yes,Yes,DSL,No,Yes,No,No,No,Yes,Two year,No,Mailed check,67.62,3726.67,No
3100-OXDBZ,Female,0,Yes,Yes,13,Yes,Yes,No,No internet service,No internet service,No internet service,No internet service,No internet service,No internet service,Month-to-month,Yes,Bank transfer (automatic),34.39,441.26,No
2757-JPESF,Female,0,No,No,44,Yes,Yes,No,No internet service,No internet service,No internet service,No internet service,No internet service,No internet service,Two year,Yes,Electronic check,35.39,1563.32,No
9744-SSMOH,Female,0,No,No,32,Yes,Yes,DSL,Yes,No,Yes,No,Yes,No,Month-to-month,Yes,Mailed check,73.05,2356.08,No
0385-VZMGG,Female,1,Yes,No,11,Yes,Yes,No,No internet service,No internet service,No internet service,No internet service,No internet service,No internet service,One year,No,Mailed check,30.69,320.73,No
5877-RWOPA,Male,0,Yes,No,23,Yes,Yes,DSL,No,Yes,No,No,Yes,No,Two year,Yes,Electronic check,73.71,1684.46,No
9728-UPWNW,Female,0,No,No,68,Yes,No,No,No internet service,No internet service,No internet service,No internet service,No internet service,No internet service,One year,No,Mailed check,22.73,1538.00,No
8137-EKESU,Male,0,Yes,No,56,Yes,No,Fiber optic,No,No,Yes,Yes,No,Yes,Two year,No,Mailed check,92.93,5205.17,No
6375-FVDNC,Female,0,No,No,8,Yes,No,Fiber optic,Yes,No,Yes,No,Yes,No,Month-to-month,No,Mailed check,91.9,736.94,Yes
9551-JIPTD,Female,0,No,No,1,Yes,No,No,No internet service,No internet service,No internet service,No internet service,No internet service,No internet service,Month-to-month,Yes,Electronic check,24.19,18.25,Yes
9729-GGRCL,Male,0,No,No,58,Yes,Yes,Fiber optic,Yes,No,Yes,No,No,Yes,Month-to-month,Yes,Credit card (automatic),100.45,5835.36,Yes
3189-FQOAX,Male,0,Yes,No,28,Yes,No,No,No internet service,No internet service,No internet service,No internet service,No internet service,No internet service,Month-to-month,Yes,Credit card (automatic),24.45,693.13,No
5965-PBCHT,Female,0,Yes,Yes,54,Yes,No,No,No internet service,No internet service,No internet service,No internet service,No internet service,No internet service,Two year,No,Credit card (automatic),22.98,1252.48,No
7216-ASBER,Female,0,Yes,No,21,Yes,Yes,Fiber optic,No,Yes,No,No,Yes,Yes,Month-to-month,Yes,Electronic check,107.78,2271.48,Yes
9428-JYXMU,Male,0,No,Yes,48,Yes,Yes,Fiber optic,No,Yes,Yes,No,Yes,No,Month-to-month,Yes,Credit card (automatic),106.44,5121.60,Yes
9612-RZKQC,Female,0,Yes,Yes,11,Yes,Yes,DSL,Yes,No,No,Yes,No,Yes,Month-to-month,Yes,Electronic check,78.14,853.10,No
3818-AIVXS,Female,1,No,No,70,Yes,No,DSL,No,Yes,No,Yes,No,Yes,Month-to-month,Yes,Electronic check,68.03,4755.09,No
7863-VPFRB,Female,0,Yes,No,7,Yes,No,Fiber optic,Yes,Yes,Yes,Yes,No,No,Two year,Yes,Credit card (automatic),92.01,633.42,No
4049-CSHKC,Female,0,No,No,15,Yes,No,DSL,Yes,No,Yes,No,No,Yes,One year,Yes,Electronic check,67.2,1012.91,No
2079-ZFKHS,Male,0,Yes,No,39,Yes,Yes,DSL,No,No,No,No,Yes,No,Month-to-month,No,Credit card (automatic),71.09,2774.70,No
5123-IPLTG,Male,0,Yes,No,44,Yes,No,No,No internet service,No internet service,No internet service,No internet service,No internet service,No internet service,Two year,Yes,Electronic check,25.7,1138.52,No
7417-UEWFS,Female,0,Yes,No,63,Yes,No,No,No internet service,No internet service,No internet service,No internet service,No internet service,No internet service,Month-to-month,No,Electronic check,22.64,1422.72,No
6033-VVJXA,Female,1,No,Yes,62,Yes,No,Fiber optic,No,No,No,No,No,Yes,Month-to-month,Yes,Electronic check,87.26,5423.89,Yes
6359-ONYCX,Male,0,Yes,No,50,Yes,Yes,No,No internet service,No internet service,No internet service,No internet service,No internet service,No internet service,Month-to-month,No,Electronic check,31.95,1600.18,No
2518-MRLUV,Male,0,Yes,No,9,Yes,Yes,DSL,No,Yes,Yes,No,Yes,No,One year,Yes,Electronic check,79.04,707.32,No
3666-KGZJI,Female,0,No,No,70,Yes,No,DSL,No,No,Yes,No,No,No,One year,No,Credit card (automatic),53.77,3764.08,No
1498-NPBSW,Male,0,Yes,No,44,Yes,No,No,No internet service,No internet service,No internet service,No internet service,No internet service,No internet service,Two year,Yes,Electronic check,21.65,968.70,No
8297-OHDFK,Female,1,No,No,55,Yes,Yes,Fiber optic,No,No,No,Yes,No,No,Two year,No,Credit card (automatic),88.8,4883.73,No
7810-UZCMF,Female,0,Yes,Yes,72,Yes,No,Fiber optic,No,Yes,Yes,No,No,No,Month-to-month,No,Electronic check,81.48,5867.43,Yes
0351-KKHDB,Male,0,No,No,12,No,No phone service,No,No internet service,No internet service,No internet service,No internet service,No internet service,No internet service,One year,Yes,Credit card (automatic),20.54,250.05,No
0790-GGMVX,Male,0,Yes,No,63,Yes,No,DSL,No,Yes,Yes,No,No,No,Two year,Yes,Mailed check,58.53,3692.77,No
9000-FWZYJ,Female,0,No,No,29,Yes,No,Fiber optic,No,Yes,No,Yes,No,Yes,Month-to-month,Yes,Bank transfer (automatic),92.69,2690.74,Yes
4084-VYBCW,Female,0,Yes,No,51,Yes,No,Fiber optic,No,No,No,No,No,No,Month-to-month,Yes,Electronic check,72.58,3707.57,Yes
2167-IBBPG,Female,0,No,No,53,Yes,No,No,No internet service,No internet service,No internet service,No internet service,No internet service,No internet service,Two year,Yes,Mailed check,23.81,1266.77,No
3405-JMXOA,Female,1,Yes,Yes,56,No,No phone service,Fiber optic,No,Yes,No,No,No,No,Two year,Yes,Electronic check,68.74,3852.66,No
1618-VLLEG,Male,0,No,No,17,Yes,No,Fiber optic,No,No,Yes,No,No,Yes,One year,Yes,Electronic check,89.47,1538.55,No
9785-UGROH,Male,0,No,No,24,Yes,Yes,No,No internet service,No internet service,No internet service,No internet service,No internet service,No internet service,Month-to-month,No,Bank transfer (automatic),32.41,770.43,No
3028-TOZZP,Male,0,Yes,No,52,Yes,No,DSL,No,No,No,Yes,No,Yes,Month-to-month,No,Credit card (automatic),61.06,3179.37,No
2322-BFMOJ,Male,1,Yes,No,19,Yes,No,Fiber optic,No,Yes,Yes,No,No,No,One year,Yes,Bank transfer (automatic),81.68,1549.42,No
5937-FLHFO,Female,0,Yes,Yes,10,Yes,Yes,Fiber optic,Yes,Yes,No,Yes,Yes,No,Month-to-month,No,Credit card (automatic),108.66,1077.72,No
8221-JNNVG,Female,0,No,Yes,39,Yes,Yes,Fiber optic,Yes,Yes,No,Yes,No,No,One year,Yes,Mailed check,96.62,3765.70,No
6456-KRJOL,Male,0,Yes,Yes,22,Yes,Yes,No,No internet service,No internet service,No internet service,No internet service,No internet service,No internet service,Month-to-month,No,Bank transfer (automatic),32.24,699.14,No
6057-QAFUO,Female,0,No,No,41,No,No phone service,DSL,No,Yes,Yes,No,No,Yes,Month-to-month,No,Electronic check,66.45,2725.61,Yes
2996-GGNOV,Female,0,Yes,No,46,Yes,Yes,No,No internet service,No internet service,No internet service,No internet service,No internet service,No internet service,Month-to-month,Yes,Credit card (automatic),31.29,1441.00,No
3886-GXKEI,Male,1,Yes,No,55,Yes,Yes,No,No internet service,No internet service,No internet service,No internet service,No internet service,No internet service,Month-to-month,No,Bank transfer (automatic),29.73,1638.38,No
5668-WNSVV,Female,1,Yes,No,32,Yes,Yes,DSL,No,No,No,No,No,No,Month-to-month,No,Mailed check,57.17,1827.76,No
6535-CQOAU,Female,0,Yes,No,25,Yes,No,DSL,No,No,Yes,No,Yes,No,Month-to-month,No,Credit card (automatic),61.26,1531.76,No
7217-IYBHB,Female,0,No,No,68,Yes,No,DSL,No,Yes,No,No,No,Yes,Two year,No,Bank transfer (automatic),65.32,4434.02,No
6707-CQGJS,Male,0,No,No,28,Yes,No,DSL,Yes,No,No,No,No,No,Two year,Yes,Mailed check,51.36,1433.38,No
7810-XZVZQ,Female,0,No,No,59,Yes,Yes,Fiber optic,Yes,Yes,No,No,Yes,No,Month-to-month,No,Mailed check,100.57,5924.04,Yes
2885-SHFQF,Male,0,No,No,36,Yes,No,DSL,No,Yes,No,Yes,No,No,Month-to-month,Yes,Mailed check,59.95,2146.47,No
4716-FQHFS,Male,1,No,No,24,Yes,No,Fiber optic,Yes,No,No,No,Yes,No,One year,No,Bank transfer (automatic),87.01,2069.01,No
4683-PRSGH,Female,0,No,Yes,43,Yes,No,No,No internet service,No internet service,No internet service,No internet service,No internet service,No internet service,One year,Yes,Bank transfer (automatic),25.86,1122.94,No
4209-MAKBU,Male,0,Yes,Yes,33,Yes,Yes,Fiber optic,Yes,Yes,No,No,Yes,No,Month-to-month,Yes,Mailed check,101.92,3376.06,Yes
2611-CMLAR,Male,0,Yes,No,11,Yes,No,Fiber optic,No,Yes,No,No,No,No,Month-to-month,No,Bank transfer (automatic),74.3,800.04,Yes
4295-RONXP,Female,0,Yes,No,38,Yes,Yes,DSL,Yes,No,No,Yes,No,No,Month-to-month,No,Electronic check,65.61,2495.69,No
3247-YATVV,Male,0,Yes,No,18,Yes,Yes,Fiber optic,Yes,Yes,Yes,Yes,Yes,No,Month-to-month,Yes,Mailed check,107.87,1930.40,No
8049-QFITZ,Female,0,No,Yes,18,Yes,No,No,No internet service,No internet service,No internet service,No internet service,No internet service,No internet service,One year,Yes,Mailed check,18.25,323.29,No
9826-UZQGH,Male,0,No,No,28,Yes,Yes,Fiber optic,No,No,No,No,Yes,No,One year,Yes,Electronic check,92.97,2601.31,No
5086-VTSDA,Male,0,No,No,65,Yes,No,DSL,Yes,No,No,Yes,Yes,Yes,Month-to-month,Yes,Electronic check,79.33,5150.95,No
8112-NMQJC,Female,0,No,No,19,Yes,Yes,Fiber optic,No,Yes,Yes,No,No,Yes,One year,Yes,Credit card (automatic),105.33,2010.80,No
3845-ASGWJ,Male,1,Yes,No,56,Yes,No,DSL,No,Yes,No,Yes,No,No,Month-to-month,No,Mailed check,58.38,3295.37,No
0806-LBILY,Female,0,Yes,Yes,8,Yes,Yes,Fiber optic,Yes,No,Yes,Yes,No,No,One year,Yes,Electronic check,99.88,785.92,No
8351-CVAWR,Female,0,No,Yes,1,No,No phone service,Fiber optic,Yes,Yes,No,Yes,Yes,No,One year,Yes,Mailed check,91.94,100.53,No
7467-SVYDZ,Male,0,Yes,No,27,Yes,Yes,No,No internet service,No internet service,No internet service,No internet service,No internet service,No internet service,Month-to-month,Yes,Mailed check,34.0,923.21,No
6068-ZHTSG,Female,1,No,Yes,33,No,No phone service,Fiber optic,No,Yes,No,No,Yes,No,Month-to-month,No,Mailed check,79.16,2611.88,Yes
0706-FZXVE,Female,0,Yes,No,20,Yes,No,Fiber optic,No,No,No,Yes,Yes,No,Month-to-month,No,Mailed check,87.09,1733.63,Yes
8365-ZVLEB,Male,0,No,No,55,Yes,No,DSL,No,No,Yes,No,Yes,No,Month-to-month,No,Credit card (automatic),65.35,3574.60,No
3088-HTEQT,Male,0,No,No,4,Yes,Yes,DSL,No,No,No,Yes,No,No,Month-to-month,Yes,Mailed check,61.88,251.99,No
3411-RPKHL,Female,0,Yes,No,21,Yes,Yes,DSL,No,Yes,No,Yes,Yes,Yes,Two year,No,Bank transfer (automatic),87.55,1839.96,No
1517-PQBUV,Female,0,Yes,No,58,Yes,Yes,DSL,No,Yes,No,No,Yes,Yes,Month-to-month,No,Mailed check,85.47,4958.25,No
8576-ABDPL,Female,1,Yes,No,39,Yes,Yes,Fiber optic,No,Yes,Yes,No,No,Yes,Month-to-month,Yes,Mailed check,103.71,4052.00,Yes
0736-WHYIN,Female,0,Yes,Yes,62,Yes,Yes,No,No internet service,No internet service,No internet service,No internet service,No internet service,No internet service,Month-to-month,Yes,Credit card (automatic),29.97,1863.04,No
6849-DCVJY,Female,0,No,No,31,Yes,Yes,Fiber optic,No,Yes,No,Yes,No,No,Two year,Yes,Electronic check,95.08,2947.32,No
3122-RMYDC,Female,0,Yes,No,44,Yes,No,Fiber optic,No,No,Yes,No,No,No,Month-to-month,Yes,Electronic check,80.46,3547.57,Yes
9577-PJVUG,Male,0,Yes,No,32,Yes,Yes,Fiber optic,Yes,No,No,Yes,Yes,No,One year,Yes,Mailed check,101.01,3233.26,No
2917-NILFT,Female,1,No,No,34,Yes,No,DSL,No,Yes,No,No,Yes,Yes,Month-to-month,Yes,Electronic check,75.62,2571.80,Yes
5672-LVZVZ,Female,0,Yes,No,45,Yes,No,DSL,No,No,No,No,Yes,Yes,Month-to-month,No,Credit card (automatic),68.44,3092.98,No
6351-XCOYH,Male,0,No,No,35,Yes,No,DSL,No,No,No,No,No,No,Month-to-month,Yes,Electronic check,48.16,1686.26,No
5917-VKQVU,Female,0,Yes,Yes,61,Yes,No,DSL,No,Yes,No,No,No,Yes,Month-to-month,Yes,Mailed check,59.91,3638.78,No
5036-OUVBX,Male,0,Yes,No,25,Yes,No,DSL,No,Yes,Yes,No,No,No,Month-to-month,Yes,Electronic check,59.81,1504.36,Yes
9352-YMXOF,Male,0,No,No,6,Yes,Yes,Fiber optic,No,Yes,No,No,No,No,One year,No,Electronic check,89.24,544.36,Yes
8981-IXRIE,Female,0,Yes,No,4,Yes,Yes,No,No internet service,No internet service,No internet service,No internet service,No internet service,No internet service,Month-to-month,Yes,Electronic check,34.58,137.25,No
8230-KEGMW,Female,0,No,No,31,No,No phone service,DSL,No,Yes,No,No,No,No,Month-to-month,No,Credit card (automatic),49.21,1537.48,No
5579-IDNDX,Female,0,Yes,No,56,Yes,No,No,No internet service,No internet service,No internet service,No internet service,No internet service,No internet service,Month-to-month,No,Credit card (automatic),23.36,1303.02,No
4985-PYLDA,Male,1,Yes,No,61,Yes,Yes,DSL,No,No,No,No,No,Yes,Month-to-month,Yes,Mailed check,66.87,4079.08,No
3865-NRDAC,Male,0,Yes,Yes,27,Yes,Yes,Fiber optic,Yes,No,No,No,Yes,No,Month-to-month,Yes,Mailed check,100.25,2719.70,Yes
1338-GCGHL,Male,1,Yes,No,65,Yes,No,DSL,Yes,Yes,No,Yes,Yes,No,Month-to-month,No,Credit card (automatic),69.06,4485.75,No
6780-ZVDQR,Female,0,No,No,40,Yes,No,DSL,No,No,Yes,No,No,Yes,Month-to-month,Yes,Mailed check,65.66,2622.34,No
9305-QMYZC,Male,0,Yes,No,65,Yes,No,DSL,Yes,No,Yes,No,Yes,Yes,Two year,No,Electronic check,78.39,5096.34,No
0556-GZKPD,Male,0,Yes,No,63,Yes,Yes,DSL,No,No,No,Yes,No,Yes,Month-to-month,No,Credit card (automatic),70.61,4456.94,No
4256-IYMPU,Female,0,Yes,Yes,6,No,No phone service,No,No internet service,No internet service,No internet service,No internet service,No internet service,No internet service,One year,Yes,Credit card (automatic),18.25,97.59,No
3623-OYUZN,Male,0,Yes,No,40,Yes,No,Fiber optic,No,No,Yes,No,Yes,Yes,Month-to-month,Yes,Bank transfer (automatic),97.12,3895.89,Yes
6184-UTHTR,Male,1,Yes,Yes,44,Yes,No,DSL,No,Yes,No,No,No,No,Month-to-month,No,Credit card (automatic),55.95,2472.50,No
4232-WFRON,Male,0,No,No,43,Yes,No,DSL,No,No,Yes,No,No,Yes,Two year,Yes,Electronic check,62.58,2704.54,No
7457-KKLPG,Male,0,No,Yes,29,Yes,Yes,Fiber optic,No,No,No,Yes,No,No,Month-to-month,Yes,Electronic check,89.27,2571.72,Yes
2127-THDWM,Female,0,Yes,No,37,Yes,No,Fiber optic,Yes,No,No,No,No,No,Month-to-month,No,Electronic check,80.96,3007.06,Yes
5907-VRELB,Male,0,Yes,Yes,38,Yes,No,No,No internet service,No internet service,No internet service,No internet service,No internet service,No internet service,Month-to-month,No,Credit card (automatic),23.99,912.93,No
9695-GOPVZ,Male,0,No,No,18,Yes,Yes,Fiber optic,No,Yes,No,No,No,No,Month-to-month,No,Electronic check,86.87,1560.91,Yes
0291-QADKQ,Female,0,Yes,No,46,Yes,No,Fiber optic,Yes,No,No,No,Yes,Yes,Month-to-month,Yes,Credit card (automatic),97.62,4487.24,Yes
1053-XKEJE,Male,0,Yes,No,37,Yes,Yes,DSL,Yes,No,Yes,No,Yes,No,Month-to-month,Yes,Mailed check,75.97,2808.25,No
7955-CFZMP,Female,0,Yes,No,16,Yes,Yes,DSL,Yes,No,Yes,No,No,No,Two year,Yes,Bank transfer (automatic),67.37,1083.42,No
6125-JPYMY,Female,1,No,No,68,Yes,No,No,No internet service,No internet service,No internet service,No internet service,No internet service,No internet service,Month-to-month,Yes,Bank transfer (automatic),20.55,1398.81,No
7788-JKYUV,Male,0,Yes,No,3,Yes,No,No,No internet service,No internet service,No internet service,No internet service,No internet service,No internet service,Two year,Yes,Electronic check,20.91,63.69,No
4030-ACWOA,Male,0,Yes,No,34,Yes,No,No,No internet service,No internet service,No internet service,No internet service,No internet service,No internet service,Two year,No,Mailed check,23.96,791.06,No
6990-IEFOI,Male,0,No,No,0,Yes,Yes,DSL,No,No,Yes,No,No,Yes,One year,Yes,Credit card (automatic),71.39, ,Yes
2246-CTNBY,Female,0,No,No,57,Yes,Yes,Fiber optic,No,Yes,No,Yes,No,Yes,Month-to-month,No,Credit card (automatic),103.0,5864.97,Yes
9814-AHVPN,Male,0,No,No,21,Yes,Yes,No,No internet service,No internet service,No internet service,No internet service,No internet service,No internet service,Two year,Yes,Mailed check,30.55,643.55,No
9911-ZUGYY,Male,0,No,No,4,Yes,Yes,Fiber optic,No,No,No,No,No,No,Two year,No,Mailed check,85.44,318.02,No
5150-KBSEZ,Female,0,Yes,Yes,59,Yes,No,Fiber optic,No,No,No,Yes,No,Yes,Month-to-month,No,Credit card (automatic),88.24,5213.77,No
0944-TSGKW,Male,1,Yes,Yes,35,Yes,Yes,Fiber optic,No,Yes,No,Yes,Yes,No,Two year,No,Electronic check,105.6,3692.59,No
0622-FVODE,Female,0,Yes,No,8,Yes,Yes,Fiber optic,No,No,Yes,No,Yes,No,Month-to-month,Yes,Bank transfer (automatic),97.66,776.83,Yes
2284-PQIZV,Female,0,No,No,56,No,No phone service,Fiber optic,Yes,Yes,No,No,Yes,No,Month-to-month,Yes,Bank transfer (automatic),86.23,4828.70,Yes
8699-WEWZD,Female,1,No,No,3,Yes,Yes,Fiber optic,Yes,Yes,No,Yes,No,Yes,One year,No,Credit card (automatic),106.74,308.47,No
5192-RZRGU,Male,1,No,No,50,Yes,No,Fiber optic,No,No,No,No,Yes,No,Two year,No,Bank transfer (automatic),82.52,4113.81,No
5294-EKDJD,Female,0,No,No,38,Yes,No,DSL,No,No,Yes,No,Yes,No,Two year,Yes,Electronic check,63.62,2424.88,No
7511-RVLQS,Male,0,No,Yes,51,Yes,No,Fiber optic,No,Yes,No,Yes,No,No,Month-to-month,Yes,Credit card (automatic),82.24,4200.81,No
0308-KLKMV,Male,0,No,Yes,70,Yes,No,Fiber optic,No,Yes,No,No,No,No,One year,No,Electronic check,78.46,5486.70,No
7153-GHFMQ,Male,0,No,No,54,Yes,No,No,No internet service,No internet service,No internet service,No internet service,No internet service,No internet service,Two year,No,Mailed check,21.67,1178.36,No
7081-JVXUN,Female,0,Yes,Yes,30,Yes,No,Fiber optic,No,No,No,Yes,Yes,No,Month-to-month,Yes,Mailed check,87.24,2627.11,Yes
1407-HRVXZ,Female,1,No,Yes,49,Yes,Yes,Fiber optic,No,Yes,Yes,No,Yes,No,Month-to-month,Yes,Bank transfer (automatic),105.88,5168.20,Yes
7623-AINZJ,Female,0,No,No,7,Yes,Yes,DSL,No,No,Yes,Yes,Yes,No,Two year,Yes,Electronic check,76.97,546.78,No
1967-NDKJQ,Female,0,Yes,No,14,Yes,No,Fiber optic,Yes,No,No,No,Yes,No,One year,Yes,Credit card (automatic),85.87,1201.77,No
4995-GQTLE,Male,0,Yes,No,64,Yes,No,No,No internet service,No internet service,No internet service,No internet service,No internet service,No internet service,Month-to-month,No,Bank transfer (automatic),24.52,1579.64,No
4639-GXBAZ,Female,0,No,No,9,Yes,Yes,No,No internet service,No internet service,No internet service,No internet service,No internet service,No internet service,Month-to-month,Yes,Mailed check,27.58,258.29,No
9008-DIGWB,Female,0,Yes,No,40,No,No phone service,Fiber optic,No,No,Yes,No,Yes,Yes,Two year,Yes,Bank transfer (automatic),96.22,3849.56,No
1490-GKGKX,Female,1,Yes,No,47,Yes,Yes,Fiber optic,No,No,No,No,No,No,Month-to-month,No,Bank transfer (automatic),82.68,3889.93,Yes
6722-XYJPT,Female,0,Yes,Yes,20,Yes,Yes,DSL,No,No,No,No,Yes,No,Month-to-month,Yes,Electronic check,68.18,1369.59,Yes
7019-JJIRB,Male,1,No,Yes,23,Yes,Yes,Fiber optic,Yes,No,No,No,No,No,Two year,No,Electronic check,86.4,1999.82,No
7445-HHYJK,Male,0,Yes,Yes,22,Yes,Yes,Fiber optic,No,No,Yes,No,Yes,No,Month-to-month,No,Mailed check,99.31,2188.73,Yes
2820-UWCIA,Female,0,No,Yes,68,No,No phone service,DSL,Yes,No,No,No,Yes,No,Two year,Yes,Mailed check,56.59,3843.74,No
5572-UKZKE,Male,1,No,No,32,Yes,Yes,No,No internet service,No internet service,No internet service,No internet service,No internet service,No internet service,One year,Yes,Mailed check,33.56,1069.38,No
7626-JHUUN,Female,0,No,No,35,Yes,Yes,Fiber optic,Yes,No,No,Yes,Yes,No,Month-to-month,Yes,Electronic check,104.74,3661.16,Yes
0755-UECLO,Female,0,No,No,24,Yes,Yes,No,No internet service,No internet service,No internet service,No internet service,No internet service,No internet service,Month-to-month,No,Credit card (automatic),35.07,841.33,No
2187-KCEJE,Female,0,No,No,57,Yes,No,Fiber optic,No,Yes,No,No,No,No,One year,Yes,Mailed check,79.01,4531.79,No
7564-PLQHD,Female,0,Yes,No,65,Yes,No,Fiber optic,No,Yes,No,No,No,No,One year,No,Electronic check,77.42,5036.77,No
4021-PBMAV,Male,0,Yes,No,30,Yes,Yes,Fiber optic,No,No,Yes,No,No,No,Month-to-month,No,Bank transfer (automatic),92.8,2806.93,Yes
7209-BSVCY,Female,0,No,No,43,Yes,No,DSL,No,Yes,No,No,No,Yes,Month-to-month,No,Bank transfer (automatic),61.74,2666.70,No
0697-IHEAO,Female,1,Yes,Yes,62,Yes,Yes,Fiber optic,No,No,No,No,Yes,Yes,Two year,Yes,Bank transfer (automatic),103.25,6397.49,No
0764-ZCITN,Male,0,Yes,Yes,44,Yes,No,Fiber optic,No,No,No,No,No,No,Month-to-month,Yes,Electronic check,69.53,3062.01,Yes
5383-XLCXC,Female,0,Yes,No,49,Yes,Yes,Fiber optic,No,No,No,No,No,No,Month-to-month,No,Bank transfer (automatic),82.33,4034.44,Yes
4051-CQKFE,Female,0,Yes,No,66,Yes,No,Fiber optic,Yes,No,No,Yes,Yes,No,Month-to-month,Yes,Electronic check,92.21,6086.16,Yes
9178-NNCVV,Male,0,No,No,70,Yes,No,Fiber optic,No,No,No,No,Yes,No,Month-to-month,No,Credit card (automatic),82.47,5776.76,Yes
9574-ZZMXL,Male,0,No,No,0,Yes,No,DSL,No,No,Yes,Yes,Yes,No,Month-to-month,No,Bank transfer (automatic),66.9, ,Yes
2603-EWFMF,Male,0,No,Yes,70,Yes,No,DSL,Yes,No,Yes,Yes,No,No,One year,Yes,Bank transfer (automatic),63.32,4468.57,No
1119-MHGPQ,Male,0,Yes,No,66,No,No phone service,DSL,No,Yes,No,No,Yes,No,Month-to-month,No,Bank transfer (automatic),60.56,4005.49,No
8783-EEYXM,Female,0,Yes,No,8,No,No phone service,Fiber optic,Yes,Yes,Yes,No,No,Yes,Month-to-month,No,Mailed check,89.25,711.26,Yes
9599-QOWYL,Female,0,Yes,No,34,Yes,No,Fiber optic,No,No,No,Yes,No,Yes,Month-to-month,Yes,Electronic check,91.84,3120.21,Yes
3347-UTHKU,Female,0,Yes,No,12,Yes,No,DSL,Yes,Yes,Yes,No,Yes,No,Month-to-month,Yes,Electronic check,73.92,886.98,No
7026-LAKEF,Female,0,No,Yes,25,Yes,Yes,Fiber optic,Yes,Yes,Yes,No,No,No,Month-to-month,Yes,Bank transfer (automatic),98.5,2461.14,Yes
0688-CDADN,Male,0,Yes,No,44,Yes,Yes,Fiber optic,Yes,Yes,No,Yes,No,No,Month-to-month,No,Credit card (automatic),96.37,4236.08,No
4647-GABWC,Male,0,Yes,Yes,50,Yes,Yes,Fiber optic,No,No,Yes,No,No,No,Month-to-month,Yes,Mailed check,89.28,4474.68,Yes
1897-XCZIX,Female,0,No,No,24,Yes,Yes,DSL,Yes,Yes,No,Yes,No,Yes,Month-to-month,Yes,Electronic check,82.41,1973.54,No
1676-IMGGA,Male,1,Yes,No,55,Yes,No,No,No internet service,No internet service,No internet service,No internet service,No internet service,No internet service,Month-to-month,Yes,Credit card (automatic),25.01,1356.79,No
1409-OPWUM,Male,1,No,No,38,Yes,Yes,Fiber optic,No,Yes,No,No,No,Yes,One year,Yes,Credit card (automatic),100.3,3805.20,No
4789-AZDRY,Female,0,No,Yes,2,Yes,No,Fiber optic,No,No,No,Yes,No,No,One year,Yes,Credit card (automatic),77.3,162.96,No
8029-XBRBM,Female,0,Yes,No,52,Yes,No,DSL,Yes,Yes,No,Yes,Yes,Yes,Month-to-month,Yes,Credit card (automatic),81.29,4223.65,No
4866-BBENW,Male,0,Yes,Yes,32,Yes,No,Fiber optic,Yes,Yes,No,No,No,No,Two year,Yes,Mailed check,81.36,2609.10,No
6820-IPQHO,Male,0,No,No,61,No,No phone service,Fiber optic,Yes,Yes,Yes,No,Yes,Yes,One year,Yes,Credit card (automatic),102.59,6243.71,No
4768-BYJEP,Male,0,No,No,66,Yes,No,DSL,No,No,No,Yes,No,Yes,Month-to-month,Yes,Electronic check,64.68,4252.95,No
4059-JZZSM,Female,0,Yes,No,68,Yes,Yes,No,No internet service,No internet service,No internet service,No internet service,No internet service,No internet service,Month-to-month,No,Credit card (automatic),32.78,2220.86,No
9223-YHLVX,Female,0,Yes,No,3,Yes,No,No,No internet service,No internet service,No internet service,No internet service,No internet service,No internet service,Month-to-month,No,Electronic check,19.64,62.37,No
7080-BIWZA,Male,0,Yes,Yes,71,Yes,No,DSL,No,No,No,Yes,Yes,No,One year,No,Bank transfer (automatic),59.85,4243.30,No
2043-XYLDO,Male,0,No,No,58,No,No phone service,Fiber optic,No,No,Yes,No,No,No,Month-to-month,No,Electronic check,72.93,4226.26,Yes
2325-QRHST,Female,0,Yes,No,16,No,No phone service,Fiber optic,No,No,No,No,No,No,Month-to-month,No,Mailed check,69.19,1105.25,Yes
0209-PEQIW,Male,0,No,No,21,Yes,Yes,DSL,No,No,No,No,Yes,Yes,Month-to-month,Yes,Electronic check,76.7,1599.65,Yes
7897-CWWWL,Male,0,No,No,37,Yes,No,No,No internet service,No internet service,No internet service,No internet service,No internet service,No internet service,Two year,No,Electronic check,20.22,761.86,No
7351-WIUDB,Male,0,No,No,30,Yes,Yes,DSL,No,No,Yes,No,No,No,One year,No,Credit card (automatic),64.86,1962.84,No
6118-BJCSB,Male,0,Yes,No,48,Yes,Yes,No,No internet service,No internet service,No internet service,No internet service,No internet service,No internet service,Month-to-month,No,Electronic check,28.74,1387.34,No
9282-ELOWQ,Female,0,Yes,Yes,51,Yes,Yes,Fiber optic,Yes,No,Yes,No,Yes,No,Two year,Yes,Bank transfer (automatic),105.21,5378.42,No
0910-AJDJL,Female,0,No,Yes,37,Yes,Yes,Fiber optic,Yes,No,Yes,No,Yes,Yes,Month-to-month,Yes,Electronic check,115.46,4274.26,Yes
2020-SDMNN,Male,0,Yes,No,48,Yes,No,No,No internet service,No internet service,No internet service,No internet service,No internet service,No internet service,One year,Yes,Bank transfer (automatic),25.36,1218.95,No
7228-KIFZD,Female,0,No,No,26,Yes,No,Fiber optic,No,Yes,No,No,Yes,No,Two year,Yes,Mailed check,89.17,2323.01,No
9480-WOKWZ,Female,1,Yes,No,22,Yes,No,Fiber optic,No,No,Yes,No,Yes,No,One year,No,Credit card (automatic),89.23,1963.95,No
0086-DIECR,Male,1,No,No,26,Yes,Yes,No,No internet service,No internet service,No internet service,No internet service,No internet service,No internet service,Month-to-month,Yes,Bank transfer (automatic),34.79,912.92,No
8360-PYYZF,Female,0,No,No,13,Yes,Yes,Fiber optic,No,No,No,No,No,No,One year,Yes,Electronic check,84.17,1086.12,No
5540-TJAUD,Male,0,Yes,No,2,Yes,No,Fiber optic,No,No,No,Yes,Yes,No,Month-to-month,No,Credit card (automatic),85.68,180.27,Yes
7077-QIYFA,Male,0,No,Yes,26,Yes,No,No,No internet service,No internet service,No internet service,No internet service,No internet service,No internet service,One year,Yes,Electronic check,23.09,617.03,No
6680-NXKHW,Female,1,No,Yes,61,Yes,Yes,No,No internet service,No internet service,No internet service,No internet service,No internet service,No internet service,Month-to-month,Yes,Electronic check,31.41,1913.28,No
5097-LUDUU,Male,1,Yes,No,13,Yes,Yes,DSL,No,Yes,Yes,No,No,No,One year,Yes,Credit card (automatic),69.46,893.72,No
9233-HEVZB,Female,0,Yes,No,43,Yes,No,Fiber optic,No,No,Yes,No,No,Yes,Month-to-month,Yes,Electronic check,87.67,3781.94,Yes
8779-EPUOS,Male,0,No,No,24,Yes,Yes,No,No internet service,No internet service,No internet service,No internet service,No internet service,No internet service,One year,Yes,Mailed check,30.7,742.14,No
1857-DUZPU,Male,0,No,No,60,Yes,Yes,Fiber optic,Yes,No,No,Yes,No,No,Month-to-month,Yes,Bank transfer (automatic),95.5,5733.28,No
9315-DNKDZ,Male,0,Yes,No,51,Yes,No,Fiber optic,Yes,No,Yes,Yes,Yes,No,Two year,No,Credit card (automatic),102.35,5215.37,No
2758-EFIDZ,Female,0,Yes,No,11,Yes,No,DSL,Yes,No,No,No,No,No,Two year,Yes,Electronic check,51.35,569.42,No
6995-FFTZF,Male,0,Yes,Yes,33,Yes,Yes,No,No internet service,No internet service,No internet service,No internet service,No internet service,No internet service,Month-to-month,No,Bank transfer (automatic),31.1,1027.12,No
6186-SJJGZ,Female,0,Yes,No,22,Yes,No,Fiber optic,No,No,No,Yes,No,No,One year,No,Electronic check,75.51,1663.50,No
9485-KGTRK,Male,0,Yes,No,18,Yes,Yes,DSL,No,Yes,No,No,Yes,Yes,Two year,Yes,Bank transfer (automatic),79.47,1435.23,No
3826-DSURK,Male,0,Yes,Yes,0,Yes,No,No,No internet service,No internet service,No internet service,No internet service,No internet service,No internet service,One year,No,Credit card (automatic),23.87, ,No
9361-ZFESU,Male,1,No,No,64,Yes,No,Fiber optic,No,No,No,Yes,No,Yes,Two year,No,Electronic check,88.61,5667.00,No
9627-OWDME,Male,0,No,Yes,4,Yes,No,DSL,Yes,Yes,No,No,No,No,Month-to-month,No,Bank transfer (automatic),56.27,218.17,No
9318-AHDIS,Male,0,No,No,56,Yes,No,DSL,Yes,Yes,No,Yes,Yes,No,Month-to-month,Yes,Mailed check,73.7,4115.20,No
6296-BSXGK,Female,0,Yes,No,21,Yes,No,No,No internet service,No internet service,No internet service,No internet service,No internet service,No internet service,Month-to-month,No,Bank transfer (automatic),20.7,430.12,No
2781-ROWKX,Male,1,No,Yes,42,Yes,No,Fiber optic,No,Yes,No,No,No,No,One year,No,Bank transfer (automatic),79.43,3333.39,No
4194-SMYPB,Male,0,No,No,1,Yes,No,Fiber optic,No,No,No,No,No,No,Month-to-month,Yes,Bank transfer (automatic),75.45,82.67,Yes
8109-VVTRJ,Female,0,No,Yes,72,Yes,No,Fiber optic,No,No,No,No,Yes,Yes,Two year,Yes,Mailed check,94.02,6778.44,No
2534-YUZHR,Male,0,Yes,No,6,Yes,No,Fiber optic,No,Yes,No,No,No,Yes,Month-to-month,Yes,Mailed check,88.59,504.23,Yes
5545-UPRUA,Female,1,Yes,Yes,20,Yes,No,Fiber optic,No,Yes,Yes,Yes,Yes,Yes,Month-to-month,No,Electronic check,107.52,2150.49,Yes
2637-CGNRX,Female,0,No,No,70,Yes,Yes,Fiber optic,No,No,No,Yes,Yes,No,Month-to-month,Yes,Electronic check,99.39,6961.42,Yes
2516-MDFRS,Female,0,Yes,No,58,No,No phone service,Fiber optic,Yes,No,No,No,No,Yes,One year,Yes,Credit card (automatic),87.04,5046.07,No
2305-VTHUZ,Female,0,No,No,8,Yes,No,Fiber optic,No,Yes,No,Yes,No,No,Month-to-month,Yes,Credit card (automatic),83.34,666.50,Yes
3699-PHBQF,Female,0,No,No,39,Yes,Yes,Fiber optic,No,No,Yes,Yes,No,No,Month-to-month,No,Credit card (automatic),91.74,3579.44,Yes
1741-KLEBV,Female,0,No,Yes,72,Yes,No,No,No internet service,No internet service,No internet service,No internet service,No internet service,No internet service,Month-to-month,No,Credit card (automatic),21.9,1574.32,No
7155-AIOHN,Female,0,No,No,48,Yes,No,No,No internet service,No internet service,No internet service,No internet service,No internet service,No internet service,Month-to-month,Yes,Mailed check,22.88,1100.53,No
3637-JRRSD,Female,0,Yes,No,11,Yes,No,Fiber optic,No,Yes,No,Yes,No,No,One year,Yes,Mailed check,84.66,916.26,No
5499-WVPTJ,Female,0,Yes,No,72,No,No phone service,DSL,No,Yes,No,Yes,No,No,One year,No,Credit card (automatic),55.56,3992.79,No
8607-TGBSA,Female,0,No,No,9,Yes,No,DSL,No,No,No,Yes,No,Yes,Two year,Yes,Electronic check,63.41,568.32,No
1415-FVPPC,Female,1,Yes,Yes,16,Yes,Yes,No,No internet service,No internet service,No internet service,No internet service,No internet service,No internet service,One year,Yes,Bank transfer (automatic),33.66,533.30,No
2963-FXCYI,Female,0,No,No,3,No,No phone service,DSL,No,Yes,Yes,No,No,No,One year,No,Bank transfer (automatic),52.37,148.93,No
2543-XZIOI,Male,0,No,No,63,Yes,Yes,DSL,No,No,Yes,No,No,Yes,One year,No,Bank transfer (automatic),73.55,4639.86,No
4428-QCGGU,Male,1,Yes,No,15,Yes,Yes,Fiber optic,Yes,No,Yes,No,No,Yes,One year,Yes,Credit card (automatic),102.84,1534.70,No
5373-ZOFPE,Male,0,Yes,No,48,Yes,No,No,No internet service,No internet service,No internet service,No internet service,No internet service,No internet service,Two year,Yes,Electronic check,23.23,1131.98,No
9522-JGMAA,Female,0,No,No,26,Yes,No,DSL,No,Yes,Yes,Yes,No,No,Two year,Yes,Bank transfer (automatic),61.54,1593.14,No
0535-NOATP,Female,0,Yes,Yes,5,Yes,Yes,DSL,No,No,No,No,No,No,One year,No,Credit card (automatic),56.96,281.72,No
3107-VDBME,Male,0,Yes,No,8,Yes,No,No,No internet service,No internet service,No internet service,No internet service,No internet service,No internet service,One year,Yes,Credit card (automatic),24.76,189.14,No
8634-XMEPF,Female,0,Yes,No,57,No,No phone service,Fiber optic,No,No,No,Yes,No,No,Two year,Yes,Bank transfer (automatic),70.23,3992.66,No
9574-ADCRW,Female,0,No,Yes,31,Yes,Yes,Fiber optic,No,No,No,No,Yes,No,Month-to-month,No,Electronic check,93.51,2902.78,Yes
6794-QVVKX,Male,0,No,Yes,37,Yes,No,No,No internet service,No internet service,No internet service,No internet service,No internet service,No internet service,Month-to-month,No,Mailed check,24.3,889.09,No
9185-AYHZQ,Female,0,Yes,Yes,29,Yes,No,DSL,No,No,No,No,No,No,Month-to-month,No,Mailed check,46.76,1357.11,No
7645-TYYZN,Male,0,No,Yes,44,Yes,No,Fiber optic,Yes,No,No,No,No,Yes,Month-to-month,Yes,Bank transfer (automatic),85.8,3783.39,Yes
0821-DTIDE,Male,0,Yes,No,28,Yes,Yes,No,No internet service,No internet service,No internet service,No internet service,No internet service,No internet service,Month-to-month,Yes,Bank transfer (automatic),30.43,841.46,No
5301-CTEMJ,Female,0,No,No,21,Yes,Yes,Fiber optic,No,No,No,Yes,No,No,One year,No,Electronic check,88.01,1832.31,No
9207-XDOGO,Female,0,Yes,No,30,No,No phone service,Fiber optic,No,No,Yes,No,No,Yes,One year,Yes,Mailed check,85.0,2564.30,No
3265-AILRC,Female,0,Yes,No,16,Yes,No,Fiber optic,No,Yes,No,Yes,No,No,Month-to-month,No,Credit card (automatic),84.72,1341.67,Yes
4227-NDMMZ,Male,1,No,No,53,No,No phone service,DSL,No,Yes,Yes,Yes,Yes,No,Two year,Yes,Credit card (automatic),72.8,3863.13,No
1419-KXOCN,Female,0,Yes,Yes,46,Yes,No,DSL,No,No,No,No,No,No,Month-to-month,No,Mailed check,49.49,2263.35,No
1220-SCTHY,Female,0,Yes,No,31,Yes,No,Fiber optic,Yes,No,No,Yes,Yes,No,Month-to-month,Yes,Credit card (automatic),91.23,2831.11,No
0050-UAMXL,Female,0,No,No,27,Yes,No,DSL,No,No,No,Yes,No,Yes,Month-to-month,Yes,Mailed check,60.99,1653.38,No
4537-LYIQN,Male,0,Yes,No,10,Yes,No,DSL,No,No,Yes,Yes,Yes,No,Two year,No,Mailed check,68.25,676.93,No
6397-GQQAB,Female,0,Yes,No,38,No,No phone service,DSL,No,No,Yes,No,No,No,Two year,Yes,Credit card (automatic),45.44,1712.10,No
9184-AGZBC,Female,1,No,No,16,Yes,Yes,DSL,No,No,Yes,Yes,No,No,Two year,No,Bank transfer (automatic),65.42,1039.09,No
3228-LODXA,Male,0,No,Yes,38,Yes,No,Fiber optic,No,Yes,No,No,No,No,Month-to-month,Yes,Electronic check,76.57,2902.87,Yes
5046-MLAYL,Female,0,Yes,Yes,72,Yes,Yes,DSL,No,No,Yes,Yes,No,No,Month-to-month,Yes,Mailed check,68.12,4897.62,No
8511-IPTOV,Female,0,No,No,24,Yes,Yes,No,No internet service,No internet service,No internet service,No internet service,No internet service,No internet service,Month-to-month,No,Electronic check,31.73,729.59,No
9131-SRNHE,Male,0,Yes,No,25,No,No phone service,Fiber optic,No,No,No,No,No,No,Two year,Yes,Mailed check,68.39,1696.61,No
4776-UGMQS,Female,0,No,No,67,Yes,Yes,DSL,No,Yes,No,No,No,No,Two year,Yes,Mailed check,62.26,4163.96,No
2152-ODSGT,Female,0,Yes,No,61,Yes,Yes,Fiber optic,No,No,No,No,Yes,No,Month-to-month,No,Electronic check,89.56,5462.03,Yes
4635-YVEOL,Female,0,Yes,Yes,18,Yes,No,No,No internet service,No internet service,No internet service,No internet service,No internet service,No internet service,Month-to-month,No,Credit card (automatic),25.46,450.22,No
0744-SJLBQ,Male,0,No,Yes,12,Yes,No,No,No internet service,No internet service,No internet service,No internet service,No internet service,No internet service,Two year,Yes,Electronic check,25.11,305.07,No
8493-WMTKR,Male,0,No,Yes,28,Yes,Yes,DSL,No,No,No,Yes,Yes,No,Month-to-month,No,Credit card (automatic),76.37,2131.53,No
8737-LMIOR,Male,0,No,Yes,53,Yes,No,Fiber optic,No,No,No,No,No,No,Month-to-month,Yes,Credit card (automatic),74.5,3953.56,Yes
3564-ZLJGN,Male,0,Yes,Yes,72,No,No phone service,DSL,No,No,No,No,Yes,Yes,Month-to-month,No,Credit card (automatic),63.03,4549.69,No
3722-EVCJO,Female,0,Yes,No,41,Yes,No,DSL,No,No,No,Yes,Yes,No,Month-to-month,Yes,Mailed check,62.46,2563.74,No
1495-PCGSO,Male,0,No,Yes,61,Yes,No,DSL,No,Yes,No,Yes,No,No,Month-to-month,Yes,Credit card (automatic),60.13,3674.21,No
1932-GXCFA,Female,0,No,No,70,Yes,Yes,Fiber optic,Yes,No,Yes,No,Yes,Yes,Two year,Yes,Electronic check,112.85,7892.14,No
4106-ZDEBP,Female,0,No,Yes,70,No,No phone service,Fiber optic,No,No,No,No,No,No,Month-to-month,No,Electronic check,69.06,4842.18,Yes
7926-KQJQN,Female,1,Yes,Yes,20,Yes,Yes,DSL,No,Yes,Yes,No,No,No,One year,Yes,Electronic check,66.78,1323.40,No
6088-XXODT,Female,0,No,No,8,Yes,Yes,Fiber optic,No,No,Yes,No,No,Yes,One year,No,Electronic check,98.82,788.72,Yes
4823-ZUGUY,Male,0,No,Yes,44,Yes,Yes,Fiber optic,No,No,Yes,No,No,No,Two year,Yes,Bank transfer (automatic),89.43,3939.07,No
5255-OJPQW,Female,0,Yes,No,26,Yes,Yes,No,No internet service,No internet service,No internet service,No internet service,No internet service,No internet service,Month-to-month,Yes,Electronic check,33.92,879.90,No
2004-NZZBB,Male,0,No,Yes,47,Yes,No,Fiber optic,No,No,Yes,No,No,No,One year,No,Mailed check,77.67,3652.26,No
3967-KPZWY,Male,0,Yes,No,68,Yes,No,Fiber optic,Yes,No,No,No,Yes,Yes,One year,Yes,Bank transfer (automatic),97.39,6612.33,No
6388-SZXAR,Male,1,Yes,No,4,Yes,Yes,DSL,No,No,No,No,Yes,Yes,Month-to-month,Yes,Credit card (automatic),79.74,326.54,Yes
7757-NXBCG,Female,0,No,No,71,Yes,No,DSL,No,Yes,No,No,No,Yes,One year,Yes,Electronic check,63.79,4518.05,No
2151-NRBDN,Male,0,No,No,14,Yes,No,No,No internet service,No internet service,No internet service,No internet service,No internet service,No internet service,Month-to-month,Yes,Credit card (automatic),22.9,309.25,No
6543-RKHLR,Female,0,No,No,43,No,No phone service,DSL,Yes,Yes,Yes,Yes,No,No,One year,Yes,Mailed check,64.88,2799.33,No
7934-OKABH,Female,0,Yes,No,46,No,No phone service,DSL,Yes,No,No,Yes,No,No,Month-to-month,Yes,Bank transfer (automatic),51.01,2359.05,No
0219-PUTTM,Male,0,No,No,31,Yes,Yes,Fiber optic,No,Yes,Yes,No,Yes,No,Month-to-month,Yes,Bank transfer (automatic),100.14,3107.21,Yes
3335-BMMTG,Female,0,Yes,No,35,Yes,No,DSL,No,Yes,Yes,Yes,Yes,Yes,Month-to-month,Yes,Credit card (automatic),86.35,3019.44,No
6098-WVPBV,Male,1,No,Yes,48,Yes,Yes,DSL,Yes,No,Yes,Yes,No,Yes,One year,Yes,Credit card (automatic),79.64,3811.64,No
4804-SYQVC,Female,1,Yes,No,52,Yes,No,Fiber optic,No,No,Yes,No,Yes,No,Month-to-month,Yes,Credit card (automatic),90.31,4685.35,Yes
0219-LLXCK,Female,0,Yes,No,22,Yes,No,Fiber optic,No,No,No,Yes,Yes,Yes,Month-to-month,No,Bank transfer (automatic),99.91,2193.64,Yes
6956-KWZAT,Female,0,Yes,No,33,Yes,No,DSL,No,No,No,No,Yes,No,Month-to-month,No,Electronic check,59.88,1971.64,Yes
3494-HTMQO,Female,0,No,No,17,Yes,Yes,DSL,No,No,No,Yes,No,No,Two year,No,Electronic check,64.02,1065.35,No
4027-ZUWQV,Male,0,No,Yes,11,No,No phone service,Fiber optic,Yes,No,No,No,No,No,One year,No,Credit card (automatic),73.56,812.96,No
7537-OHNFX,Male,0,No,No,1,Yes,No,Fiber optic,No,Yes,No,Yes,Yes,Yes,Month-to-month,No,Bank transfer (automatic),102.43,84.75,Yes
5358-XWEMG,Male,0,Yes,No,26,Yes,No,DSL,Yes,No,No,Yes,Yes,No,Month-to-month,Yes,Electronic check,70.1,1808.57,No
0746-GHGVL,Female,0,Yes,No,49,Yes,Yes,DSL,No,No,No,No,No,No,One year,Yes,Electronic check,57.25,2799.72,No
5443-WCESH,Female,0,Yes,No,30,Yes,No,Fiber optic,Yes,No,No,No,No,Yes,Two year,Yes,Credit card (automatic),84.82,2547.05,No
4950-KTIPO,Female,1,No,No,47,Yes,Yes,DSL,No,No,Yes,No,Yes,Yes,Month-to-month,Yes,Mailed check,81.98,3854.11,No
4035-GWHUV,Male,0,Yes,No,68,Yes,Yes,DSL,No,No,Yes,No,Yes,No,Two year,Yes,Electronic check,72.03,4897.60,No
1912-TFVSQ,Male,0,Yes,No,16,Yes,Yes,DSL,Yes,No,No,No,No,Yes,Month-to-month,Yes,Electronic check,74.3,1177.84,No
2389-XMTWY,Male,0,Yes,No,42,Yes,No,Fiber optic,No,No,No,No,Yes,No,Two year,Yes,Credit card (automatic),83.68,3514.00,No
1207-RGWKC,Male,0,No,Yes,70,Yes,No,Fiber optic,No,No,No,Yes,No,No,One year,Yes,Electronic check,74.44,5223.34,No
1278-KHKBL,Male,0,No,Yes,17,Yes,Yes,DSL,No,No,Yes,Yes,No,No,One year,Yes,Bank transfer (automatic),63.68,1082.63,No
8518-EVQPL,Female,1,No,No,65,Yes,Yes,Fiber optic,Yes,No,No,No,No,No,Month-to-month,No,Electronic check,88.76,5775.87,Yes
1031-MPASD,Male,0,Yes,No,30,Yes,No,Fiber optic,No,No,No,No,No,Yes,One year,Yes,Bank transfer (automatic),80.3,2387.74,No
3217-ZMREW,Female,0,No,No,62,Yes,Yes,Fiber optic,No,No,No,No,No,No,Month-to-month,No,Credit card (automatic),83.92,5204.17,Yes
8208-AXRWC,Male,0,No,No,27,No,No phone service,Fiber optic,No,No,No,Yes,Yes,No,Two year,Yes,Mailed check,81.41,2206.44,No
5537-LLEWU,Female,0,Yes,Yes,66,Yes,No,Fiber optic,No,Yes,No,No,Yes,Yes,Two year,No,Credit card (automatic),95.46,6305.18,No
3525-FKVNC,Female,0,Yes,Yes,8,No,No phone service,Fiber optic,No,No,No,Yes,No,No,Month-to-month,Yes,Electronic check,77.26,622.51,Yes
7316-KHTFX,Male,0,Yes,No,27,Yes,Yes,DSL,No,No,No,No,Yes,Yes,Month-to-month,Yes,Bank transfer (automatic),77.41,2081.93,No
4855-BGIOU,Female,0,No,No,17,Yes,Yes,DSL,Yes,No,Yes,No,No,No,Month-to-month,No,Electronic check,69.82,1188.86,No
4404-ZXCII,Female,0,Yes,No,14,No,No phone service,Fiber optic,No,Yes,No,No,No,No,One year,No,Electronic check,68.47,968.94,No
5330-NJEUU,Female,1,Yes,No,4,Yes,No,DSL,No,No,No,Yes,Yes,Yes,Month-to-month,Yes,Credit card (automatic),73.62,292.93,No
0091-AXLTF,Female,0,Yes,No,40,Yes,No,DSL,No,No,Yes,Yes,No,Yes,Month-to-month,Yes,Credit card (automatic),65.66,2643.84,No
7453-VPFCD,Female,0,No,Yes,72,Yes,Yes,Fiber optic,Yes,No,No,No,No,No,Month-to-month,Yes,Bank transfer (automatic),89.63,6442.00,Yes
5763-SKOXP,Female,0,Yes,Yes,65,Yes,Yes,Fiber optic,Yes,No,No,Yes,Yes,No,Month-to-month,Yes,Electronic check,101.62,6608.59,Yes
5788-JKIZQ,Female,0,No,Yes,72,Yes,No,DSL,No,No,No,No,No,No,Two year,No,Electronic check,45.65,3284.49,No
2839-RQETU,Female,0,Yes,No,50,Yes,No,No,No internet service,No internet service,No internet service,No internet service,No internet service,No internet service,Two year,No,Electronic check,20.58,1013.17,No
4752-POYHI,Female,0,Yes,No,15,Yes,No,No,No internet service,No internet service,No internet service,No internet service,No internet service,No internet service,Month-to-month,No,Electronic check,24.24,365.35,No
3724-GPQQS,Male,0,No,Yes,64,Yes,Yes,Fiber optic,No,No,Yes,No,Yes,No,Month-to-month,Yes,Electronic check,94.84,6068.51,Yes
3071-EPVKV,Male,1,No,No,56,Yes,Yes,Fiber optic,No,No,No,No,No,Yes,Two year,No,Electronic check,91.32,5102.50,No
5022-HVRMA,Female,0,No,No,36,Yes,Yes,No,No internet service,No internet service,No internet service,No internet service,No internet service,No internet service,Two year,No,Credit card (automatic),35.03,1244.80,No
3047-ZRHXV,Male,0,Yes,No,38,Yes,Yes,Fiber optic,No,Yes,Yes,No,No,No,Month-to-month,No,Mailed check,94.04,3575.45,Yes
7167-DNIKP,Female,0,Yes,No,64,Yes,No,Fiber optic,No,No,No,No,Yes,No,Two year,Yes,Electronic check,85.44,5468.27,No
5233-QNZQA,Male,0,No,No,48,Yes,No,DSL,Yes,No,No,No,No,No,Two year,Yes,Bank transfer (automatic),52.55,2523.09,No
3051-QWVAL,Male,0,Yes,No,46,Yes,Yes,Fiber optic,Yes,Yes,Yes,Yes,Yes,No,Two year,Yes,Credit card (automatic),116.06,5349.02,No
9851-GSOGN,Male,0,No,Yes,39,Yes,No,Fiber optic,No,No,No,No,No,No,Month-to-month,Yes,Electronic check,72.08,2813.08,Yes
8404-XHSTL,Male,1,Yes,No,13,Yes,Yes,Fiber optic,No,Yes,No,Yes,No,No,Month-to-month,Yes,Credit card (automatic),94.62,1222.91,Yes
7765-TZIBR,Male,1,No,No,39,Yes,No,DSL,Yes,No,No,Yes,Yes,No,One year,Yes,Credit card (automatic),66.75,2628.93,No
0223-SJPFI,Female,0,No,Yes,47,Yes,No,Fiber optic,No,No,Yes,Yes,Yes,No,Two year,No,Electronic check,90.83,4287.23,No
7577-ZVRET,Female,1,Yes,Yes,31,Yes,No,No,No internet service,No internet service,No internet service,No internet service,No internet service,No internet service,Month-to-month,Yes,Mailed check,22.5,695.48,No
5137-NQSDR,Female,0,No,No,38,Yes,No,No,No internet service,No internet service,No internet service,No internet service,No internet service,No internet service,Month-to-month,Yes,Electronic check,23.43,891.88,No
1552-HLCBU,Female,0,Yes,No,32,Yes,No,Fiber optic,No,No,No,Yes,Yes,No,Month-to-month,Yes,Electronic check,84.49,2681.86,Yes
6011-HZVNM,Female,0,Yes,No,29,Yes,No,Fiber optic,No,No,No,Yes,No,No,Two year,Yes,Bank transfer (automatic),78.54,2284.67,No
3342-LTLTG,Female,1,No,Yes,25,Yes,No,DSL,No,Yes,Yes,Yes,No,No,Month-to-month,No,Electronic check,61.88,1543.85,No
6028-VVTZI,Male,0,No,Yes,42,Yes,No,DSL,No,Yes,No,Yes,No,Yes,One year,No,Mailed check,69.21,2910.34,No
2751-CNQCD,Female,0,No,No,54,Yes,No,DSL,No,No,No,Yes,No,No,Two year,Yes,Mailed check,52.57,2825.13,No
5962-NPMWT,Female,0,No,Yes,43,Yes,No,No,No internet service,No internet service,No internet service,No internet service,No internet service,No internet service,One year,Yes,Mailed check,24.17,1044.93,No
0079-GTQVL,Male,1,Yes,No,2,Yes,No,Fiber optic,No,Yes,No,Yes,Yes,Yes,Two year,Yes,Credit card (automatic),103.96,188.90,No
9655-HOVRW,Male,0,Yes,No,6,Yes,Yes,Fiber optic,Yes,Yes,No,No,No,No,Month-to-month,Yes,Bank transfer (automatic),93.33,532.75,Yes
9327-JLUTK,Male,0,No,No,57,Yes,Yes,No,No internet service,No internet service,No internet service,No internet service,No internet service,No internet service,Month-to-month,No,Credit card (automatic),32.69,1878.96,No
3432-TJOMM,Male,1,Yes,No,9,No,No phone service,DSL,Yes,No,No,No,No,No,Month-to-month,Yes,Bank transfer (automatic),50.28,431.31,No
4164-IVQYE,Female,0,No,No,9,Yes,Yes,Fiber optic,No,No,No,Yes,No,No,Two year,Yes,Mailed check,87.86,773.36,No
8012-EVUQT,Female,0,No,No,41,Yes,Yes,No,No internet service,No internet service,No internet service,No internet service,No internet service,No internet service,Month-to-month,No,Electronic check,30.93,1257.41,No
5334-XUGHV,Male,0,No,No,33,No,No phone service,DSL,Yes,Yes,No,No,No,No,Two year,No,Bank transfer (automatic),50.46,1662.52,No
5194-QYGBF,Female,0,Yes,No,25,No,No phone service,DSL,Yes,No,Yes,Yes,No,No,Month-to-month,Yes,Bank transfer (automatic),59.23,1457.21,No
9842-KJPTS,Female,0,No,No,59,Yes,No,DSL,No,No,Yes,Yes,No,No,Month-to-month,Yes,Credit card (automatic),58.67,3445.74,No
0967-PRXYW,Female,0,No,Yes,1,Yes,Yes,No,No internet service,No internet service,No internet service,No internet service,No internet service,No internet service,One year,No,Electronic check,35.57,21.98,No
0365-KXFJF,Male,1,Yes,No,72,Yes,No,Fiber optic,No,No,No,No,No,Yes,Month-to-month,Yes,Credit card (automatic),86.06,6191.62,Yes
9564-IGQLY,Male,0,Yes,Yes,44,Yes,Yes,DSL,Yes,No,No,No,Yes,Yes,One year,No,Electronic check,83.89,3708.58,No
5781-BENUJ,Male,0,No,No,4,Yes,No,Fiber optic,Yes,No,Yes,Yes,No,Yes,Two year,No,Electronic check,96.56,391.58,No
9193-IDQUB,Female,0,No,Yes,25,Yes,No,DSL,Yes,Yes,Yes,Yes,No,Yes,Month-to-month,Yes,Credit card (automatic),79.11,1977.50,No
5066-DICEU,Male,0,Yes,No,24,Yes,Yes,DSL,No,No,No,Yes,No,Yes,Month-to-month,Yes,Mailed check,75.13,1794.11,No
7993-QUQSF,Male,1,Yes,No,25,Yes,Yes,No,No internet service,No internet service,No internet service,No internet service,No internet service,No internet service,One year,Yes,Credit card (automatic),30.27,753.62,No
0926-BVGLB,Male,0,Yes,No,21,Yes,No,DSL,No,No,No,No,Yes,No,One year,No,Credit card (automatic),57.29,1200.09,No
4990-CNPQS,Female,0,No,No,18,Yes,No,No,No internet service,No internet service,No internet service,No internet service,No internet service,No internet service,One year,Yes,Electronic check,18.25,331.77,No
3433-YYIKE,Male,0,No,No,9,Yes,Yes,No,No internet service,No internet service,No internet service,No internet service,No internet service,No internet service,One year,No,Mailed check,34.09,308.63,No
4151-JMEKO,Male,0,No,No,41,Yes,No,Fiber optic,Yes,No,Yes,Yes,Yes,No,Month-to-month,No,Electronic check,101.11,4142.80,Yes
4346-JBATW,Female,0,Yes,Yes,30,Yes,Yes,No,No internet service,No internet service,No internet service,No internet service,No internet service,No internet service,Month-to-month,Yes,Credit card (automatic),34.52,1040.69,No
0355-AGEVQ,Female,0,Yes,Yes,30,Yes,Yes,DSL,No,No,Yes,No,Yes,Yes,Month-to-month,No,Electronic check,79.67,2390.65,Yes
6323-IULEH,Female,0,No,No,35,No,No phone service,No,No internet service,No internet service,No internet service,No internet service,No internet service,No internet service,One year,No,Electronic check,18.25,621.69,No
6201-SKAAH,Female,0,No,Yes,65,Yes,No,DSL,Yes,No,Yes,Yes,No,No,Two year,Yes,Credit card (automatic),63.25,4098.37,No
7171-MEAIT,Female,0,Yes,No,31,Yes,No,Fiber optic,No,Yes,Yes,No,Yes,No,Two year,Yes,Bank transfer (automatic),94.28,2913.76,No
9105-KXDAA,Male,1,No,Yes,66,Yes,No,No,No internet service,No internet service,No internet service,No internet service,No internet service,No internet service,Month-to-month,Yes,Credit card (automatic),25.9,1720.44,No
5141-IBETQ,Male,1,Yes,No,62,Yes,No,Fiber optic,No,Yes,Yes,No,Yes,No,One year,No,Electronic check,93.71,5818.76,No
9829-HTKMM,Male,0,Yes,No,22,Yes,Yes,Fiber optic,No,Yes,No,Yes,No,No,Month-to-month,Yes,Bank transfer (automatic),90.23,1983.55,Yes
8417-TNBVP,Female,0,No,No,49,Yes,Yes,DSL,Yes,Yes,No,No,No,Yes,Month-to-month,No,Mailed check,77.42,3794.52,No
0786-MYRAG,Female,0,No,No,64,Yes,No,No,No internet service,No internet service,No internet service,No internet service,No internet service,No internet service,Month-to-month,Yes,Bank transfer (automatic),22.21,1417.94,No
3972-WGZYP,Female,0,No,No,68,Yes,No,DSL,No,Yes,No,Yes,No,No,Month-to-month,Yes,Electronic check,58.41,3973.40,No
3906-JLNVK,Female,1,No,No,43,Yes,No,No,No internet service,No internet service,No internet service,No internet service,No internet service,No internet service,One year,No,Credit card (automatic),24.38,1054.56,No
0897-JDEXR,Female,0,No,Yes,57,Yes,No,No,No internet service,No internet service,No internet service,No internet service,No internet service,No internet service,Two year,No,Bank transfer (automatic),19.97,1141.17,No
5917-EZCRD,Male,0,Yes,No,56,Yes,Yes,DSL,Yes,No,No,No,Yes,No,Two year,Yes,Bank transfer (automatic),73.79,4124.93,No
7092-ABZKO,Male,0,No,No,36,Yes,Yes,Fiber optic,No,No,No,No,No,Yes,Month-to-month,No,Mailed check,90.04,3238.31,Yes
6087-AJQRP,Male,0,No,No,64,No,No phone service,DSL,Yes,No,No,No,Yes,Yes,Two year,Yes,Credit card (automatic),68.2,4366.65,No
1503-GIZCT,Female,0,No,No,17,No,No phone service,Fiber optic,Yes,Yes,No,No,No,No,One year,No,Mailed check,81.14,1371.01,No
4414-ZQGNO,Male,1,No,No,4,Yes,No,Fiber optic,Yes,Yes,Yes,No,Yes,Yes,Two year,Yes,Electronic check,108.3,435.87,Yes
4582-AHRBZ,Female,0,No,No,25,Yes,Yes,DSL,Yes,No,No,Yes,Yes,No,Month-to-month,No,Credit card (automatic),75.01,1881.26,No
3402-KXFSN,Female,1,No,No,32,Yes,No,No,No internet service,No internet service,No internet service,No internet service,No internet service,No internet service,Month-to-month,Yes,Mailed check,24.75,791.74,No
6547-XSXZY,Male,1,No,No,41,Yes,Yes,Fiber optic,No,No,No,No,Yes,No,Month-to-month,No,Mailed check,91.02,3742.37,Yes
9277-LGHQC,Female,0,No,No,26,Yes,No,DSL,No,Yes,No,No,No,No,Month-to-month,No,Mailed check,55.68,1451.34,No
5665-LLDUI,Male,0,No,No,53,Yes,Yes,Fiber optic,No,No,Yes,No,No,No,Month-to-month,No,Credit card (automatic),86.56,4594.23,Yes
0144-WXJFF,Female,0,Yes,No,23,Yes,Yes,DSL,No,Yes,No,No,No,Yes,One year,No,Mailed check,70.51,1613.97,No
4474-VCNEO,Female,1,No,No,2,Yes,Yes,Fiber optic,No,Yes,No,Yes,Yes,No,One year,Yes,Mailed check,106.48,225.39,No
8276-DUXJW,Male,0,No,Yes,38,Yes,No,Fiber optic,No,No,No,No,No,No,Month-to-month,Yes,Mailed check,72.96,2778.20,Yes
9917-HIBNT,Female,0,No,No,70,Yes,No,DSL,No,No,Yes,Yes,Yes,Yes,Month-to-month,Yes,Mailed check,77.31,5409.96,No
1326-NUPOG,Male,0,No,No,11,Yes,Yes,DSL,Yes,No,Yes,Yes,Yes,No,Two year,No,Bank transfer (automatic),83.34,921.09,No
1354-PKBWB,Male,0,No,No,32,Yes,No,Fiber optic,Yes,No,No,No,No,No,Month-to-month,No,Credit card (automatic),75.33,2410.68,Yes
8625-EICRB,Male,0,No,Yes,21,No,No phone service,Fiber optic,Yes,No,No,Yes,No,Yes,Month-to-month,Yes,Bank transfer (automatic),88.45,1866.12,No
3082-NMERX,Male,0,No,No,34,Yes,Yes,DSL,No,No,No,Yes,Yes,No,Month-to-month,No,Electronic check,73.9,2511.25,No
2461-SXPZX,Male,0,Yes,No,13,Yes,Yes,Fiber optic,No,No,Yes,No,No,No,Month-to-month,No,Credit card (automatic),83.91,1087.11,Yes
2961-YHYIW,Male,0,Yes,No,25,Yes,No,Fiber optic,No,No,No,No,Yes,Yes,Two year,No,Electronic check,95.17,2374.75,No
3464-ZOXUE,Male,0,Yes,No,53,Yes,No,DSL,Yes,No,No,No,No,No,One year,No,Mailed check,51.68,2746.36,No
4361-JTCJM,Male,1,Yes,No,40,Yes,No,Fiber optic,No,No,No,Yes,No,Yes,Month-to-month,Yes,Credit card (automatic),87.79,3515.55,Yes
7623-MNDLP,Male,0,Yes,No,44,Yes,Yes,DSL,No,No,No,No,No,No,Month-to-month,Yes,Bank transfer (automatic),57.09,2533.52,No
9673-XQYGD,Female,0,Yes,No,30,Yes,No,Fiber optic,No,No,No,No,No,Yes,Month-to-month,Yes,Credit card (automatic),85.38,2560.81,Yes
7917-JFWWB,Female,1,No,No,68,Yes,No,DSL,Yes,No,No,No,Yes,No,Month-to-month,Yes,Mailed check,63.37,4293.52,No
1353-VEFIV,Female,1,No,No,16,Yes,No,Fiber optic,No,No,Yes,No,No,Yes,Month-to-month,Yes,Bank transfer (automatic),88.12,1414.85,Yes
5744-JAVQH,Male,0,No,Yes,59,Yes,Yes,No,No internet service,No internet service,No internet service,No internet service,No internet service,No internet service,Month-to-month,Yes,Credit card (automatic),33.0,1948.38,No
9858-BIDSQ,Female,0,Yes,No,3,No,No phone service,Fiber optic,No,Yes,No,No,Yes,Yes,Month-to-month,No,Mailed check,93.6,282.30,Yes
0710-BCDMY,Female,0,Yes,Yes,9,Yes,Yes,Fiber optic,No,No,No,No,No,No,One year,No,Electronic check,84.64,759.85,No
6445-APFMM,Female,1,No,No,8,Yes,Yes,Fiber optic,No,No,Yes,No,Yes,Yes,Two year,Yes,Electronic check,109.53,875.83,Yes
5498-ZJUYZ,Male,0,Yes,No,60,Yes,No,DSL,Yes,No,No,No,Yes,No,Two year,Yes,Electronic check,63.14,3794.39,No
6289-WDYVY,Female,0,Yes,No,21,Yes,Yes,DSL,No,Yes,Yes,Yes,No,No,One year,No,Electronic check,74.39,1567.65,No
3918-ZTPBW,Male,1,Yes,Yes,20,Yes,Yes,No,No internet service,No internet service,No internet service,No internet service,No internet service,No internet service,Month-to-month,No,Electronic check,33.64,665.42,No
6447-VQKDQ,Female,0,Yes,Yes,22,Yes,No,No,No internet service,No internet service,No internet service,No internet service,No internet service,No internet service,Month-to-month,No,Electronic check,18.65,407.90,No
4438-XJCUF,Male,0,Yes,No,60,Yes,No,Fiber optic,No,Yes,Yes,No,No,No,One year,No,Electronic check,79.51,4785.15,No
4747-JZSUD,Male,1,Yes,Yes,11,Yes,Yes,DSL,Yes,Yes,No,Yes,No,No,Month-to-month,No,Mailed check,74.93,836.18,No
5293-DEOPF,Female,0,No,No,16,Yes,Yes,No,No internet service,No internet service,No internet service,No internet service,No internet service,No internet service,Month-to-month,Yes,Mailed check,33.19,533.36,No
1973-GWLNM,Male,0,No,Yes,54,Yes,No,DSL,No,No,No,No,No,Yes,Month-to-month,Yes,Bank transfer (automatic),57.59,3109.80,No
9160-LNRUX,Male,1,Yes,Yes,20,No,No phone service,No,No internet service,No internet service,No internet service,No internet service,No internet service,No internet service,One year,No,Credit card (automatic),18.25,339.85,No
6298-LECGP,Female,0,Yes,Yes,53,Yes,Yes,Fiber optic,No,Yes,Yes,No,No,Yes,Month-to-month,No,Electronic check,104.53,5539.41,Yes
3047-OTOWH,Female,0,No,No,46,Yes,No,DSL,No,Yes,No,No,Yes,No,Two year,Yes,Electronic check,62.31,2860.18,No
8845-WJRIP,Male,0,Yes,No,40,Yes,No,No,No internet service,No internet service,No internet service,No internet service,No internet service,No internet service,Month-to-month,Yes,Mailed check,18.45,725.93,No
0556-BMVFI,Male,0,No,No,14,Yes,No,Fiber optic,Yes,Yes,No,No,Yes,No,Two year,Yes,Bank transfer (automatic),88.74,1228.21,No
7466-EGCWM,Female,0,Yes,No,58,Yes,No,DSL,No,Yes,Yes,No,No,No,Month-to-month,Yes,Electronic check,58.48,3397.32,Yes
5511-WQYCV,Male,0,Yes,No,14,Yes,Yes,Fiber optic,No,Yes,No,Yes,No,No,Two year,Yes,Electronic check,91.22,1262.10,No
2896-ADUWW,Female,0,Yes,No,28,Yes,No,No,No internet service,No internet service,No internet service,No internet service,No internet service,No internet service,Two year,Yes,Electronic check,20.59,570.62,No
4044-DVOXJ,Male,0,Yes,No,10,Yes,No,DSL,Yes,Yes,No,No,No,No,One year,Yes,Bank transfer (automatic),57.79,579.79,No
4742-HLTSS,Male,0,No,No,28,No,No phone service,DSL,No,Yes,No,Yes,Yes,Yes,Two year,No,Mailed check,73.78,2085.94,No
5794-QASLV,Female,0,No,No,55,Yes,No,No,No internet service,No internet service,No internet service,No internet service,No internet service,No internet service,Month-to-month,Yes,Mailed check,25.42,1397.68,No
1061-HBKAJ,Female,0,No,No,52,Yes,Yes,Fiber optic,Yes,No,Yes,Yes,No,No,Month-to-month,No,Credit card (automatic),98.02,5090.05,No
1160-PSEWF,Male,0,No,Yes,2,Yes,No,No,No internet service,No internet service,No internet service,No internet service,No internet service,No internet service,Month-to-month,No,Mailed check,24.44,61.73,No
7068-WFPID,Male,1,No,No,12,Yes,Yes,DSL,Yes,No,No,No,No,No,Two year,No,Credit card (automatic),60.08,725.21,No
9559-NCWQK,Female,0,Yes,Yes,37,Yes,Yes,Fiber optic,Yes,No,No,Yes,No,No,Month-to-month,No,Mailed check,95.52,3534.12,No
7778-DOPVK,Male,0,No,No,69,Yes,Yes,DSL,No,No,No,Yes,No,No,Month-to-month,Yes,Bank transfer (automatic),58.78,4050.77,No
6157-DEXCF,Female,0,No,No,10,Yes,No,No,No internet service,No internet service,No internet service,No internet service,No internet service,No internet service,Month-to-month,Yes,Credit card (automatic),23.78,248.72,No
0352-QVNSX,Female,0,Yes,No,22,Yes,No,DSL,No,Yes,No,Yes,Yes,Yes,Month-to-month,Yes,Electronic check,76.64,1701.58,No
6676-UZXNX,Female,0,Yes,No,72,Yes,Yes,DSL,Yes,No,No,Yes,Yes,Yes,Month-to-month,Yes,Electronic check,87.47,6313.57,No
7951-XMJQY,Female,0,Yes,No,55,Yes,No,Fiber optic,Yes,No,No,No,No,Yes,Month-to-month,No,Credit card (automatic),87.07,4778.63,Yes
8595-FTAQA,Female,0,No,No,16,Yes,No,Fiber optic,No,No,No,No,No,No,Month-to-month,No,Mailed check,72.14,1156.13,Yes
4600-NMKLF,Female,0,No,Yes,8,Yes,Yes,DSL,No,No,No,No,No,No,Month-to-month,No,Bank transfer (automatic),57.41,457.29,No
1168-HRPWU,Male,1,No,Yes,27,Yes,Yes,DSL,No,No,No,Yes,No,No,Month-to-month,Yes,Bank transfer (automatic),66.34,1780.62,No
9393-OTIGG,Female,1,Yes,No,18,Yes,Yes,DSL,Yes,No,Yes,No,No,No,Month-to-month,Yes,Bank transfer (automatic),70.2,1248.05,No
3879-TMFDQ,Male,0,No,No,3,Yes,No,No,No internet service,No internet service,No internet service,No internet service,No internet service,No internet service,Month-to-month,No,Electronic check,24.22,64.59,No
4920-RBHPD,Male,0,Yes,No,46,Yes,Yes,Fiber optic,Yes,No,No,No,Yes,No,Month-to-month,Yes,Electronic check,97.38,4492.89,Yes
2390-QUGIG,Female,0,Yes,No,46,Yes,Yes,DSL,No,No,Yes,No,No,No,Month-to-month,No,Bank transfer (automatic),63.61,2945.01,No
4276-DQCKH,Female,0,Yes,No,30,Yes,No,DSL,No,No,No,No,No,No,Month-to-month,Yes,Credit card (automatic),46.63,1390.48,No
1836-JLWHW,Male,0,Yes,No,4,Yes,No,No,No internet service,No internet service,No internet service,No internet service,No internet service,No internet service,Month-to-month,Yes,Bank transfer (automatic),23.69,61.89,No
3649-GSZGW,Male,0,Yes,No,32,Yes,Yes,Fiber optic,No,No,Yes,No,No,No,Two year,Yes,Bank transfer (automatic),87.8,2813.48,No
1768-LDYAE,Female,0,Yes,No,47,Yes,No,DSL,No,No,No,No,No,No,One year,No,Electronic check,48.99,2322.44,No
9636-YMNEU,Male,0,No,No,31,Yes,Yes,DSL,No,Yes,Yes,No,No,No,Two year,No,Credit card (automatic),67.07,2081.30,No
1473-BHTEL,Male,1,No,Yes,58,Yes,Yes,DSL,No,No,Yes,No,No,No,Month-to-month,Yes,Bank transfer (automatic),64.96,3755.98,No
6493-PGMDZ,Female,1,No,Yes,63,Yes,Yes,DSL,No,No,No,No,No,Yes,Month-to-month,No,Bank transfer (automatic),68.1,4286.87,No
3147-DBYFC,Female,0,Yes,No,46,No,No phone service,Fiber optic,No,Yes,No,Yes,Yes,No,Month-to-month,Yes,Credit card (automatic),87.62,4012.55,No
9458-UPIQL,Male,0,Yes,No,8,Yes,Yes,Fiber optic,No,No,Yes,No,No,Yes,Two year,Yes,Bank transfer (automatic),99.52,806.93,No
9301-RJKUA,Male,0,No,No,34,Yes,Yes,No,No internet service,No internet service,No internet service,No internet service,No internet service,No internet service,Month-to-month,Yes,Electronic check,36.22,1235.34,No
9250-LKQCI,Female,0,No,Yes,46,No,No phone service,DSL,Yes,Yes,Yes,No,No,Yes,Two year,Yes,Mailed check,68.03,3129.32,No
1525-KKGMM,Female,0,No,Yes,16,Yes,No,DSL,Yes,No,No,No,No,Yes,Two year,No,Electronic check,62.63,1006.65,No
6123-HUAIQ,Female,0,No,No,0,Yes,No,DSL,Yes,No,No,Yes,No,Yes,Two year,No,Credit card (automatic),68.82, ,Yes
1625-PHEQZ,Male,0,Yes,No,54,Yes,Yes,Fiber optic,No,No,Yes,No,No,No,Month-to-month,Yes,Mailed check,87.07,4687.76,Yes
2154-GRMVK,Male,0,Yes,Yes,10,Yes,Yes,No,No internet service,No internet service,No internet service,No internet service,No internet service,No internet service,Month-to-month,Yes,Electronic check,30.8,303.72,No
4546-EGQIF,Female,1,No,No,32,Yes,Yes,No,No internet service,No internet service,No internet service,No internet service,No internet service,No internet service,One year,No,Mailed check,31.67,1025.21,No
8016-TMZQU,Male,0,No,Yes,69,No,No phone service,DSL,Yes,Yes,No,No,Yes,No,Month-to-month,No,Mailed check,65.57,4510.86,No
3562-FBZMT,Male,0,Yes,No,55,Yes,No,Fiber optic,No,No,No,No,No,No,Two year,Yes,Credit card (automatic),72.0,3970.33,No
9861-VNDHL,Male,0,Yes,No,63,Yes,No,Fiber optic,No,No,Yes,No,No,No,Two year,No,Electronic check,78.49,4942.12,No
7079-GNQSE,Female,0,No,No,57,Yes,No,DSL,Yes,No,Yes,Yes,No,No,Month-to-month,No,Electronic check,59.67,3387.13,No
2207-IEAQY,Male,1,No,No,19,Yes,Yes,DSL,No,Yes,Yes,No,Yes,No,Month-to-month,No,Credit card (automatic),75.78,1443.15,No
0822-MTEFN,Female,0,No,No,17,Yes,No,DSL,No,No,No,Yes,Yes,No,One year,No,Electronic check,65.12,1122.01,No
5980-IDWOV,Male,0,Yes,Yes,44,Yes,No,DSL,No,No,Yes,No,No,No,Month-to-month,Yes,Credit card (automatic),53.88,2365.64,No
8116-OYEWK,Female,0,No,No,42,Yes,No,Fiber optic,Yes,Yes,No,Yes,Yes,Yes,Two year,No,Mailed check,108.28,4556.05,No
7739-GATLM,Female,0,Yes,No,19,Yes,Yes,Fiber optic,No,No,Yes,No,No,Yes,One year,No,Credit card (automatic),95.41,1819.46,No
4965-TOSKV,Female,0,Yes,No,56,No,No phone service,DSL,No,No,Yes,Yes,No,No,Month-to-month,No,Bank transfer (automatic),53.35,2985.69,No
9423-RIPGZ,Male,0,Yes,Yes,26,Yes,Yes,No,No internet service,No internet service,No internet service,No internet service,No internet service,No internet service,Month-to-month,No,Electronic check,33.23,873.36,No
2770-UELSB,Female,1,Yes,No,17,Yes,Yes,Fiber optic,Yes,Yes,No,No,No,No,Two year,Yes,Mailed check,93.07,1588.13,No
0391-UPJLB,Male,0,Yes,No,16,Yes,Yes,No,No internet service,No internet service,No internet service,No internet service,No internet service,No internet service,Two year,Yes,Mailed check,31.45,487.97,No
0999-JYBZT,Male,0,Yes,No,59,Yes,Yes,Fiber optic,Yes,No,No,No,Yes,Yes,Month-to-month,No,Credit card (automatic),109.45,6445.54,Yes
2071-KXLAF,Male,0,No,No,4,Yes,No,Fiber optic,No,No,Yes,No,Yes,No,Month-to-month,No,Credit card (automatic),86.43,344.03,Yes
3209-PKPLA,Male,0,Yes,Yes,5,Yes,No,DSL,No,No,No,No,Yes,No,Month-to-month,Yes,Credit card (automatic),57.5,297.95,No
6521-JSOHK,Male,1,Yes,No,14,Yes,No,No,No internet service,No internet service,No internet service,No internet service,No internet service,No internet service,Month-to-month,No,Credit card (automatic),18.9,261.97,No
6649-SQAVO,Female,0,No,Yes,38,Yes,No,DSL,Yes,No,No,No,Yes,Yes,Month-to-month,No,Credit card (automatic),72.89,2789.88,No
3699-ZQVWQ,Female,0,No,Yes,38,Yes,Yes,No,No internet service,No internet service,No internet service,No internet service,No internet service,No internet service,One year,No,Bank transfer (automatic),30.67,1175.00,No
1885-DGESD,Male,0,No,No,20,Yes,No,DSL,No,Yes,Yes,Yes,No,No,Month-to-month,No,Mailed check,63.36,1262.02,No
1526-DNXNQ,Female,0,No,Yes,12,Yes,Yes,DSL,No,No,Yes,No,No,Yes,One year,Yes,Bank transfer (automatic),73.08,859.75,No
8224-ZASDN,Male,0,Yes,Yes,28,Yes,Yes,Fiber optic,No,Yes,Yes,No,Yes,Yes,Month-to-month,Yes,Credit card (automatic),113.0,3163.23,Yes
1593-PACGC,Female,0,No,Yes,4,Yes,No,Fiber optic,No,Yes,No,Yes,No,No,One year,Yes,Bank transfer (automatic),80.66,324.82,No
5501-JKFRO,Male,0,Yes,No,66,Yes,No,Fiber optic,No,Yes,No,No,No,No,Month-to-month,Yes,Electronic check,75.06,4957.31,Yes
1375-NXOTC,Female,0,No,Yes,20,Yes,No,Fiber optic,Yes,Yes,Yes,Yes,No,Yes,Two year,Yes,Mailed check,102.87,2061.93,No
6610-KXCVW,Male,0,Yes,No,8,Yes,No,Fiber optic,No,Yes,No,No,No,No,Two year,No,Mailed check,74.55,590.11,No
7564-SRGPX,Male,0,No,Yes,66,Yes,No,DSL,No,Yes,No,No,No,No,Month-to-month,Yes,Electronic check,55.47,3672.60,No
7218-VZCUA,Female,0,No,No,43,Yes,No,No,No internet service,No internet service,No internet service,No internet service,No internet service,No internet service,Month-to-month,No,Mailed check,23.56,1003.04,No
1899-CXZHO,Male,0,No,No,61,Yes,Yes,Fiber optic,No,Yes,Yes,No,No,No,One year,Yes,Mailed check,94.68,5787.49,No
4711-LDHBT,Female,0,Yes,No,66,Yes,No,DSL,Yes,Yes,Yes,Yes,No,Yes,Month-to-month,Yes,Electronic check,79.92,5265.13,No
7271-QNNFH,Female,0,No,No,61,No,No phone service,DSL,No,Yes,No,No,No,No,One year,Yes,Mailed check,48.66,2969.55,No
8971-AGGMP,Female,0,Yes,Yes,61,Yes,No,Fiber optic,No,Yes,No,No,No,Yes,Month-to-month,No,Credit card (automatic),87.84,5365.01,Yes
2568-QSECX,Female,0,Yes,Yes,59,No,No phone service,DSL,No,No,No,No,Yes,No,Month-to-month,No,Electronic check,52.78,3118.72,No
9510-ZUKYZ,Male,0,No,No,48,Yes,Yes,No,No internet service,No internet service,No internet service,No internet service,No internet service,No internet service,Two year,Yes,Electronic check,35.55,1697.05,No
8025-UDRLD,Male,1,No,No,38,Yes,Yes,No,No internet service,No internet service,No internet service,No internet service,No internet service,No internet service,Month-to-month,No,Bank transfer (automatic),31.88,1201.61,No
4190-WWXJF,Male,0,No,No,40,No,No phone service,DSL,Yes,Yes,No,No,No,No,Month-to-month,Yes,Electronic check,52.72,2094.19,No
0712-XTUYW,Male,0,No,No,49,Yes,Yes,No,No internet service,No internet service,No internet service,No internet service,No internet service,No internet service,Month-to-month,No,Bank transfer (automatic),31.07,1509.49,No
9600-HJQPJ,Male,0,Yes,No,16,Yes,No,No,No internet service,No internet service,No internet service,No internet service,No internet service,No internet service,One year,No,Bank transfer (automatic),21.76,334.00,No
1386-LWLZW,Female,0,Yes,Yes,52,Yes,No,No,No internet service,No internet service,No internet service,No internet service,No internet service,No internet service,Two year,No,Credit card (automatic),22.1,1162.08,No
4047-LWGOB,Female,0,Yes,Yes,54,Yes,No,DSL,No,No,No,Yes,No,Yes,Two year,No,Electronic check,62.65,3401.26,No
0370-RWEFL,Male,0,Yes,No,55,Yes,No,Fiber optic,Yes,No,No,No,Yes,No,Month-to-month,Yes,Credit card (automatic),87.7,4828.12,Yes
7870-NTEMY,Male,0,Yes,No,0,Yes,No,Fiber optic,Yes,Yes,No,No,Yes,No,One year,No,Bank transfer (automatic),93.2, ,Yes
5521-RGELZ,Female,0,Yes,No,64,Yes,No,Fiber optic,No,Yes,No,Yes,No,No,One year,No,Mailed check,83.58,5354.88,No
0408-HNDKQ,Male,0,No,No,63,Yes,No,Fiber optic,No,Yes,No,No,No,No,Month-to-month,Yes,Electronic check,78.29,4939.43,Yes
7401-EYZHZ,Male,0,Yes,Yes,51,No,No phone service,DSL,Yes,Yes,No,No,No,No,One year,No,Electronic check,56.0,2853.77,No
7816-JUPCJ,Female,0,Yes,No,14,Yes,No,DSL,No,No,No,No,Yes,No,Month-to-month,No,Mailed check,57.9,804.86,No
7134-EDSSE,Male,0,Yes,No,1,Yes,Yes,Fiber optic,No,No,No,No,No,No,One year,Yes,Mailed check,83.12,81.34,Yes
9503-JNOJF,Female,0,Yes,No,11,Yes,Yes,No,No internet service,No internet service,No internet service,No internet service,No internet service,No internet service,Month-to-month,No,Bank transfer (automatic),34.36,360.66,No
1948-SSIPS,Female,0,Yes,No,44,No,No phone service,DSL,No,No,No,Yes,No,No,Month-to-month,No,Mailed check,45.68,2010.52,No
3834-RHMIJ,Female,0,No,No,56,Yes,No,Fiber optic,No,No,No,No,Yes,No,Two year,No,Electronic check,82.56,4643.42,No
3236-QKBZE,Male,0,Yes,No,41,Yes,Yes,DSL,No,Yes,Yes,No,No,No,Month-to-month,Yes,Credit card (automatic),68.74,2816.64,No
8522-WSPPZ,Male,1,Yes,Yes,1,No,No phone service,Fiber optic,Yes,Yes,No,No,Yes,Yes,Month-to-month,No,Mailed check,98.9,94.84,Yes
2968-ISXAN,Male,0,No,No,61,Yes,No,DSL,No,No,No,No,No,Yes,Two year,No,Mailed check,57.12,3490.23,No
7136-FLYXB,Male,0,Yes,No,33,Yes,No,Fiber optic,No,No,No,No,Yes,No,Two year,Yes,Bank transfer (automatic),83.51,2750.07,No
3063-HROHB,Female,0,No,Yes,16,Yes,Yes,Fiber optic,Yes,No,Yes,No,No,Yes,Month-to-month,Yes,Electronic check,100.3,1593.56,Yes
7014-ALEUP,Male,0,No,No,40,Yes,No,DSL,No,No,No,No,No,Yes,Two year,Yes,Mailed check,60.12,2396.24,No
6115-KJCMM,Male,0,No,Yes,70,Yes,Yes,Fiber optic,Yes,No,No,No,Yes,No,Month-to-month,Yes,Electronic check,98.98,6942.80,Yes
7293-NWQAY,Male,0,No,No,64,Yes,No,Fiber optic,No,No,No,Yes,No,No,Month-to-month,Yes,Bank transfer (automatic),77.97,4985.34,No
5411-GVMXC,Female,0,No,No,14,Yes,Yes,Fiber optic,Yes,No,No,No,Yes,No,Month-to-month,Yes,Credit card (automatic),98.53,1365.70,Yes
2493-PHVHP,Female,0,No,No,37,Yes,Yes,Fiber optic,Yes,No,Yes,No,No,Yes,Month-to-month,No,Mailed check,101.61,3766.45,Yes
6185-VLBIA,Female,0,No,Yes,72,Yes,Yes,No,No internet service,No internet service,No internet service,No internet service,No internet service,No internet service,Month-to-month,Yes,Electronic check,35.63,2568.27,No
5712-ZOZGM,Female,0,Yes,No,64,Yes,No,DSL,No,No,Yes,No,Yes,No,Two year,Yes,Bank transfer (automatic),66.49,4248.34,No
0459-GMJJM,Male,1,Yes,Yes,8,Yes,No,No,No internet service,No internet service,No internet service,No internet service,No internet service,No internet service,Month-to-month,Yes,Credit card (automatic),19.86,164.06,No
6260-TGWDQ,Female,0,Yes,No,41,Yes,No,DSL,No,Yes,No,No,No,No,One year,No,Electronic check,54.3,2233.37,No
7313-HHUPO,Female,0,Yes,No,65,Yes,Yes,DSL,Yes,Yes,Yes,Yes,No,Yes,One year,No,Electronic check,89.48,5804.39,No
1625-IPUIT,Male,1,Yes,No,50,Yes,No,No,No internet service,No internet service,No internet service,No internet service,No internet service,No internet service,Two year,No,Credit card (automatic),23.94,1206.79,No
8030-MIXPH,Female,0,No,No,18,Yes,No,No,No internet service,No internet service,No internet service,No internet service,No internet service,No internet service,Two year,Yes,Mailed check,21.17,377.98,No
6826-VEITS,Female,1,No,Yes,30,Yes,No,Fiber optic,Yes,Yes,No,Yes,No,No,Month-to-month,No,Bank transfer (automatic),86.89,2590.14,No
2102-XLFBX,Male,0,No,Yes,65,Yes,No,Fiber optic,No,Yes,No,No,No,No,Month-to-month,No,Electronic check,73.54,4764.18,Yes
4300-TOIZJ,Female,1,Yes,No,31,Yes,Yes,DSL,No,No,No,Yes,No,Yes,Month-to-month,Yes,Bank transfer (automatic),70.77,2187.03,No
5078-BPPVW,Male,0,Yes,No,7,Yes,Yes,DSL,No,Yes,Yes,No,Yes,No,Two year,Yes,Bank transfer (automatic),81.74,574.79,No
0442-BNAFG,Female,1,No,Yes,68,No,No phone service,DSL,Yes,Yes,No,Yes,Yes,Yes,Month-to-month,Yes,Credit card (automatic),75.16,5118.34,No
1144-MSSOA,Male,0,No,Yes,31,Yes,No,DSL,No,Yes,No,No,No,No,Month-to-month,Yes,Credit card (automatic),55.49,1717.67,No
2810-YUHKT,Male,0,No,No,46,Yes,Yes,Fiber optic,Yes,No,No,No,No,Yes,One year,No,Electronic check,98.87,4531.01,No
7455-FBJJI,Male,0,Yes,No,69,Yes,No,Fiber optic,No,Yes,No,No,Yes,No,Month-to-month,No,Bank transfer (automatic),87.33,6038.04,Yes
6213-HIZBP,Female,0,No,Yes,7,Yes,Yes,Fiber optic,No,No,Yes,Yes,No,Yes,Two year,Yes,Mailed check,102.8,732.01,No
5728-TELWK,Male,0,No,No,33,Yes,Yes,DSL,Yes,No,Yes,No,Yes,No,One year,Yes,Bank transfer (automatic),80.26,2650.88,No
4334-CIRLW,Male,0,No,No,3,Yes,No,Fiber optic,No,No,Yes,No,Yes,No,Month-to-month,Yes,Credit card (automatic),85.61,252.14,Yes
3767-TKBWL,Female,0,Yes,No,35,Yes,No,No,No internet service,No internet service,No internet service,No internet service,No internet service,No internet service,Month-to-month,Yes,Mailed check,22.15,771.48,No
8565-RMIUS,Male,0,No,No,43,Yes,Yes,No,No internet service,No internet service,No internet service,No internet service,No internet service,No internet service,Month-to-month,Yes,Electronic check,34.39,1459.87,No
3384-BFLWH,Male,1,Yes,No,24,Yes,No,Fiber optic,No,No,No,No,No,No,Month-to-month,No,Bank transfer (automatic),71.99,1723.59,Yes
4773-WIZDI,Male,0,Yes,No,25,Yes,Yes,DSL,Yes,Yes,Yes,No,Yes,No,Two year,No,Electronic check,86.36,2145.34,No
3031-VMOHF,Male,0,No,No,32,Yes,Yes,DSL,No,Yes,No,No,No,No,Month-to-month,Yes,Electronic check,64.07,2052.78,Yes
8564-XBBKH,Female,0,No,Yes,8,Yes,Yes,Fiber optic,Yes,No,Yes,Yes,Yes,No,Month-to-month,No,Credit card (automatic),106.3,843.36,No
5157-FIVNS,Male,0,Yes,No,46,Yes,No,Fiber optic,No,No,Yes,Yes,Yes,No,One year,No,Electronic check,94.1,4345.54,No
8945-TSJNE,Male,0,No,No,71,Yes,No,No,No internet service,No internet service,No internet service,No internet service,No internet service,No internet service,Two year,Yes,Bank transfer (automatic),22.39,1603.47,No
2157-NCFKI,Male,0,Yes,Yes,16,Yes,Yes,No,No internet service,No internet service,No internet service,No internet service,No internet service,No internet service,Month-to-month,No,Credit card (automatic),30.3,474.21,No
0217-YJVCJ,Female,0,No,No,14,Yes,Yes,Fiber optic,No,No,No,No,Yes,No,Month-to-month,No,Mailed check,95.48,1330.65,Yes
7961-GAXLE,Female,0,No,No,41,Yes,No,Fiber optic,No,No,No,Yes,No,Yes,Month-to-month,Yes,Bank transfer (automatic),84.89,3483.47,No
8267-AFKBH,Male,0,Yes,Yes,53,Yes,Yes,DSL,No,No,No,Yes,Yes,No,Two year,Yes,Bank transfer (automatic),75.12,3984.80,No
5236-IKZRI,Male,0,No,No,12,Yes,Yes,DSL,No,No,Yes,No,No,Yes,Month-to-month,Yes,Credit card (automatic),72.38,876.33,No
5173-MOHPK,Female,0,Yes,No,49,Yes,No,Fiber optic,Yes,Yes,No,No,No,No,Month-to-month,No,Electronic check,86.25,4225.57,Yes
6661-HBCJG,Male,0,No,No,43,Yes,Yes,DSL,Yes,No,Yes,Yes,No,No,Two year,No,Electronic check,73.76,3150.56,No
6634-WHSVL,Female,0,Yes,No,2,Yes,No,DSL,No,Yes,No,No,No,Yes,Month-to-month,No,Bank transfer (automatic),63.87,123.82,Yes
8943-YDSGU,Male,1,No,Yes,52,Yes,No,No,No internet service,No internet service,No internet service,No internet service,No internet service,No internet service,Two year,No,Mailed check,23.06,1195.53,No
0708-ADZDK,Female,0,No,No,55,Yes,No,Fiber optic,No,Yes,No,No,No,No,Two year,Yes,Electronic check,76.92,4232.23,No
8098-DWYGB,Male,0,No,No,53,Yes,Yes,Fiber optic,No,No,Yes,No,No,No,Month-to-month,No,Mailed check,89.34,4744.07,Yes
5523-FVQZX,Male,0,Yes,No,56,Yes,No,No,No internet service,No internet service,No internet service,No internet service,No internet service,No internet service,One year,Yes,Electronic check,22.48,1268.78,No
8135-RWVXO,Female,0,Yes,Yes,11,Yes,Yes,DSL,Yes,No,Yes,No,No,No,Two year,No,Bank transfer (automatic),67.08,742.88,No
6909-JUFWD,Male,0,Yes,Yes,58,Yes,Yes,Fiber optic,Yes,No,Yes,No,No,No,Two year,Yes,Bank transfer (automatic),92.24,5347.71,No
8029-BRQMS,Female,0,Yes,No,64,Yes,No,DSL,No,Yes,No,No,No,No,Month-to-month,Yes,Electronic check,52.75,3377.72,No
9457-DQPYS,Male,0,Yes,No,36,Yes,No,No,No internet service,No internet service,No internet service,No internet service,No internet service,No internet service,Month-to-month,Yes,Mailed check,24.83,887.08,No
7322-TTPGR,Male,0,No,Yes,19,Yes,Yes,No,No internet service,No internet service,No internet service,No internet service,No internet service,No internet service,Month-to-month,Yes,Bank transfer (automatic),31.55,611.04,No
7107-TFMAS,Female,0,Yes,No,71,Yes,No,Fiber optic,Yes,Yes,No,No,No,No,Month-to-month,Yes,Credit card (automatic),80.94,5742.80,Yes
6671-GTVTO,Female,0,Yes,No,36,No,No phone service,Fiber optic,Yes,No,No,No,No,Yes,Month-to-month,Yes,Electronic check,83.56,3007.76,Yes
8004-UXWCX,Female,0,No,Yes,30,Yes,No,No,No internet service,No internet service,No internet service,No internet service,No internet service,No internet service,Month-to-month,Yes,Mailed check,22.89,667.84,No
3218-NWUYS,Male,0,Yes,No,24,Yes,No,DSL,Yes,No,Yes,No,Yes,No,Two year,Yes,Credit card (automatic),67.96,1628.92,No
5783-AXJCF,Male,0,Yes,No,49,No,No phone service,Fiber optic,No,No,No,Yes,No,Yes,Month-to-month,Yes,Mailed check,84.94,4172.77,No
3526-RUCES,Male,0,No,No,48,Yes,No,Fiber optic,No,No,No,Yes,Yes,Yes,One year,Yes,Mailed check,97.24,4666.97,No
8717-XJSJU,Male,0,Yes,No,7,Yes,No,Fiber optic,Yes,Yes,No,No,No,No,Two year,Yes,Electronic check,84.07,583.80,No
1951-DCQXX,Male,0,No,No,34,Yes,No,Fiber optic,No,Yes,Yes,Yes,No,Yes,Month-to-month,No,Electronic check,100.99,3448.98,Yes
0508-AOSIQ,Male,0,Yes,No,12,Yes,No,No,No internet service,No internet service,No internet service,No internet service,No internet service,No internet service,Month-to-month,No,Credit card (automatic),23.29,269.18,No
1367-AAEHA,Female,0,No,No,20,Yes,No,DSL,Yes,Yes,No,No,No,No,Two year,Yes,Bank transfer (automatic),58.16,1154.42,No
2502-ADIME,Male,0,Yes,Yes,72,Yes,Yes,Fiber optic,Yes,No,No,Yes,No,No,One year,Yes,Mailed check,90.45,6497.63,No
2965-YDDIB,Female,0,Yes,No,23,No,No phone service,No,No internet service,No internet service,No internet service,No internet service,No internet service,No internet service,Month-to-month,No,Credit card (automatic),20.39,481.98,No
9186-UNUYO,Male,0,Yes,No,47,Yes,No,DSL,No,No,Yes,No,No,Yes,Month-to-month,No,Electronic check,61.7,2881.58,Yes
9487-VUEEN,Female,1,Yes,No,32,Yes,Yes,No,No internet service,No internet service,No internet service,No internet service,No internet service,No internet service,One year,Yes,Credit card (automatic),34.12,1090.35,No
0425-YLOCA,Female,0,No,No,0,Yes,Yes,Fiber optic,Yes,Yes,Yes,No,No,Yes,Month-to-month,Yes,Bank transfer (automatic),110.28, ,Yes
7893-ZNNMU,Male,0,Yes,No,71,Yes,No,Fiber optic,No,No,No,No,Yes,Yes,Month-to-month,Yes,Bank transfer (automatic),96.08,6817.14,Yes
2723-JLWBA,Female,0,No,No,2,Yes,Yes,Fiber optic,Yes,No,Yes,No,No,No,Month-to-month,No,Bank transfer (automatic),88.47,177.27,Yes
3709-NNSDT,Male,1,No,No,13,Yes,No,No,No internet service,No internet service,No internet service,No internet service,No internet service,No internet service,Month-to-month,No,Credit card (automatic),22.78,308.16,No
2267-NJNTK,Female,0,Yes,No,13,Yes,No,No,No internet service,No internet service,No internet service,No internet service,No internet service,No internet service,Two year,Yes,Credit card (automatic),25.89,332.58,No
7750-WWUFN,Female,0,No,No,48,Yes,Yes,DSL,No,No,Yes,No,No,Yes,Two year,No,Bank transfer (automatic),73.9,3543.59,No
8238-OMZRN,Female,0,No,No,32,Yes,Yes,No,No internet service,No internet service,No internet service,No internet service,No internet service,No internet service,Month-to-month,No,Credit card (automatic),32.15,1015.24,No
8427-MIQEI,Female,1,No,No,3,Yes,Yes,DSL,Yes,No,Yes,No,No,No,One year,Yes,Credit card (automatic),67.1,206.08,No
1075-BCUQR,Female,0,No,Yes,37,Yes,No,DSL,No,No,Yes,No,Yes,No,Month-to-month,No,Mailed check,62.3,2304.68,No
0669-NEZFS,Female,0,Yes,No,24,Yes,No,Fiber optic,No,Yes,No,Yes,No,No,Month-to-month,No,Electronic check,86.0,2064.66,Yes
1981-NQIHH,Female,1,Yes,No,46,Yes,No,Fiber optic,No,No,Yes,No,No,No,Month-to-month,No,Credit card (automatic),74.26,3428.72,Yes
6827-QAMPF,Male,0,Yes,Yes,12,Yes,Yes,Fiber optic,No,No,No,No,No,No,Month-to-month,Yes,Mailed check,82.29,990.12,Yes
7790-KOAYP,Male,0,No,No,38,Yes,No,DSL,Yes,Yes,No,No,No,Yes,Month-to-month,No,Credit card (automatic),68.7,2596.71,No
8609-BHXKM,Male,0,Yes,No,24,Yes,No,Fiber optic,Yes,No,No,Yes,No,No,Month-to-month,No,Bank transfer (automatic),82.14,1963.99,No
4124-CZAVE,Male,0,No,No,72,Yes,Yes,DSL,Yes,Yes,Yes,Yes,No,No,Month-to-month,Yes,Electronic check,80.85,5845.43,No
2897-GLNPM,Female,0,Yes,No,42,Yes,No,Fiber optic,No,No,No,Yes,No,No,Month-to-month,No,Electronic check,76.62,3227.09,Yes
1944-FVCDA,Female,0,No,No,37,Yes,Yes,Fiber optic,Yes,No,Yes,No,No,No,Month-to-month,Yes,Credit card (automatic),93.96,3470.48,Yes
0436-GDZPO,Male,0,No,Yes,34,Yes,Yes,DSL,No,No,Yes,Yes,No,No,Month-to-month,No,Bank transfer (automatic),67.6,2287.99,No
1937-BEMWJ,Male,0,No,No,54,Yes,Yes,Fiber optic,No,Yes,No,Yes,Yes,No,One year,Yes,Electronic check,101.5,5464.28,No
5813-WHEUT,Female,0,Yes,No,49,Yes,No,Fiber optic,No,No,Yes,No,No,No,Month-to-month,Yes,Electronic check,76.94,3776.72,Yes
8932-YGYDS,Male,0,Yes,No,33,Yes,No,No,No internet service,No internet service,No internet service,No internet service,No internet service,No internet service,Two year,No,Mailed check,24.26,797.89,No
9739-SPLTB,Female,0,No,No,24,No,No phone service,Fiber optic,No,No,No,No,Yes,No,Month-to-month,No,Bank transfer (automatic),78.4,1875.78,Yes
3620-JHFNS,Male,1,No,No,41,Yes,Yes,DSL,No,No,No,No,Yes,Yes,Month-to-month,Yes,Mailed check,76.03,3118.98,No
7508-KYYNM,Female,0,Yes,No,50,Yes,No,DSL,No,No,Yes,No,No,No,One year,Yes,Bank transfer (automatic),56.35,2825.23,No
5537-IGGMB,Male,0,No,No,36,Yes,No,Fiber optic,No,Yes,No,No,Yes,No,Month-to-month,Yes,Credit card (automatic),88.59,3179.18,Yes
1913-YEBTG,Male,1,Yes,Yes,65,Yes,No,Fiber optic,No,No,Yes,No,Yes,Yes,One year,Yes,Electronic check,95.32,6227.78,No
4704-DCGZK,Male,0,No,No,33,Yes,Yes,DSL,Yes,No,Yes,No,No,No,Month-to-month,Yes,Electronic check,65.57,2151.95,No
0571-VAPMF,Female,0,No,No,37,Yes,No,Fiber optic,No,No,Yes,Yes,Yes,No,Month-to-month,Yes,Electronic check,91.78,3399.65,Yes
5464-HRFEJ,Male,0,No,No,30,Yes,No,Fiber optic,Yes,No,No,Yes,No,No,Month-to-month,Yes,Electronic check,86.95,2604.98,Yes
1635-UDMRM,Male,0,Yes,Yes,25,Yes,No,DSL,No,Yes,No,No,Yes,No,Month-to-month,Yes,Electronic check,62.32,1558.27,Yes
6425-HZZLB,Female,0,Yes,No,25,Yes,No,Fiber optic,Yes,No,No,No,Yes,No,Month-to-month,No,Mailed check,87.83,2212.49,Yes
9326-JHHND,Female,0,No,No,62,Yes,Yes,Fiber optic,No,No,No,No,Yes,No,Two year,Yes,Electronic check,92.35,5736.26,No
9152-XCBMM,Male,1,No,Yes,47,No,No phone service,Fiber optic,No,No,No,No,No,No,Month-to-month,Yes,Mailed check,65.37,3054.79,Yes
8882-BNPND,Female,1,No,Yes,9,Yes,Yes,Fiber optic,No,No,Yes,No,Yes,No,Month-to-month,No,Mailed check,95.08,854.71,Yes
1790-RVIZL,Female,1,Yes,No,35,Yes,Yes,Fiber optic,No,No,No,Yes,No,Yes,Month-to-month,No,Electronic check,95.78,3342.16,Yes
4427-VZPRL,Female,0,Yes,No,39,Yes,Yes,DSL,No,Yes,No,Yes,No,No,Month-to-month,Yes,Bank transfer (automatic),68.17,2651.56,No
4398-DXAEY,Male,0,Yes,Yes,25,No,No phone service,No,No internet service,No internet service,No internet service,No internet service,No internet service,No internet service,Month-to-month,No,Electronic check,18.25,442.10,No
2595-VDGCV,Female,0,No,No,8,Yes,Yes,DSL,Yes,No,No,No,Yes,Yes,Two year,No,Credit card (automatic),82.34,644.16,No
9421-QXAEU,Male,0,No,No,52,Yes,No,Fiber optic,No,Yes,Yes,Yes,Yes,No,Two year,Yes,Electronic check,99.2,5162.94,No
0848-KVGGB,Female,0,No,No,69,Yes,No,DSL,Yes,No,No,Yes,Yes,Yes,Month-to-month,Yes,Credit card (automatic),80.12,5534.26,No
4132-MFKOU,Male,0,Yes,No,52,Yes,Yes,Fiber optic,Yes,No,Yes,Yes,No,Yes,One year,No,Electronic check,105.61,5488.76,No
0168-ADOPK,Female,0,Yes,No,38,Yes,Yes,DSL,No,No,Yes,No,No,No,One year,No,Electronic check,60.72,2302.99,No
2449-ZKRET,Female,0,No,No,60,Yes,Yes,Fiber optic,No,Yes,Yes,No,No,No,Month-to-month,No,Electronic check,90.58,5439.60,Yes
0007-POSYJ,Male,0,No,No,51,Yes,No,DSL,Yes,Yes,No,No,Yes,No,Month-to-month,Yes,Electronic check,64.9,3301.32,No
1883-DTLQU,Male,0,Yes,No,67,Yes,No,DSL,No,Yes,No,No,Yes,Yes,One year,No,Credit card (automatic),74.04,4936.68,No
5372-KYMWH,Male,0,Yes,No,67,Yes,Yes,Fiber optic,No,Yes,Yes,Yes,No,Yes,Month-to-month,Yes,Bank transfer (automatic),106.78,7166.04,Yes
6813-BHRXV,Male,0,No,No,72,Yes,No,Fiber optic,Yes,Yes,No,No,No,Yes,Two year,No,Electronic check,90.64,6534.15,No
6583-AYPPJ,Male,0,Yes,Yes,41,Yes,No,DSL,Yes,No,No,No,No,No,Two year,Yes,Credit card (automatic),52.1,2136.79,No
7095-NZODB,Male,0,No,No,66,Yes,Yes,DSL,Yes,No,Yes,No,Yes,No,One year,Yes,Mailed check,77.23,5105.04,No
2846-MOBHC,Male,0,Yes,No,50,Yes,No,DSL,Yes,Yes,No,Yes,No,No,One year,No,Credit card (automatic),64.28,3220.38,No
0787-QGWDM,Male,0,No,No,2,Yes,No,No,No internet service,No internet service,No internet service,No internet service,No internet service,No internet service,One year,Yes,Credit card (automatic),24.06,52.29,No
7434-KBDJX,Female,0,No,No,12,Yes,Yes,No,No internet service,No internet service,No internet service,No internet service,No internet service,No internet service,Two year,Yes,Electronic check,31.01,383.54,No
6766-WPBCQ,Male,0,Yes,No,12,Yes,No,DSL,Yes,No,No,No,No,No,Month-to-month,No,Mailed check,53.0,623.04,No
1951-QPXYG,Male,0,No,No,60,Yes,No,Fiber optic,No,No,No,No,Yes,No,Month-to-month,No,Credit card (automatic),81.54,4881.73,Yes
2039-KSOKC,Male,0,Yes,Yes,23,Yes,No,Fiber optic,No,Yes,No,No,No,No,Month-to-month,Yes,Electronic check,76.88,1775.65,Yes
1924-ODQAA,Female,0,Yes,No,19,Yes,Yes,DSL,Yes,Yes,Yes,No,Yes,No,Two year,Yes,Mailed check,78.7,1497.29,No
9888-ZTTNZ,Male,0,Yes,No,54,Yes,Yes,Fiber optic,Yes,Yes,No,No,Yes,No,Month-to-month,No,Electronic check,100.08,5408.51,Yes
6292-TVQCL,Female,1,No,Yes,34,Yes,No,Fiber optic,No,No,Yes,Yes,Yes,No,Month-to-month,No,Mailed check,90.14,3068.62,Yes
4378-HKIPN,Female,0,Yes,Yes,29,Yes,No,Fiber optic,Yes,No,No,No,No,No,Month-to-month,No,Electronic check,77.24,2258.09,Yes
7906-IQZQJ,Female,1,Yes,Yes,32,Yes,No,DSL,Yes,Yes,No,No,No,No,Month-to-month,No,Electronic check,57.27,1825.33,No
1477-JTGGI,Female,0,Yes,No,40,Yes,Yes,DSL,No,No,Yes,Yes,No,Yes,Two year,Yes,Bank transfer (automatic),78.7,3158.86,No
8274-UXFJZ,Female,0,No,Yes,65,Yes,Yes,No,No internet service,No internet service,No internet service,No internet service,No internet service,No internet service,One year,No,Mailed check,33.64,2177.43,No
0384-NTMZA,Female,0,No,No,48,Yes,No,No,No internet service,No internet service,No internet service,No internet service,No internet service,No internet service,One year,Yes,Mailed check,23.42,1116.74,No
8728-QOTED,Female,0,Yes,No,7,Yes,Yes,DSL,Yes,No,Yes,Yes,No,Yes,One year,No,Mailed check,85.64,585.61,No
3840-GFOYT,Female,0,Yes,No,2,Yes,No,Fiber optic,Yes,No,No,No,Yes,No,One year,Yes,Bank transfer (automatic),85.81,180.27,No
9596-TIMNA,Male,0,No,Yes,64,Yes,No,DSL,Yes,No,No,Yes,No,No,Two year,No,Bank transfer (automatic),56.66,3616.07,No
0284-QPLEF,Female,0,Yes,No,71,Yes,No,No,No internet service,No internet service,No internet service,No internet service,No internet service,No internet service,Month-to-month,Yes,Bank transfer (automatic),25.53,1806.40,No
3624-FWJOR,Female,0,No,No,1,Yes,Yes,DSL,No,No,No,No,No,No,Month-to-month,Yes,Bank transfer (automatic),57.28,84.70,Yes
4662-XPMQD,Male,0,Yes,No,40,Yes,Yes,Fiber optic,Yes,No,No,No,Yes,No,Month-to-month,Yes,Credit card (automatic),97.94,3899.72,Yes
2387-DXQXZ,Male,0,No,Yes,52,Yes,No,Fiber optic,No,No,Yes,No,No,No,Two year,Yes,Mailed check,78.26,4069.43,No
1552-EBKXX,Male,0,Yes,No,15,Yes,Yes,DSL,No,Yes,No,Yes,No,Yes,Month-to-month,No,Credit card (automatic),75.05,1130.28,No
4673-ROEWL,Male,0,Yes,No,8,Yes,No,Fiber optic,No,No,No,No,Yes,No,Month-to-month,Yes,Mailed check,81.43,652.65,Yes
3338-INZXH,Male,0,No,No,38,Yes,No,No,No internet service,No internet service,No internet service,No internet service,No internet service,No internet service,Month-to-month,Yes,Mailed check,21.3,828.39,No
6073-QQSMS,Male,1,No,Yes,63,Yes,No,DSL,No,Yes,Yes,No,No,No,Month-to-month,Yes,Credit card (automatic),60.73,3823.04,No
9073-LTNVI,Male,0,Yes,No,35,Yes,Yes,Fiber optic,Yes,No,Yes,No,Yes,Yes,Two year,Yes,Bank transfer (automatic),110.38,3870.31,No
8709-ZBCEP,Male,0,No,No,22,Yes,Yes,DSL,No,No,No,No,No,Yes,Two year,No,Electronic check,65.88,1438.18,No
4971-BXAIR,Male,0,Yes,No,46,Yes,No,DSL,No,Yes,Yes,Yes,Yes,No,Two year,Yes,Bank transfer (automatic),73.19,3377.66,No
4247-HVYGB,Female,0,No,No,48,Yes,No,Fiber optic,No,No,Yes,No,Yes,Yes,Two year,Yes,Electronic check,95.66,4585.90,No
0707-YQWEN,Male,0,Yes,No,54,No,No phone service,No,No internet service,No internet service,No internet service,No internet service,No internet service,No internet service,Month-to-month,No,Electronic check,18.25,994.63,No
7316-GXNYN,Female,1,Yes,Yes,9,Yes,No,DSL,No,No,No,No,No,No,One year,Yes,Electronic check,49.83,451.38,No
5242-JIUGZ,Male,0,No,No,62,Yes,Yes,No,No internet service,No internet service,No internet service,No internet service,No internet service,No internet service,Month-to-month,Yes,Bank transfer (automatic),32.68,2033.54,No
6693-TMCTI,Male,1,Yes,No,25,Yes,Yes,DSL,Yes,Yes,Yes,Yes,No,No,Month-to-month,No,Credit card (automatic),78.04,1943.16,No
4530-WWFTZ,Female,1,No,Yes,47,Yes,No,No,No internet service,No internet service,No internet service,No internet service,No internet service,No internet service,Month-to-month,Yes,Credit card (automatic),23.0,1070.13,No
7708-XRYDZ,Female,0,No,Yes,29,Yes,No,DSL,Yes,Yes,No,No,Yes,Yes,Month-to-month,No,Credit card (automatic),75.74,2189.25,No
5193-BYOIO,Male,0,No,Yes,1,Yes,No,DSL,Yes,Yes,No,Yes,No,No,One year,No,Electronic check,62.19,66.62,No
4220-MXCDR,Female,0,No,No,28,Yes,Yes,No,No internet service,No internet service,No internet service,No internet service,No internet service,No internet service,Month-to-month,No,Credit card (automatic),32.48,902.56,No
7210-MZRRM,Female,0,Yes,No,53,No,No phone service,DSL,No,No,Yes,No,No,Yes,Month-to-month,No,Electronic check,58.61,3108.87,Yes
3005-EAVPN,Female,0,No,Yes,31,No,No phone service,DSL,No,No,No,No,No,Yes,Month-to-month,No,Credit card (automatic),48.9,1521.68,No
7422-LRIYW,Male,0,Yes,Yes,37,Yes,No,No,No internet service,No internet service,No internet service,No internet service,No internet service,No internet service,Month-to-month,No,Bank transfer (automatic),25.96,941.06,No
0031-CROAC,Female,0,No,No,20,No,No phone service,No,No internet service,No internet service,No internet service,No internet service,No internet service,No internet service,Two year,Yes,Electronic check,19.78,392.92,No
6989-IHFAP,Female,0,No,Yes,26,Yes,Yes,Fiber optic,Yes,No,No,No,No,No,Month-to-month,No,Mailed check,88.75,2301.33,Yes
7789-KLVCF,Female,0,No,No,33,Yes,No,No,No internet service,No internet service,No internet service,No internet service,No internet service,No internet service,Month-to-month,Yes,Bank transfer (automatic),22.69,757.09,No
7672-HUWMD,Male,0,Yes,Yes,22,Yes,Yes,DSL,Yes,Yes,No,No,Yes,No,Month-to-month,No,Electronic check,74.93,1668.17,No
2583-YCVLE,Male,0,Yes,Yes,38,Yes,No,Fiber optic,No,Yes,No,No,No,No,Two year,Yes,Credit card (automatic),77.79,2952.10,No
8513-NEKIQ,Female,0,Yes,No,68,Yes,Yes,Fiber optic,No,No,No,Yes,No,No,One year,Yes,Mailed check,88.79,6054.03,No
8900-DVRQL,Female,0,No,Yes,72,Yes,Yes,No,No internet service,No internet service,No internet service,No internet service,No internet service,No internet service,One year,Yes,Mailed check,30.35,2189.34,No
3754-ASGON,Female,0,No,No,44,No,No phone service,No,No internet service,No internet service,No internet service,No internet service,No internet service,No internet service,Two year,No,Credit card (automatic),19.55,855.09,No
9245-YKSVB,Male,0,No,Yes,62,Yes,No,DSL,No,No,No,No,Yes,No,Two year,No,Bank transfer (automatic),54.46,3376.90,No
8868-TPZQQ,Female,0,No,No,7,Yes,No,DSL,Yes,No,Yes,No,No,Yes,Month-to-month,Yes,Bank transfer (automatic),71.61,500.53,No
1921-DHSTR,Female,0,No,Yes,6,Yes,No,Fiber optic,No,Yes,Yes,No,No,No,Month-to-month,No,Electronic check,83.11,507.91,Yes
0769-BHJSG,Female,1,Yes,No,29,Yes,Yes,No,No internet service,No internet service,No internet service,No internet service,No internet service,No internet service,Month-to-month,No,Mailed check,32.77,931.21,No
0283-QKFQJ,Female,1,Yes,Yes,11,Yes,No,DSL,No,No,Yes,No,Yes,Yes,Month-to-month,No,Credit card (automatic),73.93,815.40,Yes
0121-XVAVA,Female,0,Yes,No,19,No,No phone service,DSL,No,Yes,No,Yes,Yes,Yes,Month-to-month,No,Bank transfer (automatic),70.47,1352.76,No
8200-BFAWL,Female,1,No,No,63,Yes,No,DSL,Yes,Yes,No,No,No,Yes,Two year,No,Electronic check,70.75,4464.25,No
3633-TZJHB,Male,0,Yes,No,28,Yes,Yes,Fiber optic,No,Yes,Yes,No,Yes,No,Two year,Yes,Credit card (automatic),104.49,2925.94,No
7906-GVNDU,Male,1,Yes,Yes,54,Yes,Yes,DSL,No,Yes,No,Yes,Yes,Yes,Two year,Yes,Mailed check,90.61,4896.45,No
0196-BHGZH,Male,0,No,No,11,Yes,Yes,DSL,No,Yes,No,No,No,No,One year,Yes,Electronic check,62.87,688.35,No
3060-GYEOB,Female,0,No,Yes,21,Yes,Yes,Fiber optic,No,No,No,No,No,Yes,Month-to-month,Yes,Mailed check,89.76,1885.54,Yes
0737-RNSCD,Male,0,No,Yes,22,Yes,No,Fiber optic,Yes,No,Yes,No,No,No,Month-to-month,Yes,Bank transfer (automatic),80.23,1770.87,Yes
8846-NYQBN,Male,1,No,Yes,47,Yes,Yes,Fiber optic,No,Yes,Yes,No,No,No,Month-to-month,No,Credit card (automatic),95.08,4466.14,Yes
5264-ZHQYN,Female,0,No,No,44,Yes,Yes,Fiber optic,Yes,Yes,No,Yes,Yes,No,Two year,No,Bank transfer (automatic),107.68,4724.30,No
9547-LDMYU,Female,0,Yes,No,25,Yes,Yes,Fiber optic,Yes,Yes,Yes,Yes,No,Yes,Two year,Yes,Credit card (automatic),114.53,2847.68,No
0784-EFIEB,Female,0,No,Yes,27,Yes,No,DSL,Yes,No,Yes,No,Yes,No,Month-to-month,Yes,Bank transfer (automatic),70.84,1917.87,No
2928-HPVUZ,Female,0,Yes,No,54,Yes,Yes,DSL,Yes,No,No,No,No,No,Month-to-month,No,Electronic check,65.03,3512.77,No
1897-NEVYA,Male,0,No,Yes,72,Yes,Yes,Fiber optic,Yes,No,No,No,Yes,No,One year,Yes,Credit card (automatic),99.58,7178.14,No
3484-USXNW,Female,0,No,No,68,Yes,No,Fiber optic,No,No,Yes,No,No,No,Month-to-month,No,Electronic check,76.88,5220.17,Yes
7379-TATEZ,Male,0,No,No,1,Yes,No,DSL,Yes,No,Yes,Yes,No,No,Month-to-month,No,Electronic check,67.4,56.31,Yes
7959-USDVF,Female,0,No,Yes,27,No,No phone service,DSL,No,Yes,No,No,No,No,Month-to-month,Yes,Bank transfer (automatic),46.11,1253.07,No
5177-VNDRF,Female,1,No,Yes,52,Yes,Yes,DSL,Yes,No,No,No,Yes,No,Month-to-month,No,Electronic check,74.63,3883.81,No
5921-DXEOC,Male,0,Yes,No,13,Yes,No,No,No internet service,No internet service,No internet service,No internet service,No internet service,No internet service,Month-to-month,No,Mailed check,23.67,303.65,No
4879-GDBYS,Male,0,No,No,45,Yes,No,No,No internet service,No internet service,No internet service,No internet service,No internet service,No internet service,One year,No,Bank transfer (automatic),24.12,1084.06,No
5622-CSSGN,Male,0,No,Yes,66,Yes,Yes,Fiber optic,No,No,Yes,No,No,No,Month-to-month,Yes,Bank transfer (automatic),85.36,5625.96,Yes
4357-ROSRO,Male,0,No,No,69,Yes,No,Fiber optic,Yes,Yes,Yes,No,No,Yes,Two year,No,Electronic check,101.78,7030.95,No
6149-IHHCM,Male,0,No,No,19,Yes,Yes,DSL,Yes,Yes,Yes,Yes,No,No,Month-to-month,No,Electronic check,73.36,1395.86,No
0163-MJUMA,Female,0,No,No,34,Yes,Yes,No,No internet service,No internet service,No internet service,No internet service,No internet service,No internet service,Month-to-month,Yes,Electronic check,27.99,952.93,No
1856-MEYJE,Female,0,No,No,47,Yes,Yes,No,No internet service,No internet service,No internet service,No internet service,No internet service,No internet service,One year,Yes,Electronic check,29.39,1388.39,No
5984-TUKEE,Male,0,Yes,No,42,No,No phone service,DSL,No,Yes,No,No,No,No,Two year,Yes,Credit card (automatic),50.09,2097.86,No
0440-MDHTW,Female,0,Yes,No,19,Yes,No,No,No internet service,No internet service,No internet service,No internet service,No internet service,No internet service,Month-to-month,Yes,Electronic check,19.23,381.37,No
5487-EZWPY,Female,1,No,Yes,55,Yes,No,Fiber optic,Yes,No,Yes,No,No,No,Two year,No,Mailed check,81.21,4453.94,No
6294-LIPIX,Female,0,Yes,Yes,2,Yes,Yes,Fiber optic,Yes,No,No,No,Yes,Yes,One year,Yes,Electronic check,107.95,213.63,Yes
5660-XVWJO,Female,1,Yes,No,67,Yes,Yes,Fiber optic,No,Yes,No,Yes,No,Yes,Month-to-month,Yes,Bank transfer (automatic),103.94,6979.73,Yes
9167-UOQVM,Male,0,No,No,10,Yes,No,DSL,No,Yes,No,No,No,No,Month-to-month,Yes,Credit card (automatic),52.1,521.05,No
2486-HVISQ,Female,0,No,Yes,61,Yes,No,No,No internet service,No internet service,No internet service,No internet service,No internet service,No internet service,Month-to-month,Yes,Electronic check,26.14,1591.84,No
9375-GIRGD,Male,1,Yes,No,60,No,No phone service,DSL,No,No,No,No,No,No,Two year,No,Electronic check,42.08,2524.67,No
6716-HAKJE,Male,0,Yes,Yes,57,Yes,No,Fiber optic,Yes,No,Yes,Yes,No,Yes,Two year,Yes,Bank transfer (automatic),99.75,5697.35,No
8151-SPKNV,Male,0,No,No,28,Yes,No,No,No internet service,No internet service,No internet service,No internet service,No internet service,No internet service,Two year,No,Electronic check,26.25,728.68,No
4362-JWIRE,Male,0,No,No,37,No,No phone service,Fiber optic,No,No,No,No,No,No,Month-to-month,No,Bank transfer (automatic),67.59,2496.63,Yes
0614-ANNNA,Male,0,No,No,21,Yes,No,No,No internet service,No internet service,No internet service,No internet service,No internet service,No internet service,Month-to-month,Yes,Mailed check,21.42,457.00,No
3667-LMYOT,Male,0,No,No,40,Yes,No,DSL,No,Yes,No,Yes,Yes,No,Month-to-month,No,Mailed check,65.49,2616.48,No
1992-YMHPF,Female,1,Yes,No,62,Yes,Yes,No,No internet service,No internet service,No internet service,No internet service,No internet service,No internet service,One year,Yes,Bank transfer (automatic),33.36,2057.67,No
2971-KTTIX,Female,0,No,No,37,Yes,Yes,Fiber optic,No,No,Yes,No,No,No,Two year,No,Mailed check,89.99,3329.19,No
6360-XHYYP,Male,0,No,No,49,Yes,No,Fiber optic,Yes,No,No,Yes,No,No,Month-to-month,Yes,Credit card (automatic),83.05,4060.11,No
0960-VPUBC,Male,0,Yes,Yes,6,Yes,Yes,No,No internet service,No internet service,No internet service,No internet service,No internet service,No internet service,Two year,No,Bank transfer (automatic),32.65,196.73,No
7132-GXTVS,Male,0,Yes,No,23,Yes,No,No,No internet service,No internet service,No internet service,No internet service,No internet service,No internet service,Month-to-month,No,Bank transfer (automatic),18.81,429.04,No
6763-JYJOX,Male,0,Yes,No,45,Yes,Yes,Fiber optic,Yes,No,No,No,No,Yes,Month-to-month,No,Electronic check,98.29,4421.88,Yes
5196-IYYIV,Male,0,No,No,24,Yes,No,No,No internet service,No internet service,No internet service,No internet service,No internet service,No internet service,Month-to-month,Yes,Electronic check,22.36,530.44,No
0546-MHAJT,Male,0,No,No,28,Yes,No,DSL,Yes,No,No,Yes,No,Yes,Month-to-month,No,Mailed check,67.85,1907.85,No
3036-NOFTB,Female,0,Yes,Yes,66,Yes,Yes,DSL,Yes,No,Yes,No,No,No,Two year,Yes,Bank transfer (automatic),67.11,4432.06,No
6788-TSEVH,Female,0,Yes,No,21,No,No phone service,Fiber optic,Yes,No,No,No,Yes,Yes,Month-to-month,Yes,Credit card (automatic),95.83,2011.19,Yes
2546-NYGKV,Female,0,Yes,Yes,8,No,No phone service,Fiber optic,No,No,No,No,No,Yes,Month-to-month,Yes,Credit card (automatic),78.37,620.76,Yes
8930-HVFUZ,Female,0,Yes,No,48,No,No phone service,DSL,No,Yes,Yes,Yes,No,No,Month-to-month,Yes,Mailed check,58.2,2789.30,No
2506-FUMNS,Female,0,Yes,No,72,No,No phone service,DSL,No,No,Yes,No,Yes,No,Month-to-month,Yes,Electronic check,60.5,4352.31,Yes
7388-EKGFL,Male,0,Yes,Yes,35,Yes,No,No,No internet service,No internet service,No internet service,No internet service,No internet service,No internet service,Two year,Yes,Credit card (automatic),23.5,819.44,No
5397-MKKKZ,Female,0,No,Yes,4,Yes,No,No,No internet service,No internet service,No internet service,No internet service,No internet service,No internet service,Month-to-month,No,Bank transfer (automatic),24.92,106.46,No
2400-MYTIW,Male,0,No,No,3,No,No phone service,Fiber optic,No,Yes,No,No,No,No,Month-to-month,No,Mailed check,74.63,215.52,Yes
9780-GHBNJ,Female,1,Yes,No,23,Yes,No,No,No internet service,No internet service,No internet service,No internet service,No internet service,No internet service,Two year,Yes,Bank transfer (automatic),24.05,551.75,No
8028-QTZFF,Female,0,Yes,No,40,Yes,Yes,No,No internet service,No internet service,No internet service,No internet service,No internet service,No internet service,Month-to-month,No,Electronic check,32.42,1295.66,No
3999-ZQUNE,Male,0,No,No,13,Yes,Yes,DSL,No,No,No,No,Yes,No,Month-to-month,No,Electronic check,68.57,899.90,Yes
2232-NOCCW,Male,0,Yes,No,11,Yes,Yes,DSL,Yes,No,Yes,No,Yes,No,Two year,Yes,Bank transfer (automatic),78.62,874.86,No
8079-LQIMH,Female,0,Yes,Yes,43,Yes,Yes,No,No internet service,No internet service,No internet service,No internet service,No internet service,No internet service,Month-to-month,Yes,Electronic check,36.91,1591.84,No
5596-XGAJO,Female,0,Yes,Yes,8,Yes,Yes,Fiber optic,Yes,Yes,No,Yes,Yes,Yes,One year,Yes,Electronic check,117.81,953.07,No
3388-COYUK,Male,0,Yes,No,65,Yes,Yes,No,No internet service,No internet service,No internet service,No internet service,No internet service,No internet service,Month-to-month,Yes,Bank transfer (automatic),33.79,2202.18,No
5623-UAXWM,Female,0,Yes,No,37,Yes,No,Fiber optic,No,Yes,No,Yes,No,Yes,Two year,Yes,Bank transfer (automatic),92.29,3415.39,No
1684-KFPEA,Male,1,No,No,56,Yes,No,Fiber optic,No,No,Yes,Yes,No,Yes,Month-to-month,Yes,Mailed check,92.52,5197.21,Yes
5642-FLGJJ,Female,0,Yes,Yes,46,Yes,No,No,No internet service,No internet service,No internet service,No internet service,No internet service,No internet service,One year,Yes,Mailed check,22.3,1020.52,No
8620-ONMGL,Male,0,Yes,No,54,Yes,No,Fiber optic,No,Yes,No,No,Yes,No,One year,Yes,Mailed check,85.75,4636.16,No
7047-JGBPD,Male,0,Yes,Yes,1,Yes,No,DSL,No,Yes,No,No,Yes,No,Month-to-month,No,Mailed check,63.77,57.97,Yes
5662-XWDJD,Male,0,Yes,No,17,Yes,No,Fiber optic,No,No,No,Yes,No,No,Month-to-month,No,Mailed check,76.94,1298.29,Yes
3418-VLXAV,Female,0,No,No,65,No,No phone service,Fiber optic,No,No,No,Yes,Yes,No,Two year,Yes,Electronic check,84.91,5530.69,No
5704-ONSVI,Male,0,No,No,56,Yes,Yes,DSL,No,No,Yes,Yes,Yes,No,Month-to-month,Yes,Bank transfer (automatic),80.29,4496.55,No
9288-OQBDN,Female,0,Yes,No,63,Yes,Yes,Fiber optic,No,No,Yes,No,No,No,Month-to-month,No,Mailed check,87.71,5540.87,Yes
6164-ZWYYC,Female,0,No,No,26,Yes,No,Fiber optic,No,No,No,No,No,No,One year,Yes,Bank transfer (automatic),74.38,1945.68,No
2644-EYTVF,Female,0,No,No,52,Yes,No,Fiber optic,No,No,No,Yes,No,No,Month-to-month,Yes,Electronic check,73.17,3806.88,Yes
6158-SBMHP,Male,0,No,Yes,58,Yes,Yes,Fiber optic,No,No,No,Yes,No,No,Month-to-month,Yes,Electronic check,87.82,5094.69,Yes
0748-YTAUG,Female,0,Yes,Yes,28,Yes,Yes,Fiber optic,No,No,Yes,Yes,No,Yes,Month-to-month,Yes,Credit card (automatic),102.38,2890.99,Yes
8988-VBUSF,Male,1,Yes,No,71,Yes,Yes,Fiber optic,No,No,No,No,Yes,Yes,Month-to-month,Yes,Credit card (automatic),105.26,7474.05,Yes
4909-ZRUNL,Male,0,No,Yes,13,No,No phone service,Fiber optic,No,Yes,No,Yes,No,Yes,Two year,Yes,Electronic check,87.1,1111.68,No
5062-QWWJC,Female,1,Yes,Yes,67,Yes,No,Fiber optic,No,Yes,Yes,No,No,No,Two year,Yes,Mailed check,84.87,5699.07,No
5338-GPFLY,Male,0,Yes,Yes,42,Yes,Yes,No,No internet service,No internet service,No internet service,No internet service,No internet service,No internet service,Two year,Yes,Bank transfer (automatic),34.66,1464.73,No
2383-WYTYO,Male,0,No,No,28,Yes,Yes,Fiber optic,No,Yes,No,Yes,Yes,No,Month-to-month,No,Mailed check,98.72,2769.25,Yes
6325-SGAGC,Male,0,No,No,56,Yes,No,DSL,No,Yes,No,No,No,Yes,One year,Yes,Mailed check,63.63,3563.06,No
8568-FZKBF,Female,1,Yes,No,32,Yes,Yes,Fiber optic,No,No,No,No,Yes,No,One year,No,Mailed check,96.36,3083.53,No
5168-MZTUV,Male,0,No,No,20,Yes,No,DSL,No,No,Yes,Yes,No,Yes,Month-to-month,Yes,Electronic check,69.38,1390.40,No
0780-MDFMZ,Male,0,No,Yes,40,Yes,No,Fiber optic,No,Yes,No,No,No,Yes,One year,Yes,Credit card (automatic),87.83,3513.65,No
0267-HUQQX,Female,0,Yes,Yes,0,Yes,Yes,No,No internet service,No internet service,No internet service,No internet service,No internet service,No internet service,Month-to-month,Yes,Bank transfer (automatic),30.72, ,Yes
4801-TJPWD,Male,1,Yes,Yes,26,Yes,Yes,No,No internet service,No internet service,No internet service,No internet service,No internet service,No internet service,Month-to-month,No,Electronic check,31.17,821.15,No
7646-HCCRD,Male,1,Yes,No,1,Yes,No,Fiber optic,Yes,No,No,Yes,Yes,No,Month-to-month,Yes,Bank transfer (automatic),94.78,108.41,Yes
3316-ZCJAR,Male,0,Yes,No,63,Yes,Yes,Fiber optic,No,Yes,Yes,No,Yes,No,Month-to-month,No,Mailed check,97.8,6152.21,Yes
4835-SIRXO,Female,0,Yes,No,50,Yes,No,Fiber optic,No,No,Yes,Yes,Yes,No,Month-to-month,No,Electronic check,94.03,4705.51,Yes
2723-OXJTK,Male,0,No,No,53,Yes,Yes,Fiber optic,No,No,No,Yes,Yes,Yes,Month-to-month,Yes,Bank transfer (automatic),108.27,5725.06,Yes
8850-IYWIX,Male,0,Yes,No,29,Yes,No,No,No internet service,No internet service,No internet service,No internet service,No internet service,No internet service,One year,No,Mailed check,22.64,670.51,No
8865-BMWAF,Female,1,Yes,No,0,Yes,Yes,DSL,No,Yes,No,Yes,No,No,Two year,Yes,Electronic check,68.2, ,Yes
5613-BDCBR,Male,0,Yes,No,28,Yes,No,Fiber optic,No,No,No,No,Yes,Yes,Month-to-month,Yes,Electronic check,91.22,2549.76,Yes
2936-TGTSH,Male,0,Yes,No,12,Yes,No,DSL,Yes,No,No,No,No,Yes,One year,Yes,Mailed check,64.8,778.42,No
2712-DCVIJ,Male,0,Yes,No,72,Yes,Yes,DSL,No,No,No,No,Yes,No,Month-to-month,Yes,Mailed check,67.91,4900.41,No
7319-ADPER,Male,0,Yes,Yes,42,Yes,Yes,No,No internet service,No internet service,No internet service,No internet service,No internet service,No internet service,Two year,No,Bank transfer (automatic),33.77,1410.53,No
2327-MKRYK,Female,0,No,No,40,Yes,Yes,Fiber optic,No,No,Yes,No,No,Yes,One year,Yes,Mailed check,95.63,3827.00,No
5079-VDFBQ,Female,0,Yes,Yes,57,Yes,No,Fiber optic,No,No,No,Yes,Yes,Yes,Month-to-month,No,Bank transfer (automatic),96.5,5488.95,Yes
5747-SFQST,Female,0,Yes,Yes,13,Yes,Yes,No,No internet service,No internet service,No internet service,No internet service,No internet service,No internet service,One year,No,Bank transfer (automatic),33.58,437.37,No
4274-WEXQS,Male,0,No,No,40,Yes,Yes,No,No internet service,No internet service,No internet service,No internet service,No internet service,No internet service,Month-to-month,Yes,Mailed check,37.19,1490.48,No
2992-VYMPL,Male,0,Yes,Yes,66,Yes,Yes,DSL,No,No,No,Yes,No,No,Month-to-month,No,Bank transfer (automatic),64.08,4207.92,No
5401-PKALF,Male,0,Yes,No,53,Yes,No,Fiber optic,Yes,No,No,Yes,Yes,No,Month-to-month,Yes,Credit card (automatic),96.41,5116.85,No
2454-CRRLR,Male,1,Yes,Yes,5,Yes,No,Fiber optic,Yes,No,No,Yes,No,No,Month-to-month,No,Electronic check,87.32,425.55,Yes
9332-XDXKC,Female,0,No,Yes,45,Yes,No,Fiber optic,No,No,Yes,No,Yes,Yes,Two year,No,Credit card (automatic),97.6,4388.40,No
1751-WLJWD,Female,0,No,Yes,0,No,No phone service,DSL,No,No,No,Yes,No,Yes,Two year,Yes,Mailed check,60.57, ,Yes
7284-CYNBR,Male,0,Yes,No,28,Yes,No,Fiber optic,Yes,Yes,Yes,No,No,Yes,Month-to-month,Yes,Mailed check,98.04,2742.56,Yes
2892-EIJFF,Female,0,Yes,Yes,25,Yes,Yes,DSL,No,Yes,Yes,No,No,No,One year,Yes,Credit card (automatic),66.56,1651.02,No
0187-REUFD,Female,0,No,Yes,57,Yes,Yes,DSL,No,No,No,Yes,No,No,Month-to-month,No,Mailed check,65.58,3741.60,No
8438-RKPBP,Female,0,Yes,Yes,2,Yes,Yes,Fiber optic,No,No,Yes,Yes,Yes,No,Month-to-month,Yes,Electronic check,102.99,206.53,Yes
2939-IMEBC,Female,1,No,No,59,Yes,No,DSL,Yes,Yes,No,Yes,No,Yes,Two year,Yes,Credit card (automatic),72.57,4268.34,No
7543-TPHLV,Female,1,Yes,No,13,Yes,Yes,Fiber optic,No,No,No,Yes,No,No,Two year,No,Credit card (automatic),90.17,1186.81,No
4452-GQEFR,Male,0,Yes,No,22,Yes,Yes,DSL,Yes,Yes,No,No,No,No,Two year,No,Electronic check,66.96,1499.61,No
1812-QIATW,Male,0,Yes,Yes,61,Yes,No,No,No internet service,No internet service,No internet service,No internet service,No internet service,No internet service,Month-to-month,Yes,Electronic check,22.05,1341.04,No
1772-DKGUE,Female,0,Yes,No,9,Yes,Yes,No,No internet service,No internet service,No internet service,No internet service,No internet service,No internet service,Month-to-month,Yes,Mailed check,34.49,303.34,No
1534-OKERH,Female,0,Yes,Yes,3,Yes,Yes,No,No internet service,No internet service,No internet service,No internet service,No internet service,No internet service,Month-to-month,No,Mailed check,34.32,95.81,No
0166-RAOZA,Female,0,No,No,38,Yes,No,Fiber optic,Yes,No,No,Yes,No,No,One year,Yes,Electronic check,83.7,3179.23,No
0596-PBOVT,Female,0,Yes,No,33,Yes,Yes,DSL,No,No,No,Yes,No,No,Month-to-month,No,Mailed check,64.32,2127.88,No
8771-KUPBS,Male,0,Yes,No,24,Yes,No,Fiber optic,Yes,No,No,Yes,No,Yes,Two year,Yes,Mailed check,95.78,2290.15,No
7434-HZNNW,Female,0,Yes,Yes,51,Yes,Yes,No,No internet service,No internet service,No internet service,No internet service,No internet service,No internet service,Month-to-month,Yes,Electronic check,31.64,1620.84,No
5194-JOMIY,Female,0,No,No,14,Yes,No,Fiber optic,Yes,No,Yes,Yes,Yes,No,Two year,Yes,Electronic check,99.78,1396.14,No
8288-EFWJZ,Female,0,Yes,No,11,Yes,Yes,DSL,No,Yes,Yes,No,No,No,Two year,Yes,Electronic check,69.56,768.14,No
9540-TMHXM,Male,1,Yes,No,0,Yes,No,DSL,No,No,No,No,No,No,Two year,Yes,Credit card (automatic),54.17, ,Yes
5276-KISKF,Female,0,Yes,No,8,Yes,Yes,Fiber optic,No,No,Yes,Yes,Yes,Yes,Month-to-month,Yes,Credit card (automatic),115.8,925.39,Yes
0714-VDYCB,Female,0,Yes,Yes,58,Yes,No,Fiber optic,Yes,No,No,No,No,No,Month-to-month,Yes,Electronic check,77.31,4468.66,Yes
2409-LDQYS,Female,1,No,No,13,Yes,Yes,DSL,No,No,Yes,No,No,Yes,Two year,No,Electronic check,73.89,965.35,No
1409-NWIQL,Female,0,Yes,No,30,Yes,Yes,Fiber optic,No,No,No,No,No,Yes,One year,No,Electronic check,93.61,2818.59,No
7769-TLOPW,Female,0,Yes,No,52,Yes,No,No,No internet service,No internet service,No internet service,No internet service,No internet service,No internet service,Two year,Yes,Electronic check,27.77,1459.10,No
1544-HQHDJ,Female,0,No,No,62,Yes,Yes,DSL,No,Yes,No,No,No,No,Two year,No,Electronic check,64.85,4020.51,No
5507-MODYO,Male,0,Yes,No,9,Yes,No,No,No internet service,No internet service,No internet service,No internet service,No internet service,No internet service,Two year,Yes,Bank transfer (automatic),22.6,184.18,No
6308-JFFAE,Male,0,No,No,42,Yes,No,Fiber optic,Yes,Yes,No,Yes,No,Yes,Month-to-month,Yes,Mailed check,97.73,4104.82,No
3063-CBHEZ,Female,1,No,No,17,Yes,Yes,Fiber optic,No,No,Yes,Yes,Yes,No,Two year,Yes,Bank transfer (automatic),102.15,1734.78,No
8490-NZEEX,Male,0,Yes,No,66,Yes,No,No,No internet service,No internet service,No internet service,No internet service,No internet service,No internet service,Month-to-month,Yes,Mailed check,22.29,1478.11,No
5470-UCUSO,Female,1,Yes,No,58,Yes,No,Fiber optic,Yes,No,No,No,Yes,No,Two year,Yes,Electronic check,91.42,5288.88,No
3819-QLTHE,Male,0,No,No,22,Yes,No,DSL,No,No,No,No,No,No,Month-to-month,No,Mailed check,47.93,1047.46,No
8928-PAOBY,Female,0,Yes,No,45,Yes,Yes,No,No internet service,No internet service,No internet service,No internet service,No internet service,No internet service,Month-to-month,No,Electronic check,35.96,1609.12,No
8949-LMTIZ,Female,0,Yes,No,48,Yes,No,DSL,Yes,Yes,Yes,No,Yes,No,Month-to-month,Yes,Mailed check,73.77,3537.38,No
1270-RUGJI,Male,0,Yes,No,22,Yes,No,No,No internet service,No internet service,No internet service,No internet service,No internet service,No internet service,One year,No,Credit card (automatic),21.02,460.62,No
2390-LAQTI,Male,0,Yes,No,11,Yes,No,DSL,No,No,No,Yes,Yes,No,Month-to-month,Yes,Credit card (automatic),61.1,663.96,No
7376-VJROS,Female,1,Yes,Yes,28,Yes,No,DSL,No,No,No,Yes,Yes,Yes,Month-to-month,No,Mailed check,72.08,2028.22,No
3677-DIHPM,Female,0,Yes,No,58,Yes,No,No,No internet service,No internet service,No internet service,No internet service,No internet service,No internet service,Month-to-month,No,Electronic check,25.14,1473.44,No
4218-AWNGQ,Female,0,Yes,No,52,Yes,No,No,No internet service,No internet service,No internet service,No internet service,No internet service,No internet service,Month-to-month,No,Electronic check,23.71,1209.31,No
6018-OXPIY,Male,1,No,Yes,67,Yes,Yes,DSL,No,No,No,No,Yes,No,One year,Yes,Bank transfer (automatic),64.45,4320.06,No
3496-FOYBX,Male,0,Yes,No,62,Yes,Yes,Fiber optic,Yes,Yes,Yes,No,No,No,Month-to-month,No,Mailed check,96.83,6025.65,Yes
1123-VNFNB,Male,0,Yes,No,28,Yes,Yes,DSL,No,No,Yes,Yes,Yes,No,One year,Yes,Mailed check,78.16,2189.90,No
5740-PPHFR,Female,0,Yes,No,2,Yes,No,DSL,No,No,No,Yes,No,Yes,Month-to-month,Yes,Electronic check,63.38,117.36,Yes
6710-VVHPW,Male,0,Yes,Yes,36,Yes,No,DSL,No,Yes,No,No,No,No,Month-to-month,Yes,Mailed check,49.99,1793.20,No
7994-RURIU,Male,0,Yes,Yes,62,Yes,No,DSL,Yes,Yes,No,Yes,Yes,No,Month-to-month,No,Mailed check,71.22,4427.80,No
0894-QIYZZ,Female,0,Yes,Yes,22,Yes,Yes,Fiber optic,No,No,No,No,No,No,Two year,No,Electronic check,82.77,1815.59,No
8599-BMWRT,Male,0,Yes,No,48,Yes,Yes,Fiber optic,No,No,Yes,No,No,No,Month-to-month,No,Bank transfer (automatic),85.73,4124.86,Yes
3965-KMZWV,Male,0,No,Yes,2,Yes,No,Fiber optic,No,Yes,No,Yes,No,Yes,One year,Yes,Electronic check,90.61,179.36,Yes
0326-WLDPG,Female,1,Yes,Yes,21,Yes,No,Fiber optic,No,Yes,No,No,Yes,No,One year,Yes,Credit card (automatic),87.4,1829.92,No
3829-RUIKS,Male,0,Yes,Yes,35,Yes,Yes,Fiber optic,Yes,No,No,No,No,No,One year,Yes,Electronic check,89.92,3159.04,No
0841-FCNIC,Female,0,No,No,9,Yes,Yes,DSL,No,Yes,No,No,No,No,Month-to-month,No,Electronic check,63.29,593.20,Yes
1252-YYIRG,Male,0,Yes,No,8,Yes,Yes,DSL,Yes,No,No,No,Yes,Yes,One year,No,Mailed check,81.43,655.98,No
1047-CGFAW,Female,0,Yes,Yes,55,Yes,No,Fiber optic,Yes,Yes,No,No,Yes,No,Month-to-month,No,Bank transfer (automatic),93.35,5142.58,Yes
2391-KPQEV,Female,0,No,No,54,Yes,No,DSL,No,Yes,Yes,No,No,No,Month-to-month,Yes,Credit card (automatic),56.81,3082.96,No
1955-XHFWD,Female,0,Yes,Yes,18,Yes,Yes,DSL,Yes,No,Yes,No,No,Yes,Month-to-month,No,Bank transfer (automatic),78.99,1418.23,No
4552-YTHMD,Female,1,No,No,71,No,No phone service,Fiber optic,No,No,Yes,No,No,No,One year,No,Mailed check,71.28,5061.18,No
5015-SKGAC,Male,0,Yes,No,32,Yes,No,Fiber optic,No,Yes,Yes,No,Yes,No,Two year,Yes,Electronic check,91.7,2921.94,No
2037-KGGNO,Female,0,No,Yes,19,Yes,Yes,DSL,No,No,No,No,No,No,Month-to-month,Yes,Electronic check,58.01,1108.32,Yes
4395-RAMWT,Female,0,Yes,No,34,Yes,No,Fiber optic,Yes,No,Yes,No,No,No,Month-to-month,Yes,Credit card (automatic),84.36,2858.44,Yes
6589-VCGYK,Female,0,No,Yes,30,Yes,Yes,No,No internet service,No internet service,No internet service,No internet service,No internet service,No internet service,One year,Yes,Bank transfer (automatic),34.63,1049.43,No
9567-DUTAF,Male,0,No,No,49,Yes,No,No,No internet service,No internet service,No internet service,No internet service,No internet service,No internet service,Month-to-month,Yes,Mailed check,24.28,1183.31,No
6151-JUACT,Female,1,Yes,No,45,Yes,No,Fiber optic,Yes,No,No,No,No,No,Two year,No,Electronic check,82.18,3701.35,No
3175-IVSBI,Female,0,No,No,9,Yes,No,DSL,No,No,Yes,No,Yes,No,One year,No,Mailed check,63.64,570.70,No
2591-GQYQI,Male,0,Yes,No,66,Yes,Yes,Fiber optic,Yes,No,No,No,No,No,Month-to-month,No,Mailed check,88.72,5871.55,Yes
0070-HSDRM,Male,0,No,Yes,33,Yes,No,DSL,No,No,No,No,Yes,No,Month-to-month,No,Bank transfer (automatic),57.75,1924.89,No
5692-NICGO,Female,0,No,No,50,No,No phone service,No,No internet service,No internet service,No internet service,No internet service,No internet service,No internet service,One year,Yes,Bank transfer (automatic),18.25,918.49,No
3482-PPSYI,Male,0,No,No,38,Yes,Yes,DSL,Yes,No,No,Yes,No,No,Two year,Yes,Electronic check,67.93,2576.85,No
3008-VEOZM,Female,0,Yes,No,67,No,No phone service,No,No internet service,No internet service,No internet service,No internet service,No internet service,No internet service,Two year,No,Electronic check,18.25,1234.30,No
2216-IVJAV,Female,0,No,No,11,Yes,No,No,No internet service,No internet service,No internet service,No internet service,No internet service,No internet service,Month-to-month,No,Electronic check,22.63,261.87,No
7792-MQUFJ,Male,0,No,Yes,25,Yes,Yes,Fiber optic,Yes,No,No,No,No,No,Month-to-month,No,Electronic check,87.53,2173.19,Yes
8106-BKRCN,Female,0,Yes,No,70,Yes,Yes,DSL,Yes,No,No,Yes,No,No,One year,Yes,Electronic check,70.83,4963.42,No
3605-KGCCB,Male,1,Yes,No,66,Yes,No,Fiber optic,No,Yes,Yes,No,No,No,Month-to-month,Yes,Electronic check,80.77,5336.81,Yes
4626-HMSKA,Female,0,No,Yes,1,No,No phone service,Fiber optic,Yes,No,Yes,No,No,No,Month-to-month,Yes,Mailed check,76.8,73.11,Yes
2508-SSWWF,Female,0,No,No,11,Yes,No,No,No internet service,No internet service,No internet service,No internet service,No internet service,No internet service,Two year,No,Credit card (automatic),21.56,234.59,No
6479-NRUYT,Male,0,No,No,58,Yes,Yes,DSL,No,Yes,No,Yes,No,No,Two year,Yes,Electronic check,70.11,4055.31,No
7257-NYNGF,Female,0,Yes,No,31,Yes,Yes,Fiber optic,No,No,No,No,No,No,Month-to-month,No,Electronic check,85.37,2651.31,Yes
5598-SDCMY,Male,0,Yes,No,50,Yes,Yes,Fiber optic,No,Yes,Yes,Yes,No,Yes,One year,No,Mailed check,107.69,5375.58,No
4977-IJGCE,Female,0,No,No,10,Yes,No,DSL,No,Yes,No,No,No,Yes,Month-to-month,Yes,Electronic check,61.58,622.88,Yes
2129-IYXGA,Female,0,Yes,Yes,31,Yes,Yes,Fiber optic,No,No,No,No,No,Yes,Month-to-month,Yes,Bank transfer (automatic),92.66,2875.40,Yes
8915-ZUFXH,Male,0,Yes,No,63,Yes,No,Fiber optic,Yes,Yes,Yes,No,No,Yes,Two year,Yes,Electronic check,101.26,6365.76,No
9161-AXYNW,Female,0,No,Yes,44,No,No phone service,Fiber optic,No,Yes,Yes,No,No,Yes,Month-to-month,No,Electronic check,84.29,3703.25,Yes
3636-DYEWX,Male,0,Yes,No,53,Yes,Yes,DSL,No,Yes,Yes,No,Yes,No,Month-to-month,Yes,Bank transfer (automatic),78.08,4152.37,No
4032-MGFFB,Male,0,Yes,Yes,5,Yes,No,DSL,No,Yes,Yes,Yes,No,No,Month-to-month,Yes,Credit card (automatic),62.5,302.77,No
5748-KRWFN,Male,0,Yes,Yes,25,No,No phone service,Fiber optic,No,No,Yes,Yes,Yes,Yes,Month-to-month,Yes,Mailed check,96.46,2404.22,Yes
5398-VLXHT,Male,0,Yes,No,7,Yes,Yes,Fiber optic,Yes,No,No,No,Yes,Yes,Month-to-month,Yes,Electronic check,108.91,762.08,Yes
4135-ORRJG,Male,1,No,No,7,Yes,Yes,DSL,No,Yes,No,Yes,No,No,One year,Yes,Mailed check,67.78,483.59,No
9422-GSLJE,Male,0,No,No,37,Yes,No,Fiber optic,Yes,No,Yes,Yes,No,No,Month-to-month,Yes,Credit card (automatic),86.15,3185.92,No
1230-TDSZO,Male,0,No,No,7,No,No phone service,Fiber optic,No,No,No,No,No,No,Two year,Yes,Bank transfer (automatic),71.49,486.12,No
8216-IVEQC,Male,1,Yes,No,16,Yes,No,DSL,No,No,No,Yes,No,Yes,One year,No,Electronic check,60.92,986.19,No
8787-QXHUN,Male,0,No,No,2,No,No phone service,Fiber optic,Yes,No,Yes,No,Yes,No,Two year,No,Bank transfer (automatic),88.09,200.68,No
5107-GTOGB,Male,0,No,No,40,Yes,No,DSL,No,No,No,No,No,No,One year,Yes,Mailed check,48.16,1923.41,No
1625-LOMGG,Female,1,No,No,72,Yes,No,No,No internet service,No internet service,No internet service,No internet service,No internet service,No internet service,Two year,Yes,Electronic check,24.08,1741.68,No
9320-GIAEO,Male,0,No,No,52,Yes,Yes,DSL,Yes,No,Yes,No,No,No,Month-to-month,Yes,Electronic check,67.38,3495.53,No
3916-GXSFO,Male,0,Yes,No,69,Yes,Yes,No,No internet service,No internet service,No internet service,No internet service,No internet service,No internet service,One year,No,Credit card (automatic),31.63,2194.92,No
3230-GWWRQ,Female,0,No,No,61,Yes,No,Fiber optic,No,No,No,Yes,No,Yes,Month-to-month,Yes,Electronic check,90.23,5517.03,Yes
8144-MKXAW,Male,1,Yes,No,52,No,No phone service,Fiber optic,No,No,No,Yes,No,No,One year,Yes,Credit card (automatic),71.54,3727.84,No
2143-IKQKC,Male,0,Yes,No,58,Yes,Yes,No,No internet service,No internet service,No internet service,No internet service,No internet service,No internet service,Month-to-month,Yes,Credit card (automatic),29.04,1693.06,No
2364-KZNFS,Male,1,Yes,No,22,Yes,No,No,No internet service,No internet service,No internet service,No internet service,No internet service,No internet service,Month-to-month,No,Mailed check,22.65,509.61,No
4132-CLDXL,Male,0,Yes,Yes,46,Yes,Yes,DSL,No,No,No,No,Yes,No,Two year,No,Mailed check,70.39,3238.70,No
7041-ZVCPZ,Female,0,No,No,34,Yes,No,No,No internet service,No internet service,No internet service,No internet service,No internet service,No internet service,Month-to-month,No,Bank transfer (automatic),23.67,783.83,No
9887-BKBOR,Female,1,No,No,13,Yes,No,DSL,No,Yes,Yes,Yes,No,No,Month-to-month,No,Mailed check,61.31,796.18,No
4986-WSSZP,Male,0,No,Yes,64,Yes,Yes,DSL,Yes,Yes,No,Yes,No,No,One year,No,Electronic check,73.97,4727.56,No
2071-KWINB,Male,1,No,Yes,48,No,No phone service,Fiber optic,No,No,Yes,No,No,Yes,Month-to-month,Yes,Credit card (automatic),82.67,3964.46,Yes
0494-AICNR,Male,0,No,No,35,Yes,No,No,No internet service,No internet service,No internet service,No internet service,No internet service,No internet service,One year,No,Mailed check,22.97,807.86,No
6433-OIYQL,Male,1,No,No,0,Yes,Yes,Fiber optic,No,No,Yes,Yes,Yes,No,Month-to-month,No,Electronic check,101.04, ,Yes
9674-GHXOY,Female,1,Yes,Yes,21,Yes,No,No,No internet service,No internet service,No internet service,No internet service,No internet service,No internet service,Month-to-month,No,Electronic check,23.95,506.35,No
4150-JVSCG,Male,0,No,No,34,No,No phone service,No,No internet service,No internet service,No internet service,No internet service,No internet service,No internet service,Month-to-month,No,Mailed check,18.57,617.75,No
3459-LNVBC,Male,0,No,No,2,Yes,No,Fiber optic,No,No,No,Yes,No,No,One year,Yes,Mailed check,76.32,159.55,No
0273-BTPOG,Female,0,No,No,11,Yes,No,Fiber optic,No,No,No,Yes,No,Yes,Two year,Yes,Credit card (automatic),90.1,991.06,No
8444-ZIWNS,Female,0,No,No,36,Yes,Yes,Fiber optic,No,No,No,No,Yes,Yes,Two year,No,Electronic check,103.29,3727.83,No
1827-ODUXE,Female,0,Yes,No,57,Yes,No,DSL,Yes,No,Yes,No,No,No,Month-to-month,No,Credit card (automatic),60.46,3449.38,No
9156-LAZYV,Male,0,Yes,No,11,Yes,Yes,Fiber optic,No,No,Yes,Yes,No,Yes,Month-to-month,Yes,Credit card (automatic),100.95,1114.31,Yes
3185-YREVN,Male,0,Yes,No,1,No,No phone service,DSL,No,No,Yes,Yes,Yes,Yes,One year,Yes,Mailed check,75.09,71.14,No
4528-BNBUJ,Female,0,Yes,Yes,64,Yes,No,DSL,No,No,Yes,No,No,Yes,Two year,No,Mailed check,63.09,4045.30,No
2155-GDHSJ,Male,1,No,Yes,57,Yes,Yes,Fiber optic,No,No,No,Yes,No,No,Month-to-month,Yes,Mailed check,88.39,5045.23,Yes
0452-RSSWA,Male,0,No,Yes,59,Yes,No,No,No internet service,No internet service,No internet service,No internet service,No internet service,No internet service,Month-to-month,No,Electronic check,26.2,1548.38,No
3296-QXZPG,Female,0,Yes,No,40,Yes,No,Fiber optic,No,No,No,No,No,Yes,One year,Yes,Bank transfer (automatic),83.36,3338.50,No
7780-YQSMW,Female,0,Yes,No,34,Yes,Yes,DSL,No,Yes,No,Yes,Yes,No,Month-to-month,Yes,Bank transfer (automatic),77.77,2648.43,No
7402-GBBYF,Male,0,No,No,10,Yes,Yes,No,No internet service,No internet service,No internet service,No internet service,No internet service,No internet service,Month-to-month,Yes,Electronic check,33.4,334.56,No
3986-GHSRQ,Male,1,Yes,No,51,Yes,No,No,No internet service,No internet service,No internet service,No internet service,No internet service,No internet service,Month-to-month,Yes,Mailed check,24.61,1246.28,No
1247-MKSGE,Female,0,Yes,No,51,Yes,No,Fiber optic,No,Yes,No,Yes,No,No,Month-to-month,Yes,Electronic check,82.13,4178.02,Yes
4794-ZOWPJ,Male,0,Yes,No,61,Yes,Yes,DSL,No,Yes,No,No,No,Yes,Two year,No,Credit card (automatic),70.77,4311.71,No
7723-NHUNL,Male,0,Yes,No,62,No,No phone service,DSL,No,No,No,Yes,Yes,No,Two year,No,Electronic check,56.51,3518.97,No
0621-LJUAN,Male,0,No,No,14,Yes,No,Fiber optic,No,Yes,No,No,No,Yes,Two year,No,Bank transfer (automatic),87.73,1239.91,No
8945-WNIKE,Male,0,No,Yes,69,Yes,No,DSL,No,No,No,No,No,No,Two year,Yes,Credit card (automatic),46.9,3245.16,No
3249-ZSEXR,Male,0,No,No,39,Yes,No,Fiber optic,No,No,Yes,Yes,No,No,Month-to-month,Yes,Electronic check,82.27,3191.04,Yes
3747-PVAEZ,Female,0,Yes,No,8,Yes,No,DSL,No,No,No,No,Yes,No,Month-to-month,Yes,Bank transfer (automatic),59.18,479.38,No
1693-RQUZM,Male,0,No,Yes,69,Yes,Yes,Fiber optic,No,No,No,Yes,No,Yes,One year,No,Bank transfer (automatic),98.84,6828.80,No
7791-FGZQE,Male,1,Yes,No,16,Yes,Yes,Fiber optic,Yes,Yes,Yes,Yes,Yes,No,Month-to-month,Yes,Mailed check,110.03,1763.91,Yes
5682-HZSYH,Male,0,Yes,Yes,22,Yes,No,No,No internet service,No internet service,No internet service,No internet service,No internet service,No internet service,Month-to-month,Yes,Credit card (automatic),23.39,519.40,No
8482-GCFHR,Female,0,Yes,Yes,57,Yes,Yes,No,No internet service,No internet service,No internet service,No internet service,No internet service,No internet service,Month-to-month,No,Bank transfer (automatic),35.85,2049.09,No
7036-QVZFM,Male,0,Yes,No,50,Yes,Yes,Fiber optic,Yes,No,Yes,Yes,No,Yes,One year,No,Bank transfer (automatic),107.71,5389.85,No
6862-TMOQE,Male,1,Yes,Yes,56,No,No phone service,DSL,No,No,No,No,No,Yes,Month-to-month,Yes,Bank transfer (automatic),51.75,2899.77,No
6252-DEFFQ,Female,1,No,Yes,15,Yes,No,No,No internet service,No internet service,No internet service,No internet service,No internet service,No internet service,Month-to-month,Yes,Electronic check,27.41,402.21,No
7237-UVMOQ,Male,0,Yes,No,44,Yes,No,Fiber optic,No,Yes,Yes,No,No,No,Month-to-month,Yes,Credit card (automatic),83.46,3670.62,Yes
7406-BVCVI,Male,1,Yes,Yes,60,Yes,Yes,DSL,Yes,Yes,Yes,No,No,No,Month-to-month,No,Mailed check,72.88,4353.33,No
5052-DMTYH,Male,1,No,No,11,Yes,Yes,Fiber optic,Yes,No,No,No,Yes,Yes,Month-to-month,Yes,Credit card (automatic),109.35,1199.04,Yes
6493-SLAIX,Female,0,No,Yes,72,No,No phone service,Fiber optic,Yes,No,No,No,No,Yes,Month-to-month,No,Bank transfer (automatic),82.0,5911.84,Yes
0100-YUOSB,Female,0,Yes,No,5,Yes,No,Fiber optic,No,No,Yes,No,Yes,No,One year,Yes,Electronic check,87.13,424.58,Yes
7751-OAVAL,Female,0,No,No,3,Yes,No,Fiber optic,Yes,Yes,No,No,Yes,Yes,Two year,Yes,Credit card (automatic),102.88,300.31,No
5916-LJBBF,Male,0,No,No,34,Yes,Yes,DSL,No,No,Yes,Yes,Yes,No,Month-to-month,Yes,Electronic check,80.29,2716.75,No
3579-CPEEJ,Male,0,Yes,No,46,Yes,No,No,No internet service,No internet service,No internet service,No internet service,No internet service,No internet service,Month-to-month,No,Bank transfer (automatic),25.75,1206.56,No
8687-CRSFZ,Female,0,No,Yes,18,Yes,No,Fiber optic,Yes,No,Yes,No,No,No,One year,No,Bank transfer (automatic),82.55,1497.69,No
3099-YVASK,Female,1,Yes,Yes,26,Yes,Yes,Fiber optic,No,Yes,No,No,No,No,Month-to-month,Yes,Bank transfer (automatic),85.88,2228.45,Yes
0831-DOBFV,Male,0,No,No,10,Yes,Yes,Fiber optic,No,No,Yes,No,No,Yes,Month-to-month,No,Bank transfer (automatic),97.57,1000.40,Yes
6883-PYHQW,Female,0,Yes,Yes,69,Yes,Yes,Fiber optic,Yes,Yes,Yes,Yes,No,No,Month-to-month,No,Electronic check,102.4,7078.00,Yes
6936-KKKZZ,Female,0,Yes,Yes,58,Yes,No,Fiber optic,No,Yes,No,Yes,No,No,Two year,No,Bank transfer (automatic),81.58,4742.03,No
4445-WEIKY,Male,0,Yes,Yes,40,Yes,No,Fiber optic,No,No,No,No,No,No,Month-to-month,No,Bank transfer (automatic),74.3,2971.32,Yes
6923-DWORE,Female,0,No,No,42,Yes,No,Fiber optic,No,Yes,Yes,No,No,Yes,Month-to-month,No,Credit card (automatic),96.0,4039.36,Yes
3980-ZMSFT,Male,0,Yes,No,27,Yes,No,DSL,No,No,No,No,Yes,No,Two year,No,Bank transfer (automatic),60.56,1643.21,No
2526-LPAYO,Male,0,No,No,62,Yes,Yes,Fiber optic,No,No,Yes,Yes,No,No,Two year,No,Electronic check,92.84,5742.70,No
9135-FHXTV,Female,0,No,No,66,Yes,Yes,Fiber optic,No,No,No,No,No,No,Month-to-month,No,Bank transfer (automatic),81.1,5355.78,Yes
8677-RGSWR,Female,0,No,Yes,44,Yes,No,No,No internet service,No internet service,No internet service,No internet service,No internet service,No internet service,One year,Yes,Bank transfer (automatic),25.0,1099.19,No
0899-AQLLS,Male,0,Yes,No,23,Yes,No,Fiber optic,Yes,No,Yes,No,Yes,Yes,One year,No,Credit card (automatic),101.75,2340.50,No
0667-BPWIJ,Female,0,Yes,No,63,Yes,No,DSL,No,No,No,No,Yes,No,Two year,No,Electronic check,54.85,3464.30,No
4928-QNSRR,Female,0,Yes,No,72,Yes,Yes,DSL,No,No,No,Yes,No,Yes,Two year,Yes,Electronic check,75.74,5466.66,No
2965-LIZJS,Female,0,No,Yes,38,Yes,Yes,Fiber optic,Yes,Yes,Yes,No,No,No,Month-to-month,Yes,Credit card (automatic),96.36,3649.60,Yes
4827-YOKWM,Female,0,Yes,No,44,Yes,No,DSL,No,No,No,No,Yes,No,Month-to-month,No,Bank transfer (automatic),59.83,2624.16,No
5554-GWWSK,Female,0,No,No,60,Yes,Yes,Fiber optic,No,Yes,No,No,No,Yes,Month-to-month,Yes,Electronic check,97.19,5829.59,Yes
5883-YRHRE,Female,1,Yes,No,42,No,No phone service,No,No internet service,No internet service,No internet service,No internet service,No internet service,No internet service,Month-to-month,No,Bank transfer (automatic),18.25,776.43,No
5185-XDSDP,Male,0,No,No,66,Yes,Yes,Fiber optic,Yes,No,No,Yes,Yes,No,Month-to-month,Yes,Electronic check,101.45,6690.82,Yes
0070-EZPYC,Male,1,Yes,No,41,Yes,Yes,DSL,No,No,No,No,No,Yes,Two year,No,Electronic check,60.94,2489.27,No
9141-ZQKIK,Male,0,No,Yes,40,Yes,No,Fiber optic,Yes,No,No,No,No,Yes,Month-to-month,No,Electronic check,85.47,3422.03,Yes
9803-ELRYY,Female,0,No,No,46,Yes,Yes,DSL,No,No,Yes,No,Yes,Yes,Two year,Yes,Bank transfer (automatic),84.37,3859.81,No
8750-NZUXN,Female,0,No,Yes,42,Yes,Yes,DSL,Yes,No,No,Yes,No,No,Month-to-month,No,Electronic check,67.33,2828.69,No
3750-ACQTC,Male,0,No,No,22,Yes,Yes,Fiber optic,Yes,No,No,No,Yes,Yes,Month-to-month,No,Bank transfer (automatic),108.13,2401.88,Yes
6864-QEAVX,Female,1,No,No,31,Yes,No,Fiber optic,Yes,Yes,No,No,No,No,Month-to-month,Yes,Bank transfer (automatic),84.55,2625.60,Yes
6078-ZBQVT,Male,0,No,Yes,56,Yes,No,No,No internet service,No internet service,No internet service,No internet service,No internet service,No internet service,Two year,No,Credit card (automatic),25.64,1427.94,No
6227-GECAS,Male,0,No,No,37,Yes,No,Fiber optic,No,No,No,No,Yes,No,Month-to-month,No,Mailed check,85.21,3153.77,Yes
8043-KNVRT,Female,0,No,No,14,Yes,No,DSL,Yes,No,No,No,No,No,One year,Yes,Electronic check,55.03,763.02,No
8471-LYWGB,Female,0,No,No,27,Yes,Yes,DSL,Yes,Yes,Yes,Yes,Yes,No,Two year,Yes,Electronic check,85.62,2298.93,No
7894-OSSMM,Female,1,No,Yes,12,Yes,Yes,Fiber optic,No,No,No,No,No,No,Month-to-month,Yes,Mailed check,80.01,956.34,Yes
5098-FYCZM,Female,0,No,No,34,Yes,No,Fiber optic,No,No,No,No,No,No,Month-to-month,No,Bank transfer (automatic),69.35,2349.88,Yes
2966-DKHBA,Female,1,No,Yes,1,Yes,Yes,Fiber optic,No,Yes,Yes,No,No,No,Two year,Yes,Credit card (automatic),93.32,107.15,Yes
0157-SLFXY,Female,0,Yes,No,60,Yes,No,No,No internet service,No internet service,No internet service,No internet service,No internet service,No internet service,Two year,No,Credit card (automatic),25.07,1523.29,No
7632-WAWFC,Female,0,No,No,64,Yes,No,DSL,No,No,Yes,No,Yes,No,Month-to-month,No,Electronic check,63.25,4046.84,Yes
2104-GWFKO,Female,0,Yes,Yes,40,Yes,Yes,No,No internet service,No internet service,No internet service,No internet service,No internet service,No internet service,One year,Yes,Electronic check,33.46,1334.83,No
9567-EQWBU,Female,0,No,Yes,3,Yes,No,No,No internet service,No internet service,No internet service,No internet service,No internet service,No internet service,One year,No,Credit card (automatic),26.58,83.28,No
6684-FZLPK,Female,0,No,Yes,52,Yes,No,DSL,No,Yes,No,No,No,No,Two year,Yes,Bank transfer (automatic),53.92,2796.57,No
5096-PPOZO,Male,0,No,Yes,13,Yes,No,DSL,Yes,Yes,No,No,No,No,Month-to-month,Yes,Mailed check,57.11,740.59,No
6335-CNJFK,Female,0,No,No,16,No,No phone service,Fiber optic,No,No,No,Yes,No,Yes,Two year,Yes,Electronic check,78.97,1264.13,No
3974-HIDQJ,Male,0,No,Yes,13,Yes,Yes,Fiber optic,No,Yes,No,No,No,No,Month-to-month,Yes,Mailed check,90.53,1169.50,Yes
6644-QSQWU,Male,0,Yes,No,40,Yes,Yes,Fiber optic,No,No,No,No,Yes,No,One year,Yes,Electronic check,92.6,3692.46,No
3685-NIFJY,Male,1,No,No,61,Yes,No,DSL,No,Yes,No,No,No,No,Month-to-month,Yes,Credit card (automatic),54.11,3303.93,No
5824-KUOZH,Female,0,Yes,No,51,No,No phone service,Fiber optic,No,No,No,No,No,No,Month-to-month,No,Bank transfer (automatic),64.21,3278.96,Yes
6116-ZLZTV,Male,0,No,Yes,26,Yes,No,Fiber optic,Yes,Yes,Yes,Yes,No,No,Month-to-month,Yes,Mailed check,94.3,2442.40,No
8936-YNQZB,Male,1,No,Yes,39,Yes,Yes,DSL,Yes,No,No,Yes,No,Yes,Month-to-month,No,Mailed check,77.79,3038.45,No
8436-UAIXP,Female,0,Yes,No,34,No,No phone service,No,No internet service,No internet service,No internet service,No internet service,No internet service,No internet service,Two year,No,Electronic check,18.25,618.08,No
2922-GRYTG,Female,0,No,No,58,Yes,No,Fiber optic,No,No,No,No,No,No,One year,No,Credit card (automatic),70.55,4087.28,No
7473-MJBSN,Female,0,Yes,No,48,No,No phone service,DSL,Yes,No,Yes,Yes,No,No,Two year,Yes,Electronic check,56.17,2678.37,No
5956-LKNDM,Female,1,Yes,No,62,Yes,No,Fiber optic,No,Yes,Yes,No,No,No,Month-to-month,No,Electronic check,81.41,5054.32,Yes
7762-NSRKM,Female,0,Yes,No,10,Yes,No,Fiber optic,No,No,No,No,No,Yes,Month-to-month,No,Credit card (automatic),80.54,802.67,Yes
6561-TABGE,Female,0,No,No,5,Yes,No,Fiber optic,No,Yes,No,Yes,Yes,No,Month-to-month,Yes,Bank transfer (automatic),92.58,460.72,Yes
9212-TJJUH,Male,0,No,No,40,Yes,No,Fiber optic,No,No,No,No,Yes,No,Two year,No,Electronic check,84.35,3379.89,No
8123-WFMFJ,Male,0,No,Yes,31,Yes,Yes,Fiber optic,No,No,No,No,Yes,No,Month-to-month,No,Electronic check,94.02,2928.28,Yes
6078-BQTKR,Male,1,Yes,No,20,Yes,Yes,DSL,Yes,No,Yes,Yes,No,No,Month-to-month,Yes,Bank transfer (automatic),72.25,1440.02,No
5287-GGWUH,Female,0,Yes,Yes,56,No,No phone service,Fiber optic,No,No,No,No,No,No,One year,Yes,Credit card (automatic),69.35,3885.43,No
3422-BNUBJ,Male,0,No,No,4,Yes,Yes,DSL,No,No,No,Yes,No,No,Two year,No,Bank transfer (automatic),68.44,290.52,No
3901-ARDAV,Female,1,No,No,27,Yes,Yes,DSL,No,No,Yes,No,No,No,Month-to-month,Yes,Credit card (automatic),63.33,1712.99,No
0211-DYCLV,Female,0,No,No,69,Yes,No,DSL,No,Yes,No,No,No,No,Month-to-month,Yes,Bank transfer (automatic),50.51,3482.48,No
9294-YCXFN,Female,0,No,No,26,Yes,No,DSL,Yes,No,Yes,Yes,No,Yes,Two year,Yes,Credit card (automatic),73.08,1918.30,No
7180-CTFTM,Male,0,Yes,Yes,52,Yes,Yes,DSL,Yes,Yes,No,No,No,No,One year,Yes,Credit card (automatic),68.26,3536.54,No
1225-OUNEK,Male,1,Yes,No,47,Yes,No,DSL,No,No,No,No,No,Yes,Two year,Yes,Credit card (automatic),54.93,2584.69,No
3386-MHTKS,Female,0,Yes,No,57,Yes,No,No,No internet service,No internet service,No internet service,No internet service,No internet service,No internet service,Month-to-month,Yes,Bank transfer (automatic),24.16,1372.43,No
0881-DDARN,Male,0,Yes,No,8,Yes,Yes,DSL,No,No,Yes,Yes,Yes,Yes,Month-to-month,Yes,Electronic check,87.01,702.19,No
7506-KOGVH,Male,0,No,No,54,Yes,No,Fiber optic,No,No,Yes,No,Yes,Yes,Month-to-month,No,Credit card (automatic),99.99,5404.39,Yes
4137-MHLUV,Male,1,No,No,44,Yes,Yes,Fiber optic,No,No,No,No,Yes,Yes,Month-to-month,No,Bank transfer (automatic),102.88,4491.36,Yes
8999-KKPRU,Male,0,No,No,27,Yes,No,DSL,No,No,No,No,No,No,Two year,Yes,Credit card (automatic),47.85,1302.27,No
8253-TSJMA,Female,0,Yes,No,27,Yes,No,No,No internet service,No internet service,No internet service,No internet service,No internet service,No internet service,Month-to-month,Yes,Credit card (automatic),25.0,678.33,No
7410-QTODV,Female,0,Yes,Yes,45,Yes,Yes,Fiber optic,No,Yes,No,No,No,No,Two year,No,Credit card (automatic),86.83,3922.39,No
6091-OSYDF,Male,1,No,No,24,Yes,Yes,Fiber optic,No,No,Yes,No,Yes,No,One year,Yes,Electronic check,95.54,2283.04,Yes
1114-YNVPN,Male,1,No,Yes,25,Yes,Yes,Fiber optic,No,No,No,No,Yes,No,Two year,No,Electronic check,92.91,2320.27,Yes
8584-KLQFT,Female,0,No,No,61,Yes,Yes,DSL,No,Yes,No,No,No,No,Month-to-month,Yes,Bank transfer (automatic),59.78,3654.61,No
8505-CSWBI,Female,1,No,No,67,Yes,No,Fiber optic,Yes,No,Yes,No,Yes,Yes,Month-to-month,No,Credit card (automatic),101.21,6779.90,Yes
8685-IZMBN,Male,0,Yes,No,66,Yes,No,DSL,No,Yes,No,No,No,No,Two year,Yes,Bank transfer (automatic),55.19,3642.03,No
4553-DEFMN,Female,0,No,Yes,33,Yes,No,DSL,No,No,Yes,Yes,No,Yes,Month-to-month,Yes,Electronic check,66.86,2180.23,No
7907-RGDXV,Male,0,Yes,No,20,No,No phone service,Fiber optic,No,Yes,Yes,No,Yes,No,Two year,Yes,Credit card (automatic),88.57,1769.25,No
4994-TSCSW,Male,0,No,No,33,Yes,No,DSL,No,No,Yes,No,No,No,One year,No,Electronic check,48.26,1606.27,No
7712-RVSVD,Female,1,No,No,43,Yes,No,DSL,Yes,Yes,Yes,No,Yes,No,Month-to-month,No,Mailed check,74.38,3205.95,No
9952-UHSYI,Female,0,No,No,20,Yes,No,Fiber optic,No,No,Yes,No,No,No,Month-to-month,Yes,Mailed check,76.25,1525.41,Yes
6780-OPGJS,Male,0,No,No,17,Yes,No,DSL,No,No,No,No,No,Yes,One year,Yes,Mailed check,56.78,955.27,No
5897-RDKEM,Male,0,No,Yes,35,Yes,Yes,Fiber optic,Yes,No,No,No,Yes,Yes,Month-to-month,Yes,Electronic check,109.9,3844.50,Yes
9563-DEYIA,Female,0,No,No,69,No,No phone service,Fiber optic,No,No,Yes,No,Yes,No,Month-to-month,Yes,Bank transfer (automatic),83.37,5735.36,Yes
4467-SARVK,Male,0,No,Yes,52,Yes,Yes,DSL,Yes,No,No,Yes,No,Yes,Month-to-month,Yes,Mailed check,77.72,4050.76,No
5448-GVOKW,Male,0,Yes,No,19,Yes,No,Fiber optic,Yes,Yes,Yes,No,No,No,Month-to-month,No,Mailed check,88.24,1683.20,Yes
2627-ZJICG,Male,0,No,No,2,Yes,No,No,No internet service,No internet service,No internet service,No internet service,No internet service,No internet service,Two year,Yes,Electronic check,24.17,45.78,No
7256-DFGLG,Male,0,No,No,7,Yes,No,DSL,Yes,Yes,No,Yes,Yes,Yes,One year,Yes,Bank transfer (automatic),82.78,591.69,No
0108-LWWSU,Male,0,No,Yes,47,No,No phone service,DSL,No,No,No,No,Yes,No,Two year,No,Bank transfer (automatic),53.34,2516.48,No
1479-SDXOR,Female,0,No,No,22,Yes,Yes,Fiber optic,Yes,No,No,No,No,No,Two year,No,Electronic check,85.33,1885.76,No
0219-RDVJZ,Male,0,Yes,No,0,Yes,No,Fiber optic,No,Yes,Yes,No,Yes,Yes,Month-to-month,No,Credit card (automatic),101.2, ,Yes
4374-RTWDO,Male,1,No,No,1,Yes,No,DSL,No,Yes,No,No,Yes,No,Month-to-month,No,Credit card (automatic),61.39,75.78,Yes
5183-QCMGN,Male,0,Yes,No,36,Yes,Yes,DSL,No,No,No,No,No,No,Month-to-month,Yes,Credit card (automatic),55.26,2009.09,No
9853-RILNX,Female,0,No,No,50,Yes,No,Fiber optic,Yes,Yes,Yes,No,No,Yes,Month-to-month,Yes,Mailed check,98.54,4922.67,Yes
6117-IYHAE,Female,0,No,No,43,Yes,No,DSL,No,No,No,No,No,No,Month-to-month,Yes,Bank transfer (automatic),49.85,2139.19,No
6950-ZFDCD,Female,1,No,No,23,Yes,No,No,No internet service,No internet service,No internet service,No internet service,No internet service,No internet service,Month-to-month,Yes,Electronic check,23.6,536.71,No
7584-IDNOD,Female,0,No,No,31,Yes,Yes,DSL,Yes,Yes,Yes,Yes,No,No,Month-to-month,No,Mailed check,79.17,2444.73,No
5961-TOHIE,Female,0,Yes,No,55,Yes,No,Fiber optic,No,Yes,No,No,No,No,Two year,Yes,Credit card (automatic),79.65,4365.91,No
5966-OSMRJ,Female,0,No,No,49,Yes,Yes,DSL,Yes,Yes,Yes,No,Yes,Yes,Month-to-month,Yes,Bank transfer (automatic),92.43,4524.57,No
7877-OBTVX,Male,0,Yes,Yes,63,Yes,No,Fiber optic,No,Yes,No,Yes,No,Yes,Month-to-month,Yes,Mailed check,92.15,5803.85,Yes
1705-PXXWW,Male,0,No,No,29,Yes,No,Fiber optic,Yes,No,Yes,No,No,No,One year,No,Credit card (automatic),85.42,2465.71,No
9810-RNCOI,Male,1,No,No,37,Yes,No,Fiber optic,No,No,No,Yes,No,No,Month-to-month,No,Credit card (automatic),75.47,2787.75,Yes
9644-VBAQS,Female,0,No,Yes,54,Yes,No,Fiber optic,Yes,No,No,No,No,No,One year,No,Credit card (automatic),78.63,4243.74,No
0894-YUQWG,Female,0,No,No,2,Yes,No,DSL,No,No,No,No,No,No,Month-to-month,No,Electronic check,48.44,93.01,Yes
3206-EZQQO,Female,0,No,Yes,24,Yes,Yes,No,No internet service,No internet service,No internet service,No internet service,No internet service,No internet service,One year,Yes,Electronic check,30.89,736.12,No
2217-MXFEM,Female,1,Yes,No,44,Yes,No,No,No internet service,No internet service,No internet service,No internet service,No internet service,No internet service,Two year,Yes,Credit card (automatic),25.49,1117.66,No
5016-QHSPN,Female,0,Yes,No,61,No,No phone service,No,No internet service,No internet service,No internet service,No internet service,No internet service,No internet service,Month-to-month,Yes,Mailed check,20.67,1264.86,No
3696-BUXPY,Female,0,Yes,Yes,6,Yes,Yes,No,No internet service,No internet service,No internet service,No internet service,No internet service,No internet service,One year,No,Bank transfer (automatic),34.79,202.02,No
4134-VVMAF,Male,0,No,No,26,Yes,Yes,Fiber optic,No,No,No,No,No,No,Two year,Yes,Credit card (automatic),83.55,2159.74,No
9046-NXKME,Female,0,No,Yes,22,Yes,No,DSL,No,Yes,No,No,Yes,Yes,Two year,Yes,Mailed check,72.45,1594.05,No
1269-TOASJ,Male,0,No,No,31,Yes,Yes,DSL,No,No,Yes,No,No,No,Month-to-month,Yes,Electronic check,63.31,1954.84,Yes
1808-JEFFF,Female,0,No,No,1,Yes,Yes,No,No internet service,No internet service,No internet service,No internet service,No internet service,No internet service,Month-to-month,Yes,Mailed check,36.4,39.79,No
8896-COWEY,Female,0,No,Yes,33,Yes,Yes,DSL,No,No,Yes,No,No,No,Month-to-month,No,Mailed check,63.35,2076.01,No
7954-ZBSKK,Female,0,Yes,No,51,No,No phone service,DSL,No,No,Yes,No,No,No,Month-to-month,No,Mailed check,47.6,2431.57,No
2326-OFMXR,Male,0,No,No,60,Yes,Yes,Fiber optic,No,No,Yes,No,Yes,No,Month-to-month,Yes,Credit card (automatic),95.86,5751.60,Yes
1046-YUKPA,Male,0,No,No,33,Yes,Yes,DSL,No,No,Yes,Yes,No,No,Two year,No,Electronic check,67.0,2217.07,No
2726-PZCBL,Male,0,Yes,No,6,Yes,Yes,Fiber optic,No,Yes,Yes,Yes,Yes,Yes,Month-to-month,No,Bank transfer (automatic),117.18,685.07,Yes
9519-UEEFC,Male,0,No,No,9,Yes,No,Fiber optic,Yes,No,Yes,No,Yes,No,Two year,Yes,Electronic check,93.66,824.48,No
9473-EOQQX,Female,0,No,Yes,1,Yes,Yes,No,No internet service,No internet service,No internet service,No internet service,No internet service,No internet service,Month-to-month,Yes,Mailed check,35.87,35.16,No
1996-GKNIQ,Male,0,Yes,Yes,29,Yes,Yes,DSL,No,No,No,No,No,No,Month-to-month,No,Electronic check,59.45,1712.66,Yes
1003-XJXLL,Male,0,Yes,No,28,Yes,No,DSL,No,No,No,Yes,No,Yes,Month-to-month,Yes,Mailed check,61.55,1717.96,No
8163-CLPDD,Female,1,Yes,Yes,59,Yes,Yes,Fiber optic,No,No,Yes,Yes,No,No,Month-to-month,Yes,Electronic check,92.07,5446.59,Yes
2879-NLLBS,Female,0,No,Yes,16,Yes,No,DSL,Yes,No,No,No,Yes,No,Two year,Yes,Bank transfer (automatic),61.38,984.02,No
9640-AHFTC,Female,0,Yes,No,55,No,No phone service,Fiber optic,Yes,No,No,No,No,No,Two year,Yes,Bank transfer (automatic),74.83,4105.90,No
8837-DHGPL,Male,0,Yes,No,50,Yes,Yes,Fiber optic,Yes,No,No,No,No,No,Two year,Yes,Mailed check,90.79,4541.61,No
5655-PWPDL,Male,0,Yes,No,24,Yes,No,Fiber optic,Yes,Yes,Yes,No,No,No,Month-to-month,No,Credit card (automatic),88.89,2132.24,Yes
4818-PUZAW,Male,0,Yes,No,15,Yes,No,DSL,No,Yes,Yes,Yes,No,No,Month-to-month,Yes,Mailed check,63.16,947.86,No
4220-WNRHN,Female,1,No,Yes,24,Yes,Yes,DSL,No,No,Yes,No,No,No,Two year,Yes,Bank transfer (automatic),60.92,1487.23,No
3348-GCTYA,Female,0,No,No,14,Yes,Yes,DSL,Yes,No,No,No,No,No,One year,No,Mailed check,61.86,873.74,No
7765-GZTTE,Female,0,Yes,No,56,Yes,Yes,Fiber optic,Yes,Yes,Yes,No,No,Yes,Two year,No,Credit card (automatic),108.86,6078.68,No
3385-NCCZX,Female,1,No,No,14,Yes,No,DSL,Yes,No,No,No,Yes,Yes,Month-to-month,Yes,Electronic check,72.65,1043.29,Yes
2358-VPSPL,Male,0,Yes,No,55,Yes,Yes,Fiber optic,No,No,Yes,No,Yes,Yes,Month-to-month,Yes,Bank transfer (automatic),107.07,5883.09,Yes
5344-CUEGY,Female,0,Yes,No,36,Yes,Yes,No,No internet service,No internet service,No internet service,No internet service,No internet service,No internet service,One year,Yes,Electronic check,32.02,1153.43,No
4843-FHTEZ,Female,0,Yes,Yes,64,No,No phone service,No,No internet service,No internet service,No internet service,No internet service,No internet service,No internet service,Month-to-month,Yes,Electronic check,19.17,1212.00,No
0907-WUYAC,Female,0,No,No,32,No,No phone service,DSL,No,No,No,Yes,Yes,Yes,Two year,Yes,Mailed check,68.55,2192.27,No
5051-ZEKJO,Female,0,Yes,No,2,Yes,No,Fiber optic,No,No,No,No,Yes,No,Month-to-month,Yes,Mailed check,79.67,150.94,Yes
1031-YLKSL,Male,0,No,Yes,48,Yes,No,Fiber optic,No,No,No,Yes,Yes,No,Two year,Yes,Credit card (automatic),87.05,4174.00,No
8396-WFHKF,Female,0,Yes,Yes,21,Yes,Yes,DSL,No,Yes,Yes,No,Yes,No,Two year,No,Electronic check,78.93,1652.35,No
8424-TSAXD,Female,0,Yes,No,53,Yes,No,DSL,No,No,Yes,No,No,No,One year,Yes,Bank transfer (automatic),50.98,2713.65,No
2305-SXNJU,Male,0,No,No,20,Yes,Yes,No,No internet service,No internet service,No internet service,No internet service,No internet service,No internet service,Month-to-month,No,Electronic check,31.09,623.22,No
8814-WWJCG,Female,0,No,No,26,Yes,Yes,Fiber optic,No,No,No,No,No,No,One year,Yes,Mailed check,85.73,2247.19,No
6367-CRYLW,Male,0,Yes,No,3,Yes,Yes,Fiber optic,Yes,No,Yes,No,No,Yes,Two year,No,Mailed check,107.61,320.65,No
0998-ERWIM,Female,0,Yes,No,0,Yes,No,Fiber optic,Yes,No,Yes,No,Yes,No,Month-to-month,Yes,Mailed check,94.68, ,Yes
2381-TUOTW,Female,0,No,Yes,3,Yes,No,DSL,No,No,No,No,Yes,No,Two year,No,Credit card (automatic),57.44,173.55,No
5838-QLFGY,Male,0,Yes,No,54,Yes,No,DSL,No,No,No,Yes,No,Yes,Month-to-month,Yes,Credit card (automatic),63.27,3417.51,No
0015-SKVRJ,Female,0,Yes,No,23,Yes,No,Fiber optic,Yes,No,No,No,No,Yes,Month-to-month,Yes,Mailed check,91.21,2109.05,Yes
5651-EJONF,Male,0,Yes,No,28,Yes,Yes,DSL,No,No,No,No,No,No,Month-to-month,Yes,Mailed check,54.8,1546.25,No
7846-DZLUQ,Female,0,No,No,21,Yes,No,Fiber optic,No,Yes,No,No,Yes,Yes,Two year,Yes,Bank transfer (automatic),99.58,2085.06,No
2158-ZSLKP,Male,0,Yes,Yes,22,No,No phone service,DSL,No,Yes,Yes,No,No,Yes,One year,Yes,Mailed check,65.19,1426.69,No
1159-VEIMG,Male,0,No,Yes,7,Yes,No,No,No internet service,No internet service,No internet service,No internet service,No internet service,No internet service,Two year,Yes,Bank transfer (automatic),23.87,164.11,No
6099-RLCEN,Male,0,No,No,57,Yes,Yes,Fiber optic,Yes,No,Yes,No,No,No,Month-to-month,Yes,Mailed check,90.87,5174.24,Yes
3735-YPBMH,Male,0,No,No,58,Yes,Yes,DSL,Yes,No,Yes,No,No,Yes,Two year,Yes,Mailed check,78.84,4556.39,No
4952-OHBPM,Female,0,No,Yes,6,No,No phone service,DSL,Yes,Yes,No,Yes,No,Yes,Month-to-month,Yes,Electronic check,71.44,429.44,No
0071-MUBDY,Male,0,No,No,24,Yes,Yes,Fiber optic,No,No,Yes,No,Yes,Yes,Month-to-month,Yes,Bank transfer (automatic),108.85,2617.51,Yes
1394-ZOZUL,Female,0,No,Yes,44,Yes,No,DSL,No,No,No,No,No,Yes,Month-to-month,No,Credit card (automatic),57.53,2533.86,No
4991-HEVHX,Female,0,Yes,No,25,No,No phone service,Fiber optic,Yes,No,No,No,No,Yes,Month-to-month,Yes,Electronic check,86.32,2156.30,Yes
9679-KWJFE,Female,0,Yes,No,29,Yes,Yes,No,No internet service,No internet service,No internet service,No internet service,No internet service,No internet service,One year,No,Credit card (automatic),32.61,950.10,No
4701-QZGYW,Female,0,Yes,No,65,Yes,Yes,No,No internet service,No internet service,No internet service,No internet service,No internet service,No internet service,One year,No,Credit card (automatic),31.46,2062.35,No
8369-PJGZZ,Male,0,No,No,52,Yes,No,No,No internet service,No internet service,No internet service,No internet service,No internet service,No internet service,Month-to-month,Yes,Bank transfer (automatic),24.29,1266.48,No
1171-AQQVE,Male,0,No,No,72,Yes,Yes,DSL,Yes,Yes,No,Yes,No,Yes,Month-to-month,No,Electronic check,82.04,5902.29,No
6241-PYITR,Female,0,No,No,38,Yes,Yes,Fiber optic,Yes,No,No,No,No,No,Month-to-month,No,Credit card (automatic),84.07,3200.20,Yes
9734-DBNVA,Male,0,No,No,10,Yes,Yes,Fiber optic,Yes,No,No,No,Yes,No,Two year,Yes,Mailed check,97.29,985.10,No
7048-MQJWG,Male,0,Yes,Yes,11,Yes,Yes,Fiber optic,Yes,No,No,Yes,Yes,No,Month-to-month,Yes,Credit card (automatic),102.73,1136.30,No
4384-MAYKU,Female,0,No,No,49,Yes,No,Fiber optic,No,Yes,No,No,No,Yes,One year,Yes,Credit card (automatic),90.67,4453.11,No
8796-VYTOO,Female,0,Yes,No,55,Yes,No,DSL,No,No,No,No,No,No,Month-to-month,Yes,Bank transfer (automatic),46.34,2544.24,No
4065-MPWAM,Female,0,No,No,39,Yes,No,DSL,No,No,Yes,Yes,No,No,Two year,No,Electronic check,60.3,2354.11,No
6671-QPQHG,Male,0,No,Yes,15,No,No phone service,No,No internet service,No internet service,No internet service,No internet service,No internet service,No internet service,One year,Yes,Bank transfer (automatic),18.39,297.95,No
8137-VBPZR,Female,0,No,No,48,Yes,Yes,Fiber optic,Yes,No,No,No,No,Yes,One year,Yes,Bank transfer (automatic),95.02,4565.58,No
6871-SXDVN,Male,0,No,No,31,Yes,Yes,DSL,No,Yes,No,No,No,No,Month-to-month,No,Bank transfer (automatic),60.77,1875.31,No
1057-PUAZR,Female,0,Yes,No,44,Yes,No,Fiber optic,No,No,No,Yes,No,No,One year,No,Bank transfer (automatic),79.78,3505.22,No
2189-BSYKS,Male,0,Yes,No,70,Yes,No,DSL,No,Yes,No,No,No,No,Month-to-month,Yes,Bank transfer (automatic),51.99,3657.46,No
7729-PZCXS,Male,0,No,No,4,Yes,Yes,Fiber optic,Yes,No,Yes,No,No,No,One year,No,Mailed check,91.83,367.10,No
3460-HCGJS,Male,0,No,No,43,Yes,No,DSL,No,Yes,No,Yes,No,No,Month-to-month,No,Bank transfer (automatic),57.02,2459.28,No
8942-CDOPE,Female,0,No,Yes,40,Yes,Yes,Fiber optic,Yes,No,Yes,Yes,Yes,No,Month-to-month,Yes,Electronic check,109.8,4386.95,Yes
4795-UBNEG,Female,0,No,No,66,Yes,No,Fiber optic,Yes,No,No,No,No,No,Month-to-month,Yes,Mailed check,77.22,5087.37,Yes
2605-POAWV,Male,0,Yes,No,21,No,No phone service,No,No internet service,No internet service,No internet service,No internet service,No internet service,No internet service,Month-to-month,No,Bank transfer (automatic),18.25,372.46,No
9084-WLQKK,Female,1,No,No,16,Yes,No,DSL,No,No,Yes,No,No,No,Month-to-month,Yes,Electronic check,53.31,856.87,Yes
7781-VJUVN,Male,1,No,Yes,49,Yes,No,Fiber optic,No,No,No,No,No,No,Month-to-month,Yes,Bank transfer (automatic),69.72,3437.20,Yes
4012-GZYRL,Male,0,No,Yes,30,Yes,Yes,No,No internet service,No internet service,No internet service,No internet service,No internet service,No internet service,One year,Yes,Bank transfer (automatic),34.66,1043.12,No
9003-IDSZX,Male,0,No,Yes,12,Yes,No,DSL,No,Yes,Yes,No,No,Yes,Month-to-month,Yes,Bank transfer (automatic),67.33,813.35,No
8413-ZHBYM,Male,0,Yes,Yes,50,Yes,No,DSL,Yes,Yes,No,No,No,No,Two year,Yes,Credit card (automatic),61.35,3065.60,No
4642-RCNBR,Male,0,Yes,No,32,Yes,Yes,No,No internet service,No internet service,No internet service,No internet service,No internet service,No internet service,Two year,Yes,Credit card (automatic),33.54,1065.49,No
1174-YKMUQ,Male,0,Yes,No,19,Yes,No,Fiber optic,No,No,No,Yes,Yes,Yes,Month-to-month,No,Electronic check,98.63,1867.43,Yes
7299-ORFDD,Male,0,Yes,No,47,Yes,No,No,No internet service,No internet service,No internet service,No internet service,No internet service,No internet service,Month-to-month,Yes,Credit card (automatic),23.15,1077.46,No
8972-IAOOG,Male,0,No,Yes,71,No,No phone service,No,No internet service,No internet service,No internet service,No internet service,No internet service,No internet service,Two year,No,Mailed check,18.25,1292.51,No
6166-OIFZZ,Female,0,No,No,71,Yes,No,DSL,Yes,No,No,Yes,No,No,Month-to-month,Yes,Mailed check,57.61,4083.71,No
8273-PPAWM,Female,1,Yes,No,13,Yes,Yes,DSL,No,No,Yes,No,No,Yes,Month-to-month,Yes,Bank transfer (automatic),72.65,945.70,Yes
2325-JMAMJ,Female,0,Yes,Yes,61,Yes,Yes,Fiber optic,Yes,Yes,No,No,No,No,Month-to-month,No,Electronic check,91.83,5619.09,Yes
6972-YROZZ,Male,1,Yes,Yes,50,Yes,Yes,Fiber optic,Yes,Yes,Yes,Yes,Yes,No,Month-to-month,No,Electronic check,112.99,5662.96,Yes
8451-EVEND,Female,0,No,No,69,Yes,Yes,Fiber optic,No,No,No,Yes,No,No,Month-to-month,No,Bank transfer (automatic),86.59,5973.09,No
7101-MTQYM,Male,0,No,No,20,Yes,No,Fiber optic,No,Yes,No,Yes,No,No,Month-to-month,Yes,Bank transfer (automatic),82.58,1644.19,Yes
0478-YHVVL,Male,0,No,Yes,37,No,No phone service,DSL,Yes,No,Yes,No,No,No,Month-to-month,No,Credit card (automatic),53.23,1974.60,No
8125-HGXUI,Female,0,No,No,14,Yes,No,DSL,No,No,Yes,No,No,Yes,Two year,No,Mailed check,64.2,877.92,No
5915-KDEEQ,Male,0,Yes,Yes,35,Yes,Yes,DSL,No,No,No,No,Yes,No,Two year,No,Bank transfer (automatic),68.4,2397.16,No
9498-OXXCP,Female,0,Yes,No,8,Yes,Yes,DSL,No,Yes,No,No,No,No,One year,Yes,Mailed check,63.36,491.27,No
8896-FIVSF,Female,0,No,Yes,58,Yes,Yes,Fiber optic,Yes,No,No,Yes,No,Yes,Month-to-month,No,Credit card (automatic),105.49,6120.26,No
1167-WUDXY,Female,0,No,No,53,Yes,Yes,DSL,No,Yes,Yes,No,Yes,Yes,One year,Yes,Bank transfer (automatic),89.22,4739.05,No
6033-ZSDYM,Male,0,Yes,Yes,16,Yes,Yes,Fiber optic,No,Yes,Yes,No,No,Yes,Month-to-month,No,Electronic check,101.75,1635.89,Yes
0168-WQGVM,Female,0,Yes,No,3,Yes,Yes,Fiber optic,No,Yes,Yes,No,No,No,Two year,Yes,Mailed check,92.28,289.68,No
0015-LMTTV,Male,1,Yes,No,12,Yes,Yes,Fiber optic,No,No,No,No,No,No,Month-to-month,Yes,Electronic check,79.22,948.37,Yes
8017-HKVVH,Male,1,No,No,42,No,No phone service,DSL,No,No,Yes,Yes,Yes,No,Two year,Yes,Electronic check,65.55,2755.18,No
1105-FFMBW,Male,0,No,No,7,Yes,No,Fiber optic,No,No,No,No,No,Yes,Two year,Yes,Credit card (automatic),82.3,576.38,No
2008-SHOJW,Male,0,Yes,No,19,Yes,No,Fiber optic,No,No,No,Yes,Yes,No,Month-to-month,Yes,Bank transfer (automatic),86.25,1643.75,Yes
1131-ULJLG,Male,0,No,No,70,Yes,No,DSL,No,Yes,No,Yes,No,No,One year,Yes,Credit card (automatic),56.97,3974.66,No
1801-WUQTH,Male,0,Yes,No,60,Yes,Yes,DSL,No,Yes,Yes,Yes,Yes,Yes,Month-to-month,No,Bank transfer (automatic),94.39,5662.57,No
4180-QJMEN,Female,0,No,Yes,43,Yes,No,No,No internet service,No internet service,No internet service,No internet service,No internet service,No internet service,One year,Yes,Electronic check,23.31,1003.50,No
8545-FIIUD,Female,0,Yes,No,50,Yes,No,Fiber optic,No,No,No,No,No,No,Month-to-month,No,Electronic check,70.33,3519.51,Yes
0566-ONAFH,Male,0,No,Yes,57,Yes,Yes,DSL,Yes,No,No,No,No,No,Month-to-month,No,Electronic check,60.08,3416.38,No
2063-ERGQO,Female,1,Yes,No,29,Yes,No,Fiber optic,No,No,Yes,No,Yes,No,Month-to-month,No,Electronic check,90.76,2643.95,Yes
3766-WELJS,Male,0,No,No,9,No,No phone service,Fiber optic,No,No,No,No,No,No,One year,Yes,Electronic check,66.44,597.84,No
9676-VOIFU,Female,1,Yes,No,17,Yes,No,DSL,No,Yes,No,Yes,No,No,Month-to-month,Yes,Electronic check,57.21,976.59,No
5935-TUOFP,Female,0,Yes,Yes,24,No,No phone service,No,No internet service,No internet service,No internet service,No internet service,No internet service,No internet service,Two year,Yes,Credit card (automatic),19.05,445.59,No
0550-GJUHU,Female,0,Yes,No,33,Yes,Yes,Fiber optic,No,Yes,Yes,Yes,No,No,Month-to-month,Yes,Bank transfer (automatic),95.56,3146.22,Yes
9413-TPJZP,Female,0,No,Yes,43,Yes,Yes,Fiber optic,No,Yes,No,No,No,Yes,One year,No,Electronic check,96.53,4148.24,No
7206-IFMMR,Male,1,Yes,No,38,Yes,No,No,No internet service,No internet service,No internet service,No internet service,No internet service,No internet service,Month-to-month,No,Bank transfer (automatic),21.17,820.88,No
1057-AQAJE,Female,0,Yes,Yes,67,Yes,No,DSL,No,No,No,No,No,No,Month-to-month,Yes,Electronic check,50.16,3367.74,No
6300-JCEMU,Female,0,No,Yes,42,Yes,Yes,Fiber optic,No,No,No,No,No,No,Month-to-month,No,Bank transfer (automatic),83.24,3511.89,Yes
8887-KYXNH,Male,1,No,Yes,19,Yes,Yes,Fiber optic,No,No,Yes,No,No,No,Month-to-month,Yes,Credit card (automatic),87.93,1661.22,Yes
7749-CDYWL,Male,0,Yes,Yes,71,Yes,No,Fiber optic,No,Yes,Yes,No,No,No,Two year,Yes,Electronic check,81.39,5798.60,No
8672-HDVQB,Female,0,Yes,No,1,Yes,Yes,Fiber optic,Yes,No,No,No,No,Yes,Two year,Yes,Mailed check,102.97,109.80,Yes
6594-GRJDU,Female,0,No,No,26,Yes,Yes,DSL,Yes,No,No,Yes,No,Yes,One year,Yes,Mailed check,76.51,1999.56,No
7554-ZMNUQ,Male,0,No,No,33,Yes,No,DSL,Yes,No,Yes,Yes,No,No,One year,Yes,Credit card (automatic),60.32,1975.92,No
3815-BIEYL,Female,0,No,No,54,Yes,Yes,Fiber optic,No,Yes,Yes,No,No,No,Two year,Yes,Electronic check,91.94,4950.77,No
9481-KWXSQ,Female,0,Yes,No,35,Yes,No,No,No internet service,No internet service,No internet service,No internet service,No internet service,No internet service,Two year,Yes,Bank transfer (automatic),21.89,759.77,No
1948-UQAMB,Male,0,No,No,71,Yes,Yes,DSL,No,Yes,Yes,No,No,No,Month-to-month,Yes,Bank transfer (automatic),67.59,4803.42,No
0717-EQDLR,Female,0,Yes,Yes,71,Yes,Yes,DSL,No,No,No,Yes,No,No,Month-to-month,Yes,Credit card (automatic),64.73,4603.62,No
5482-EJWYS,Male,1,Yes,No,68,Yes,No,DSL,No,No,No,No,Yes,No,Month-to-month,Yes,Mailed check,61.56,4187.14,No
3012-ZWWQY,Male,0,Yes,No,64,No,No phone service,Fiber optic,No,No,No,No,No,Yes,One year,No,Mailed check,80.97,5172.62,No
2212-VPJTB,Female,1,No,No,43,Yes,No,Fiber optic,Yes,No,No,Yes,No,No,Two year,Yes,Electronic check,78.91,3404.97,No
7097-BITTW,Male,1,No,Yes,42,Yes,Yes,DSL,Yes,Yes,No,No,Yes,Yes,Two year,Yes,Credit card (automatic),88.12,3705.77,No
2923-JSZXI,Female,0,No,No,65,Yes,No,DSL,No,No,No,Yes,Yes,No,Two year,Yes,Credit card (automatic),63.46,4113.40,No
4262-VDWNF,Female,0,Yes,No,20,No,No phone service,Fiber optic,No,No,Yes,No,No,Yes,Two year,No,Mailed check,82.84,1639.77,No
6359-GJXZO,Female,0,No,No,60,No,No phone service,Fiber optic,No,No,Yes,No,No,Yes,Month-to-month,No,Credit card (automatic),83.61,5011.43,Yes
8249-OCURC,Female,0,Yes,No,12,Yes,No,No,No internet service,No internet service,No internet service,No internet service,No internet service,No internet service,Month-to-month,No,Electronic check,25.44,296.53,No
6742-DCCID,Female,0,No,No,27,No,No phone service,Fiber optic,No,Yes,Yes,No,No,No,Month-to-month,No,Credit card (automatic),77.76,2100.17,Yes
5273-HBYRC,Male,0,No,No,29,Yes,Yes,Fiber optic,No,Yes,No,Yes,No,Yes,One year,No,Credit card (automatic),101.27,2940.02,No
2427-NZWMP,Male,0,No,Yes,1,Yes,Yes,No,No internet service,No internet service,No internet service,No internet service,No internet service,No internet service,One year,Yes,Credit card (automatic),33.08,29.13,No
0517-ZMHGH,Male,0,Yes,Yes,57,Yes,No,No,No internet service,No internet service,No internet service,No internet service,No internet service,No internet service,Two year,Yes,Bank transfer (automatic),18.25,1045.14,No
0702-DSBKK,Female,0,No,Yes,20,Yes,Yes,No,No internet service,No internet service,No internet service,No internet service,No internet service,No internet service,Month-to-month,Yes,Mailed check,35.13,702.58,No
2814-SIGZL,Male,0,No,No,45,Yes,No,Fiber optic,No,No,No,No,Yes,Yes,One year,No,Credit card (automatic),92.03,4129.17,No
2114-IBBOX,Female,0,No,No,24,Yes,Yes,Fiber optic,No,No,No,Yes,No,No,Two year,Yes,Bank transfer (automatic),89.79,2150.89,No
2255-VUTIK,Female,0,No,No,56,Yes,No,No,No internet service,No internet service,No internet service,No internet service,No internet service,No internet service,Month-to-month,Yes,Credit card (automatic),23.05,1291.68,No
3077-KPCYW,Male,0,Yes,No,19,Yes,No,DSL,No,Yes,No,No,Yes,Yes,Month-to-month,Yes,Credit card (automatic),72.8,1373.07,No
6429-LESSA,Male,0,No,Yes,5,Yes,Yes,Fiber optic,No,No,No,No,No,Yes,Month-to-month,Yes,Electronic check,94.3,474.38,Yes
3855-FURUP,Male,0,No,No,17,Yes,No,DSL,No,No,No,No,No,No,One year,No,Electronic check,49.56,867.12,No
9291-LNDJY,Female,0,Yes,Yes,48,Yes,Yes,Fiber optic,No,No,No,No,No,No,Month-to-month,Yes,Electronic check,81.67,3935.23,Yes
6982-BYFJD,Female,0,Yes,No,19,Yes,Yes,Fiber optic,No,No,No,Yes,Yes,No,Two year,Yes,Credit card (automatic),97.37,1857.03,No
3995-GZEOH,Male,0,No,No,33,Yes,Yes,DSL,No,No,No,No,No,Yes,Two year,Yes,Bank transfer (automatic),68.05,2260.36,No
9003-HXFUJ,Male,0,Yes,Yes,9,Yes,Yes,DSL,No,No,No,No,No,No,Month-to-month,No,Credit card (automatic),59.3,538.89,No
9144-RHNOZ,Female,0,Yes,Yes,32,Yes,Yes,Fiber optic,No,No,No,No,Yes,Yes,Two year,Yes,Credit card (automatic),102.11,3271.20,No
4400-KAXMZ,Male,1,Yes,No,54,No,No phone service,Fiber optic,No,Yes,Yes,No,Yes,No,Month-to-month,Yes,Credit card (automatic),86.36,4664.12,Yes
1754-VTKST,Female,0,No,No,18,Yes,No,Fiber optic,No,No,Yes,No,Yes,No,One year,Yes,Bank transfer (automatic),92.69,1679.69,No
8770-EVNOI,Female,0,Yes,No,65,Yes,Yes,DSL,No,No,Yes,No,No,No,One year,No,Electronic check,61.71,4018.40,No
9950-ANLGC,Female,0,No,No,46,Yes,Yes,Fiber optic,No,No,No,No,No,Yes,Two year,Yes,Mailed check,92.68,4251.24,No
6407-MYVBI,Female,0,No,No,48,No,No phone service,No,No internet service,No internet service,No internet service,No internet service,No internet service,No internet service,Month-to-month,Yes,Electronic check,19.66,937.05,No
1593-PFTCK,Female,0,No,No,66,Yes,Yes,No,No internet service,No internet service,No internet service,No internet service,No internet service,No internet service,One year,No,Bank transfer (automatic),33.07,2201.53,No
7407-SDICE,Male,0,No,No,29,Yes,No,DSL,Yes,No,No,No,No,Yes,One year,Yes,Electronic check,60.38,1750.08,No
7527-MEFCH,Male,0,Yes,No,58,No,No phone service,No,No internet service,No internet service,No internet service,No internet service,No internet service,No internet service,Two year,No,Credit card (automatic),20.82,1210.39,No
3840-YHUSN,Male,0,Yes,No,30,No,No phone service,Fiber optic,No,No,No,No,Yes,Yes,Month-to-month,Yes,Mailed check,89.45,2677.25,Yes
8672-VOTSD,Female,0,Yes,No,20,Yes,No,Fiber optic,No,No,No,No,No,No,Two year,No,Mailed check,76.11,1534.32,No
1474-BGXKL,Male,0,No,No,16,Yes,Yes,DSL,No,No,No,No,No,No,Month-to-month,Yes,Mailed check,55.32,890.10,No
3279-RWZXE,Male,0,No,No,52,Yes,No,Fiber optic,No,Yes,Yes,Yes,No,No,Month-to-month,Yes,Mailed check,86.91,4519.01,No
6874-TSOVT,Male,0,Yes,No,50,Yes,Yes,DSL,Yes,Yes,No,Yes,No,Yes,Month-to-month,No,Credit card (automatic),85.43,4276.93,No
3694-QUPVQ,Female,0,Yes,No,23,Yes,No,Fiber optic,Yes,Yes,Yes,Yes,Yes,No,Month-to-month,No,Mailed check,99.54,2287.11,No
2566-WIBSW,Male,0,Yes,No,39,Yes,Yes,Fiber optic,No,No,No,Yes,No,No,One year,No,Bank transfer (automatic),86.05,3351.94,No
5096-PBDWT,Male,0,No,No,46,Yes,No,Fiber optic,Yes,No,No,Yes,No,No,One year,No,Bank transfer (automatic),87.08,3993.60,No
5842-VTYBJ,Female,0,Yes,No,19,Yes,No,DSL,Yes,No,No,Yes,No,No,Month-to-month,Yes,Credit card (automatic),58.31,1113.25,No
4896-OEHRT,Male,0,Yes,No,15,Yes,Yes,Fiber optic,Yes,No,Yes,Yes,Yes,No,Month-to-month,No,Electronic check,107.99,1631.98,Yes
5673-YGBOI,Male,0,Yes,Yes,57,Yes,Yes,Fiber optic,No,Yes,No,No,No,No,Month-to-month,Yes,Electronic check,86.43,4930.64,Yes
6428-WSESC,Female,0,Yes,Yes,48,Yes,Yes,No,No internet service,No internet service,No internet service,No internet service,No internet service,No internet service,Month-to-month,Yes,Electronic check,35.69,1707.01,No
6843-TSMOX,Male,0,No,Yes,41,Yes,Yes,Fiber optic,Yes,Yes,No,No,No,Yes,One year,Yes,Electronic check,104.68,4292.40,No
9021-PLPKK,Female,0,Yes,Yes,11,Yes,No,DSL,No,No,No,No,No,Yes,One year,Yes,Bank transfer (automatic),58.25,658.49,No
6502-KDJWS,Male,0,Yes,Yes,40,Yes,No,Fiber optic,Yes,No,Yes,Yes,No,No,Month-to-month,No,Credit card (automatic),91.15,3652.43,No
3638-VBAHS,Female,1,No,Yes,57,Yes,Yes,Fiber optic,Yes,Yes,No,No,No,No,Two year,Yes,Bank transfer (automatic),90.1,5117.32,No
6328-VVFOM,Female,0,Yes,Yes,59,Yes,No,No,No internet service,No internet service,No internet service,No internet service,No internet service,No internet service,One year,No,Mailed check,23.63,1389.65,No
2531-CNDPK,Female,0,No,No,23,Yes,Yes,Fiber optic,No,No,No,Yes,No,Yes,Two year,Yes,Electronic check,96.6,2203.98,No
0648-FXIFW,Female,0,Yes,No,12,No,No phone service,No,No internet service,No internet service,No internet service,No internet service,No internet service,No internet service,Month-to-month,Yes,Mailed check,22.63,285.88,No
5514-FJETL,Male,0,Yes,No,33,Yes,Yes,DSL,Yes,No,No,No,No,Yes,One year,Yes,Credit card (automatic),73.37,2421.18,No
5577-ZQRKA,Female,0,Yes,No,60,No,No phone service,No,No internet service,No internet service,No internet service,No internet service,No internet service,No internet service,Month-to-month,Yes,Electronic check,18.25,1101.96,No
9672-SPWHF,Female,0,Yes,No,26,Yes,Yes,Fiber optic,Yes,Yes,Yes,No,No,Yes,Month-to-month,No,Credit card (automatic),107.43,2795.91,Yes
7164-FNGIG,Male,0,No,No,66,No,No phone service,Fiber optic,No,Yes,No,Yes,Yes,Yes,Month-to-month,No,Electronic check,95.81,6317.20,Yes
0437-GTMKS,Male,0,Yes,Yes,13,No,No phone service,DSL,No,No,Yes,No,No,No,Month-to-month,No,Electronic check,49.24,654.74,Yes
5724-JAZLZ,Male,0,Yes,Yes,40,Yes,Yes,DSL,Yes,No,Yes,Yes,No,No,Month-to-month,Yes,Electronic check,74.16,2955.44,No
7671-GNTRY,Female,0,Yes,Yes,56,Yes,No,Fiber optic,No,Yes,No,Yes,No,No,Two year,No,Electronic check,81.28,4535.23,No
4639-KKTSA,Male,0,Yes,No,29,Yes,Yes,No,No internet service,No internet service,No internet service,No internet service,No internet service,No internet service,Two year,Yes,Electronic check,32.43,949.22,No
1804-BDGUQ,Female,0,Yes,Yes,44,Yes,Yes,DSL,Yes,Yes,No,No,No,No,Month-to-month,No,Credit card (automatic),66.23,2923.62,No
2980-ZTUPZ,Male,1,Yes,Yes,0,Yes,Yes,DSL,No,Yes,No,Yes,No,No,Month-to-month,No,Electronic check,68.47, ,Yes
2205-LTXFC,Male,0,No,No,51,Yes,Yes,No,No internet service,No internet service,No internet service,No internet service,No internet service,No internet service,Two year,No,Electronic check,31.45,1606.37,No
6287-OSMNK,Male,0,Yes,No,19,Yes,No,DSL,No,No,No,Yes,No,Yes,One year,No,Credit card (automatic),62.68,1200.31,No
1232-YMPMJ,Female,0,No,No,22,Yes,No,Fiber optic,No,No,Yes,Yes,No,No,Month-to-month,Yes,Electronic check,83.68,1831.57,Yes
1760-VFOIJ,Female,0,Yes,No,5,Yes,Yes,Fiber optic,Yes,Yes,Yes,Yes,Yes,No,Month-to-month,Yes,Electronic check,113.21,558.80,Yes
7664-RPOJU,Female,0,Yes,No,32,Yes,No,Fiber optic,No,Yes,Yes,Yes,No,No,Month-to-month,Yes,Electronic check,87.3,2790.13,Yes
0951-LAOMA,Female,0,No,No,7,Yes,No,DSL,No,Yes,Yes,No,No,No,Month-to-month,No,Bank transfer (automatic),58.72,396.64,No
0344-QMLFS,Female,0,No,No,62,Yes,No,Fiber optic,Yes,No,No,No,Yes,No,One year,Yes,Bank transfer (automatic),83.89,5215.42,No
3433-ZMARB,Female,0,Yes,Yes,3,Yes,No,DSL,No,No,No,No,No,No,Month-to-month,No,Bank transfer (automatic),47.57,142.60,Yes
1909-XANHA,Female,0,Yes,No,12,Yes,No,DSL,Yes,No,No,No,No,Yes,Month-to-month,Yes,Mailed check,61.57,728.43,No
9287-BDXLI,Female,0,Yes,No,34,Yes,No,DSL,No,Yes,Yes,Yes,No,No,Month-to-month,No,Credit card (automatic),62.14,2097.02,No
6070-POIHT,Female,0,Yes,Yes,33,Yes,Yes,Fiber optic,Yes,Yes,No,Yes,No,No,One year,No,Bank transfer (automatic),99.54,3278.82,No
9335-BDTXR,Female,0,No,No,55,Yes,No,DSL,No,No,No,Yes,Yes,Yes,Two year,Yes,Electronic check,75.5,4155.23,No
7918-IPVZL,Female,0,No,No,10,Yes,Yes,DSL,No,No,Yes,Yes,No,Yes,Month-to-month,Yes,Credit card (automatic),79.63,786.88,No
4677-SSEUR,Female,0,No,Yes,37,No,No phone service,Fiber optic,Yes,Yes,No,No,No,No,Month-to-month,No,Mailed check,79.95,2960.48,Yes
4066-QCXMK,Male,0,Yes,No,44,Yes,No,DSL,No,Yes,Yes,Yes,Yes,Yes,Two year,No,Credit card (automatic),81.4,3578.79,No
8255-VUFFZ,Male,0,No,No,57,Yes,Yes,Fiber optic,No,Yes,No,No,No,Yes,One year,Yes,Electronic check,93.88,5357.56,No
5752-GFKYD,Male,0,Yes,Yes,33,Yes,No,DSL,No,No,Yes,No,No,Yes,Month-to-month,Yes,Bank transfer (automatic),63.65,2086.37,No
0587-BPSHL,Male,0,No,No,71,Yes,No,Fiber optic,No,Yes,No,No,No,No,Month-to-month,Yes,Bank transfer (automatic),76.53,5417.46,Yes
8790-SXQWD,Female,0,Yes,No,23,Yes,Yes,No,No internet service,No internet service,No internet service,No internet service,No internet service,No internet service,Two year,Yes,Bank transfer (automatic),31.3,729.21,No
6375-ZZPXA,Male,0,No,Yes,62,Yes,No,Fiber optic,No,Yes,No,Yes,No,Yes,Month-to-month,Yes,Bank transfer (automatic),91.3,5653.57,Yes
8858-FFTCC,Male,0,Yes,Yes,38,No,No phone service,Fiber optic,Yes,Yes,No,Yes,No,No,Two year,Yes,Electronic check,80.23,3072.63,No
1386-CXMNI,Female,0,No,Yes,20,Yes,No,Fiber optic,No,No,No,No,No,No,Month-to-month,Yes,Credit card (automatic),74.18,1472.01,Yes
0088-GCDGY,Female,0,No,Yes,35,Yes,No,Fiber optic,Yes,No,Yes,Yes,No,No,Month-to-month,Yes,Electronic check,89.62,3148.86,Yes
7705-VEKQC,Male,0,No,No,47,Yes,No,Fiber optic,No,No,No,No,No,No,Two year,Yes,Mailed check,69.91,3300.57,No
3964-RSAVM,Male,1,Yes,No,12,No,No phone service,Fiber optic,Yes,Yes,No,Yes,No,No,Month-to-month,Yes,Electronic check,85.1,1015.30,Yes
7313-ZDESI,Female,1,No,No,1,Yes,No,DSL,No,No,No,No,No,Yes,Two year,Yes,Bank transfer (automatic),57.31,63.38,No
6869-TUMWF,Male,0,Yes,Yes,26,Yes,No,Fiber optic,No,Yes,Yes,Yes,No,Yes,One year,No,Bank transfer (automatic),99.47,2584.40,No
8279-KDYAU,Female,0,Yes,Yes,6,Yes,Yes,DSL,No,Yes,No,No,No,No,Two year,No,Credit card (automatic),60.78,374.73,No
3450-HOLSW,Male,1,No,Yes,18,Yes,No,No,No internet service,No internet service,No internet service,No internet service,No internet service,No internet service,Month-to-month,No,Electronic check,26.4,469.02,No
6867-DJTJH,Female,0,No,No,39,Yes,No,Fiber optic,Yes,Yes,No,No,Yes,Yes,Month-to-month,Yes,Bank transfer (automatic),101.21,3951.42,Yes
3392-CDLRS,Female,1,No,No,20,Yes,No,Fiber optic,No,No,No,No,No,No,One year,No,Mailed check,72.21,1438.21,No
1521-IHEIE,Male,0,Yes,Yes,57,Yes,Yes,Fiber optic,Yes,No,Yes,No,Yes,No,Month-to-month,No,Electronic check,102.37,5856.61,Yes
4329-IDGEG,Male,1,No,No,25,Yes,No,Fiber optic,Yes,Yes,Yes,No,Yes,No,Two year,Yes,Electronic check,97.43,2445.29,No
7795-EOPBO,Male,0,No,No,35,Yes,No,DSL,No,Yes,No,No,Yes,Yes,Month-to-month,No,Electronic check,74.01,2588.86,Yes
7475-XMQOY,Female,0,Yes,Yes,43,Yes,No,DSL,Yes,No,No,Yes,No,Yes,Two year,Yes,Mailed check,64.06,2767.16,No
8246-HGSOG,Male,0,No,Yes,63,Yes,Yes,Fiber optic,No,No,No,No,No,No,One year,No,Electronic check,81.83,5149.99,No
0481-SYCXV,Female,0,No,No,26,No,No phone service,Fiber optic,No,Yes,No,Yes,No,No,Month-to-month,Yes,Bank transfer (automatic),79.55,2071.01,No
6496-ZKZCU,Female,0,No,No,7,Yes,Yes,Fiber optic,No,No,Yes,Yes,No,Yes,Two year,Yes,Electronic check,101.96,713.84,No
5837-XZVLH,Male,0,Yes,No,0,Yes,No,DSL,Yes,No,Yes,Yes,No,Yes,Two year,Yes,Bank transfer (automatic),69.66, ,Yes
4035-OYMDV,Male,0,No,Yes,22,No,No phone service,DSL,No,No,No,Yes,No,Yes,Month-to-month,Yes,Mailed check,56.22,1241.69,No
9489-NVCRC,Female,0,Yes,No,72,Yes,No,Fiber optic,No,No,No,No,Yes,No,Month-to-month,Yes,Bank transfer (automatic),85.45,6156.32,Yes
5977-UQAGR,Male,0,Yes,No,30,Yes,No,Fiber optic,No,No,Yes,Yes,No,No,One year,Yes,Mailed check,83.1,2483.83,No
3947-ZYMQY,Female,0,No,Yes,6,No,No phone service,Fiber optic,Yes,No,Yes,No,Yes,Yes,One year,Yes,Credit card (automatic),97.9,598.20,No
4394-YHJML,Female,0,Yes,No,8,Yes,No,DSL,No,No,No,No,No,Yes,One year,Yes,Electronic check,55.59,437.01,No
4940-ICQUJ,Male,0,No,No,70,Yes,Yes,No,No internet service,No internet service,No internet service,No internet service,No internet service,No internet service,Month-to-month,No,Mailed check,34.81,2443.38,No
2563-DRRGK,Female,0,Yes,No,52,Yes,Yes,DSL,No,No,No,No,No,Yes,Two year,Yes,Bank transfer (automatic),68.89,3592.61,No
4416-BEESB,Female,1,No,No,15,Yes,Yes,DSL,No,No,No,Yes,Yes,No,Month-to-month,No,Electronic check,72.3,1100.58,No
2453-GBVNY,Male,0,No,No,23,Yes,Yes,Fiber optic,No,No,No,No,No,No,Month-to-month,Yes,Electronic check,84.72,1962.71,Yes
9438-VLDQP,Female,0,No,No,45,Yes,No,Fiber optic,No,Yes,No,No,No,Yes,One year,No,Credit card (automatic),85.77,3847.19,No
8925-AFCSG,Female,0,No,Yes,28,Yes,No,Fiber optic,No,No,No,No,No,No,One year,No,Electronic check,74.53,2101.52,No
8508-MUBCK,Female,0,No,No,29,Yes,No,DSL,No,Yes,No,No,Yes,Yes,Month-to-month,No,Electronic check,72.0,2092.46,Yes
4127-MVLRR,Male,0,No,No,50,Yes,No,No,No internet service,No internet service,No internet service,No internet service,No internet service,No internet service,Month-to-month,No,Bank transfer (automatic),22.71,1125.49,No
0655-USXSU,Male,0,Yes,No,30,Yes,Yes,Fiber optic,No,No,No,Yes,No,Yes,Month-to-month,No,Mailed check,95.54,2853.89,Yes
7245-QPBWI,Female,1,No,No,29,Yes,Yes,Fiber optic,Yes,No,No,No,Yes,No,Month-to-month,Yes,Electronic check,97.38,2803.49,Yes
9343-KSJRC,Male,0,Yes,No,33,Yes,No,Fiber optic,Yes,No,No,No,Yes,Yes,Month-to-month,Yes,Bank transfer (automatic),95.53,3131.02,Yes
1704-QUNCY,Male,0,Yes,No,18,Yes,Yes,DSL,No,No,No,No,No,Yes,Two year,Yes,Credit card (automatic),66.67,1188.79,No
0907-SGZEB,Male,0,Yes,No,27,Yes,No,Fiber optic,No,Yes,No,No,No,No,Month-to-month,Yes,Mailed check,75.9,2028.63,Yes
6625-EAARW,Male,1,Yes,No,5,Yes,No,No,No internet service,No internet service,No internet service,No internet service,No internet service,No internet service,One year,Yes,Bank transfer (automatic),25.25,125.77,No
2829-TKHTW,Female,1,Yes,No,16,Yes,Yes,No,No internet service,No internet service,No internet service,No internet service,No internet service,No internet service,One year,Yes,Credit card (automatic),32.94,519.82,No
4573-MFZBY,Male,0,Yes,Yes,35,Yes,No,Fiber optic,No,Yes,No,No,No,Yes,Month-to-month,Yes,Mailed check,88.4,3101.40,Yes
8995-VJWDP,Male,0,Yes,No,0,Yes,No,DSL,Yes,Yes,No,No,No,No,Two year,No,Mailed check,57.91, ,Yes
6906-LMANH,Female,0,Yes,No,15,No,No phone service,DSL,Yes,No,Yes,No,Yes,No,Month-to-month,No,Bank transfer (automatic),63.24,963.43,No
9500-PLTWE,Female,0,Yes,No,67,Yes,No,Fiber optic,No,No,No,Yes,No,No,Month-to-month,Yes,Credit card (automatic),77.14,5165.68,No
4713-TKHVZ,Male,0,Yes,No,46,Yes,Yes,Fiber optic,No,Yes,Yes,No,No,No,Two year,Yes,Credit card (automatic),96.04,4401.10,No
8983-JGSVA,Female,0,Yes,No,22,Yes,No,Fiber optic,No,No,No,No,No,Yes,Two year,Yes,Credit card (automatic),80.38,1760.34,No
4546-TUTNP,Male,0,Yes,Yes,66,Yes,Yes,No,No internet service,No internet service,No internet service,No internet service,No internet service,No internet service,Month-to-month,No,Bank transfer (automatic),33.37,2199.55,No
8103-NNOLM,Female,1,Yes,No,61,Yes,No,DSL,Yes,No,Yes,No,No,No,One year,No,Mailed check,58.8,3605.68,No
5973-ANISF,Female,0,Yes,No,14,Yes,No,No,No internet service,No internet service,No internet service,No internet service,No internet service,No internet service,One year,Yes,Credit card (automatic),21.81,286.82,No
9746-KNKZN,Male,1,No,Yes,66,Yes,No,DSL,No,No,Yes,No,Yes,Yes,Month-to-month,Yes,Mailed check,74.46,4923.18,No
8071-QDVNH,Male,0,Yes,No,42,Yes,Yes,DSL,No,No,No,No,No,Yes,Month-to-month,Yes,Bank transfer (automatic),67.31,2841.41,No
0091-YLDWS,Male,0,No,No,7,No,No phone service,DSL,No,Yes,Yes,No,Yes,No,Month-to-month,No,Electronic check,59.39,427.36,Yes
0083-MKSUQ,Female,0,Yes,No,43,No,No phone service,Fiber optic,No,No,No,No,No,Yes,One year,Yes,Bank transfer (automatic),77.92,3337.71,No
2358-STUXI,Male,1,Yes,No,25,Yes,Yes,Fiber optic,No,Yes,Yes,No,Yes,No,Month-to-month,Yes,Bank transfer (automatic),102.12,2550.64,Yes
2268-AQNLB,Female,0,Yes,No,66,Yes,No,Fiber optic,Yes,No,No,Yes,No,No,One year,No,Mailed check,81.6,5376.32,No
5274-CNXXR,Female,0,Yes,No,31,Yes,Yes,DSL,No,No,No,No,No,No,Month-to-month,No,Mailed check,60.78,1871.87,No
4261-IRBVS,Female,0,Yes,No,63,No,No phone service,Fiber optic,Yes,No,No,Yes,No,No,Month-to-month,No,Electronic check,75.47,4762.22,No
2914-KUWXX,Male,1,No,Yes,42,No,No phone service,Fiber optic,No,No,Yes,No,No,Yes,Month-to-month,No,Credit card (automatic),84.42,3545.23,Yes
2543-ZFTNX,Female,1,No,Yes,61,Yes,Yes,Fiber optic,Yes,Yes,No,No,No,No,One year,Yes,Credit card (automatic),96.87,5906.86,No
8003-VHLPA,Male,0,Yes,No,10,No,No phone service,No,No internet service,No internet service,No internet service,No internet service,No internet service,No internet service,Month-to-month,Yes,Bank transfer (automatic),23.08,216.99,No
2391-ICTTA,Female,0,Yes,No,8,Yes,No,DSL,No,No,No,No,Yes,Yes,Two year,Yes,Electronic check,72.16,566.35,No
4410-UEGKZ,Female,0,Yes,No,47,Yes,No,No,No internet service,No internet service,No internet service,No internet service,No internet service,No internet service,Month-to-month,Yes,Electronic check,22.2,1034.45,No
9174-EPYBJ,Female,0,Yes,No,5,Yes,No,Fiber optic,No,No,Yes,Yes,No,Yes,Month-to-month,No,Credit card (automatic),93.29,463.05,Yes
1404-UXFVP,Female,0,No,No,53,Yes,Yes,Fiber optic,Yes,No,No,Yes,No,No,Month-to-month,No,Mailed check,91.58,4874.83,No
4470-IVYBS,Female,0,No,Yes,61,No,No phone service,DSL,No,No,No,Yes,No,No,Month-to-month,No,Credit card (automatic),50.41,3059.82,No
0410-IYFKH,Male,0,Yes,Yes,53,Yes,No,Fiber optic,No,No,No,Yes,Yes,Yes,One year,Yes,Bank transfer (automatic),101.44,5392.04,No
8413-CJGJZ,Female,0,No,No,55,Yes,Yes,No,No internet service,No internet service,No internet service,No internet service,No internet service,No internet service,Month-to-month,No,Credit card (automatic),31.34,1729.01,No
9741-LIAUL,Male,0,No,No,29,Yes,No,DSL,Yes,No,No,No,No,Yes,One year,No,Bank transfer (automatic),65.58,1893.47,No
2770-TJOXY,Male,0,No,Yes,2,Yes,No,DSL,No,Yes,Yes,Yes,Yes,Yes,One year,No,Electronic check,84.9,179.33,No
8187-NKMPN,Male,0,Yes,No,60,Yes,Yes,Fiber optic,No,No,Yes,No,No,No,One year,Yes,Mailed check,90.42,5403.84,No
8824-OKSFJ,Female,1,Yes,Yes,14,Yes,Yes,DSL,Yes,No,No,No,No,Yes,Two year,Yes,Credit card (automatic),72.91,1003.51,No
4126-JJLUC,Male,0,No,No,2,No,No phone service,DSL,Yes,No,No,No,No,No,Month-to-month,No,Credit card (automatic),45.51,78.91,No
3576-LCRSE,Female,0,No,No,14,Yes,Yes,Fiber optic,No,Yes,No,No,No,Yes,One year,Yes,Bank transfer (automatic),97.89,1370.88,No
6751-KBJKE,Female,1,No,No,66,Yes,No,DSL,Yes,Yes,No,Yes,No,No,Month-to-month,Yes,Bank transfer (automatic),65.7,4339.42,No
4008-NOGHP,Male,0,No,No,28,Yes,No,Fiber optic,Yes,No,No,Yes,No,Yes,One year,Yes,Bank transfer (automatic),94.03,2630.90,No
4222-QKCBX,Female,0,Yes,No,30,Yes,No,DSL,No,Yes,No,No,Yes,Yes,Month-to-month,No,Mailed check,73.02,2193.02,No
9954-QBRWO,Female,1,No,Yes,70,Yes,No,No,No internet service,No internet service,No internet service,No internet service,No internet service,No internet service,Month-to-month,Yes,Credit card (automatic),24.61,1712.75,No
6573-YXSSL,Female,0,Yes,No,70,Yes,Yes,Fiber optic,No,No,No,Yes,No,Yes,Month-to-month,Yes,Bank transfer (automatic),96.03,6751.58,Yes
8849-NACKU,Female,0,Yes,No,54,No,No phone service,No,No internet service,No internet service,No internet service,No internet service,No internet service,No internet service,One year,Yes,Bank transfer (automatic),18.65,1005.10,No
3305-JDQZV,Female,1,No,No,42,Yes,No,No,No internet service,No internet service,No internet service,No internet service,No internet service,No internet service,Two year,Yes,Mailed check,23.19,949.46,No
4410-PGUCN,Male,0,Yes,No,24,Yes,Yes,No,No internet service,No internet service,No internet service,No internet service,No internet service,No internet service,Month-to-month,No,Mailed check,31.13,754.57,No
5255-YXAGK,Male,0,No,No,54,Yes,No,DSL,No,Yes,Yes,No,No,No,Month-to-month,No,Mailed check,58.33,3143.26,No
8185-CXWHH,Female,0,Yes,No,49,Yes,Yes,Fiber optic,No,No,Yes,No,No,No,Month-to-month,No,Credit card (automatic),86.46,4227.25,Yes
6099-ZHUBR,Female,0,Yes,No,37,Yes,No,Fiber optic,Yes,No,No,No,No,Yes,One year,No,Credit card (automatic),84.89,3143.55,No
1842-VIYYJ,Male,1,Yes,Yes,59,Yes,Yes,Fiber optic,No,No,Yes,No,No,No,Month-to-month,No,Electronic check,90.12,5323.99,Yes
3409-VBWDO,Male,0,No,Yes,51,Yes,No,DSL,Yes,Yes,No,No,No,Yes,Two year,No,Mailed check,66.34,3383.09,No
3805-BFGSD,Male,0,Yes,Yes,69,Yes,No,DSL,Yes,No,No,Yes,Yes,No,Two year,Yes,Electronic check,67.78,4683.30,No
1684-KEYXA,Female,0,Yes,Yes,44,Yes,No,DSL,Yes,Yes,No,Yes,No,No,Two year,Yes,Electronic check,65.6,2880.45,No
1625-QXBAB,Male,0,No,Yes,18,No,No phone service,Fiber optic,No,No,No,No,Yes,Yes,One year,No,Electronic check,84.51,1535.31,No
7948-SXTGZ,Male,0,Yes,Yes,4,Yes,Yes,Fiber optic,Yes,Yes,No,No,No,No,One year,Yes,Electronic check,96.18,389.55,No
9722-QHRGG,Male,0,Yes,No,41,Yes,No,Fiber optic,Yes,No,No,No,No,No,One year,No,Bank transfer (automatic),75.94,3101.13,No
6369-PONPX,Female,1,No,No,29,Yes,No,No,No internet service,No internet service,No internet service,No internet service,No internet service,No internet service,One year,Yes,Bank transfer (automatic),21.93,643.00,No
8654-JOZWJ,Male,1,Yes,No,64,Yes,Yes,DSL,No,Yes,Yes,No,Yes,Yes,Month-to-month,Yes,Credit card (automatic),89.66,5737.98,No
1475-FAPRC,Female,0,No,Yes,4,Yes,Yes,DSL,No,No,Yes,No,No,No,Two year,Yes,Credit card (automatic),62.41,240.58,No
6954-YJWIK,Female,0,Yes,No,37,No,No phone service,No,No internet service,No internet service,No internet service,No internet service,No internet service,No internet service,One year,Yes,Electronic check,18.25,661.61,No
2781-DBMWN,Female,0,Yes,No,10,Yes,Yes,No,No internet service,No internet service,No internet service,No internet service,No internet service,No internet service,Month-to-month,No,Mailed check,35.71,339.34,No
3575-TFAOF,Female,1,Yes,Yes,28,No,No phone service,DSL,No,No,No,Yes,No,No,Month-to-month,No,Electronic check,49.02,1387.14,No
9738-VFTXU,Female,0,Yes,Yes,13,Yes,Yes,DSL,No,No,No,Yes,Yes,No,Month-to-month,No,Mailed check,73.9,965.02,No
0675-GLWDN,Male,0,No,Yes,9,Yes,No,No,No internet service,No internet service,No internet service,No internet service,No internet service,No internet service,Month-to-month,Yes,Bank transfer (automatic),22.87,204.04,No
3012-UJYEM,Female,1,No,Yes,38,Yes,Yes,DSL,No,Yes,No,No,Yes,No,Month-to-month,Yes,Bank transfer (automatic),73.19,2798.87,No
5637-PKVAV,Female,0,Yes,No,59,Yes,No,DSL,Yes,No,No,Yes,No,No,Month-to-month,No,Bank transfer (automatic),54.93,3265.46,No
1339-PJEZR,Male,0,Yes,No,22,Yes,No,DSL,Yes,No,No,No,No,No,Month-to-month,No,Electronic check,52.9,1173.25,No
5285-SSEFD,Male,0,Yes,No,21,Yes,Yes,DSL,No,No,No,No,Yes,No,Month-to-month,No,Mailed check,70.67,1488.86,No
4293-XHATB,Female,1,No,Yes,22,Yes,No,No,No internet service,No internet service,No internet service,No internet service,No internet service,No internet service,Month-to-month,No,Bank transfer (automatic),20.25,448.74,No
3404-GEWMY,Male,0,No,No,21,Yes,No,Fiber optic,No,No,No,No,No,Yes,Month-to-month,Yes,Electronic check,84.46,1784.89,Yes
7099-BFUAR,Male,1,Yes,Yes,61,Yes,Yes,DSL,Yes,No,No,No,No,No,Two year,Yes,Electronic check,63.16,3853.59,No
2946-PVCFD,Female,1,Yes,No,18,Yes,No,No,No internet service,No internet service,No internet service,No internet service,No internet service,No internet service,Two year,Yes,Bank transfer (automatic),21.09,359.44,No
2370-SZHNZ,Female,0,No,Yes,21,Yes,No,Fiber optic,No,No,No,Yes,No,Yes,Month-to-month,Yes,Mailed check,83.83,1756.38,Yes
8289-OZDDM,Male,0,No,No,0,Yes,Yes,Fiber optic,No,No,No,No,No,No,One year,No,Electronic check,84.89, ,Yes
6592-HLNEB,Male,0,Yes,No,33,Yes,No,No,No internet service,No internet service,No internet service,No internet service,No internet service,No internet service,Two year,No,Bank transfer (automatic),24.97,819.72,No
9269-IQFIW,Female,0,Yes,No,25,Yes,Yes,Fiber optic,Yes,No,No,No,No,No,One year,Yes,Mailed check,84.69,2110.73,No
2619-BQCAH,Male,0,No,No,3,Yes,No,No,No internet service,No internet service,No internet service,No internet service,No internet service,No internet service,Month-to-month,No,Credit card (automatic),22.33,72.74,No
7301-RRIGI,Male,0,No,Yes,47,Yes,No,Fiber optic,No,No,No,Yes,No,No,Month-to-month,No,Electronic check,79.38,3705.37,Yes
9914-QBTJA,Female,1,Yes,No,44,Yes,No,Fiber optic,No,No,No,Yes,Yes,Yes,One year,No,Credit card (automatic),101.03,4424.70,No
7508-QKOTP,Female,1,Yes,Yes,11,Yes,No,DSL,No,Yes,No,Yes,No,Yes,Month-to-month,No,Credit card (automatic),70.73,779.67,No
4818-PQTWD,Female,0,No,No,36,Yes,No,No,No internet service,No internet service,No internet service,No internet service,No internet service,No internet service,One year,No,Bank transfer (automatic),22.59,814.49,No
7654-JCXTX,Male,0,No,Yes,2,Yes,No,Fiber optic,No,Yes,Yes,No,No,Yes,Month-to-month,No,Electronic check,93.72,188.22,Yes
0115-UZJGB,Male,0,No,No,27,Yes,Yes,Fiber optic,Yes,Yes,No,Yes,Yes,No,Month-to-month,Yes,Bank transfer (automatic),108.19,2916.59,No
8101-KSVGV,Female,0,Yes,No,1,Yes,Yes,DSL,No,No,No,Yes,Yes,No,Month-to-month,Yes,Electronic check,73.37,76.66,Yes
0871-QPWPC,Male,0,No,No,55,No,No phone service,Fiber optic,No,No,Yes,Yes,No,Yes,One year,Yes,Bank transfer (automatic),90.52,4974.62,No
2981-METNA,Male,0,No,No,64,Yes,No,Fiber optic,No,No,Yes,No,No,No,Two year,Yes,Bank transfer (automatic),78.66,5041.63,No
5506-VNNTG,Female,0,Yes,Yes,45,Yes,No,Fiber optic,No,Yes,Yes,No,Yes,No,One year,No,Electronic check,97.39,4352.90,No
2955-MJVSJ,Male,0,Yes,No,43,Yes,Yes,DSL,Yes,No,No,No,No,No,One year,Yes,Credit card (automatic),66.94,2878.27,No
4056-EUVGT,Female,1,Yes,No,17,No,No phone service,No,No internet service,No internet service,No internet service,No internet service,No internet service,No internet service,Month-to-month,No,Electronic check,18.25,311.77,No
6460-ZLBRO,Female,0,No,No,72,Yes,No,Fiber optic,No,No,No,Yes,No,No,Month-to-month,Yes,Bank transfer (automatic),76.49,5490.72,No
6865-CUJBY,Male,1,No,No,36,Yes,Yes,Fiber optic,Yes,No,Yes,No,No,No,Two year,Yes,Bank transfer (automatic),91.1,3257.52,No
5886-EDAOI,Male,0,No,Yes,53,Yes,Yes,DSL,No,Yes,No,Yes,Yes,No,Two year,Yes,Electronic check,78.81,4176.20,No
5165-MDVPK,Male,0,Yes,No,24,Yes,Yes,DSL,No,No,No,No,No,Yes,Two year,No,Credit card (automatic),65.31,1555.06,No
5402-GRJJQ,Female,0,Yes,No,61,Yes,Yes,Fiber optic,No,Yes,No,Yes,No,Yes,One year,Yes,Mailed check,101.87,6205.30,No
7659-UVALY,Female,0,Yes,No,24,Yes,No,DSL,Yes,No,No,No,Yes,No,One year,Yes,Credit card (automatic),61.72,1487.10,No
0323-QZDDC,Male,0,Yes,Yes,51,Yes,No,No,No internet service,No internet service,No internet service,No internet service,No internet service,No internet service,Two year,No,Mailed check,27.98,1430.48,No
7681-ZSVRP,Female,0,Yes,Yes,62,No,No phone service,Fiber optic,No,Yes,No,Yes,Yes,Yes,Month-to-month,Yes,Credit card (automatic),96.9,6016.78,Yes
1911-UAWPQ,Male,0,Yes,No,14,Yes,Yes,DSL,No,Yes,Yes,Yes,Yes,No,Two year,No,Mailed check,79.2,1132.09,No
0462-WYTPU,Male,0,No,No,45,Yes,Yes,DSL,No,Yes,Yes,No,Yes,Yes,Two year,No,Electronic check,87.89,3959.94,No
7844-BYMVE,Male,0,Yes,Yes,55,Yes,Yes,No,No internet service,No internet service,No internet service,No internet service,No internet service,No internet service,Month-to-month,No,Mailed check,31.27,1735.39,No
4305-QZBGQ,Male,0,No,No,25,Yes,Yes,Fiber optic,No,No,No,Yes,No,Yes,Two year,No,Mailed check,99.13,2472.07,No
7766-ASYEE,Female,0,No,No,63,No,No phone service,Fiber optic,Yes,No,Yes,No,No,Yes,Two year,Yes,Credit card (automatic),87.71,5507.71,No
6975-UAZJJ,Male,0,Yes,No,19,No,No phone service,Fiber optic,No,No,No,Yes,No,No,Two year,No,Mailed check,73.38,1378.45,No
8529-LGPTC,Female,0,No,No,66,Yes,Yes,No,No internet service,No internet service,No internet service,No internet service,No internet service,No internet service,Two year,Yes,Credit card (automatic),29.75,1945.95,No
6539-XBVPC,Male,0,Yes,Yes,24,No,No phone service,DSL,No,No,No,Yes,No,Yes,Month-to-month,No,Credit card (automatic),57.48,1386.86,No
7701-TASTJ,Female,1,Yes,No,20,Yes,No,No,No internet service,No internet service,No internet service,No internet service,No internet service,No internet service,Month-to-month,Yes,Mailed check,25.37,531.04,No
2496-XHKRP,Male,0,No,No,33,No,No phone service,No,No internet service,No internet service,No internet service,No internet service,No internet service,No internet service,Two year,Yes,Electronic check,18.25,595.49,No
0505-MWYJJ,Female,0,Yes,No,24,Yes,Yes,DSL,No,No,No,Yes,No,No,Two year,Yes,Credit card (automatic),63.13,1491.64,No
0638-KTBAW,Female,0,Yes,No,64,Yes,No,DSL,Yes,Yes,Yes,No,Yes,Yes,Two year,Yes,Credit card (automatic),83.7,5356.23,No
6249-LNGHN,Male,0,Yes,No,28,Yes,No,DSL,No,Yes,No,No,Yes,No,Month-to-month,Yes,Credit card (automatic),61.73,1725.53,No
8990-YVFNW,Male,0,No,No,31,Yes,Yes,Fiber optic,No,No,No,No,No,No,Two year,Yes,Electronic check,80.64,2488.28,No
8662-ZYTVW,Female,0,Yes,Yes,0,Yes,Yes,DSL,No,Yes,No,No,No,Yes,Month-to-month,Yes,Electronic check,78.1, ,Yes
8921-RRYXY,Male,0,Yes,No,34,Yes,No,Fiber optic,No,Yes,No,No,No,Yes,Month-to-month,No,Electronic check,89.29,3044.18,Yes
8099-PYAUT,Female,0,Yes,No,55,Yes,No,DSL,No,No,Yes,No,No,No,Month-to-month,Yes,Bank transfer (automatic),52.75,2894.71,No
7480-HFAMR,Female,0,No,No,15,Yes,No,DSL,Yes,Yes,Yes,Yes,Yes,No,Month-to-month,Yes,Credit card (automatic),80.68,1212.44,No
3409-WDQFY,Female,0,No,No,31,Yes,Yes,DSL,No,No,Yes,No,No,Yes,Month-to-month,No,Electronic check,73.47,2282.00,Yes
8369-AJMIN,Male,0,Yes,No,4,Yes,No,Fiber optic,No,No,No,Yes,Yes,No,Month-to-month,No,Mailed check,89.5,358.33,Yes
0859-KGTYV,Female,0,No,No,9,No,No phone service,Fiber optic,Yes,Yes,No,Yes,No,Yes,One year,Yes,Bank transfer (automatic),94.22,844.22,No
5953-WNBBK,Female,1,No,Yes,71,Yes,No,DSL,No,No,No,Yes,Yes,Yes,Month-to-month,Yes,Credit card (automatic),74.99,5324.07,No
5826-IYCAB,Female,0,No,No,19,No,No phone service,Fiber optic,No,No,Yes,Yes,No,Yes,Month-to-month,No,Mailed check,85.81,1621.87,Yes
7602-HGUCG,Male,0,Yes,No,11,Yes,No,DSL,No,Yes,No,No,No,Yes,Month-to-month,Yes,Electronic check,62.73,691.67,Yes
4042-RSJDM,Female,0,Yes,No,67,Yes,No,Fiber optic,Yes,No,No,No,Yes,No,Month-to-month,Yes,Electronic check,89.86,6025.17,Yes
0380-KGXYG,Male,0,No,No,62,Yes,Yes,Fiber optic,No,No,No,No,No,No,One year,Yes,Electronic check,83.0,5132.74,No
8920-RZMQR,Female,0,No,No,25,Yes,Yes,No,No internet service,No internet service,No internet service,No internet service,No internet service,No internet service,Month-to-month,Yes,Mailed check,31.17,769.90,No
8431-SOINS,Male,1,No,Yes,59,Yes,Yes,Fiber optic,No,No,Yes,No,Yes,No,One year,Yes,Bank transfer (automatic),97.53,5751.54,No
7041-TRCEB,Female,0,No,No,60,Yes,Yes,No,No internet service,No internet service,No internet service,No internet service,No internet service,No internet service,Month-to-month,No,Bank transfer (automatic),33.07,1977.79,No
8740-UTOMI,Male,0,Yes,Yes,14,Yes,Yes,No,No internet service,No internet service,No internet service,No internet service,No internet service,No internet service,Two year,No,Electronic check,29.93,408.61,No
1612-CJXBA,Male,0,No,No,4,Yes,No,DSL,No,No,Yes,No,Yes,No,Two year,No,Electronic check,66.17,264.91,No
5504-YZJUW,Male,1,No,No,31,Yes,Yes,DSL,Yes,Yes,Yes,No,No,No,One year,Yes,Mailed check,70.58,2193.26,No
5931-ZMEZM,Male,0,Yes,No,21,Yes,Yes,Fiber optic,No,No,No,No,No,No,Two year,Yes,Mailed check,85.36,1767.93,No
8226-NJBHW,Male,0,No,No,21,Yes,Yes,Fiber optic,No,Yes,No,No,Yes,Yes,One year,Yes,Credit card (automatic),111.18,2337.16,No
7954-TNXNR,Male,0,Yes,No,11,Yes,Yes,Fiber optic,No,No,No,No,Yes,No,One year,Yes,Credit card (automatic),91.36,1015.15,No
5954-BECWG,Female,1,Yes,No,63,Yes,Yes,DSL,No,No,No,No,No,Yes,Month-to-month,Yes,Electronic check,69.58,4370.52,Yes
7980-DFGEF,Male,0,No,No,15,Yes,No,DSL,Yes,No,No,No,Yes,Yes,Two year,No,Electronic check,74.4,1128.49,No
0411-QZPIT,Female,0,No,No,64,Yes,Yes,Fiber optic,No,No,Yes,No,No,No,Two year,Yes,Mailed check,87.86,5629.03,No
3843-GEXCH,Female,0,No,No,50,Yes,Yes,Fiber optic,Yes,Yes,No,No,Yes,No,One year,No,Bank transfer (automatic),105.88,5283.16,No
5853-RKSGJ,Male,0,No,No,31,Yes,Yes,Fiber optic,No,No,No,Yes,Yes,No,Month-to-month,No,Credit card (automatic),99.3,3066.51,Yes
4665-RUOJF,Female,0,Yes,Yes,52,Yes,No,Fiber optic,Yes,No,No,No,No,No,Two year,Yes,Credit card (automatic),78.85,4100.39,No
7096-ONPEN,Male,1,Yes,Yes,2,Yes,No,No,No internet service,No internet service,No internet service,No internet service,No internet service,No internet service,Two year,Yes,Credit card (automatic),26.36,47.60,No
6231-VUOQA,Female,0,No,No,12,Yes,Yes,Fiber optic,No,No,Yes,Yes,No,No,Month-to-month,No,Credit card (automatic),94.54,1127.24,Yes
7758-QZOHR,Male,0,Yes,Yes,57,Yes,No,No,No internet service,No internet service,No internet service,No internet service,No internet service,No internet service,Month-to-month,Yes,Bank transfer (automatic),23.07,1335.66,No
7256-SNBAE,Female,0,No,No,44,Yes,No,Fiber optic,No,No,No,No,No,Yes,Two year,Yes,Electronic check,80.78,3564.48,No
0042-JSKWC,Male,0,No,No,23,Yes,No,No,No internet service,No internet service,No internet service,No internet service,No internet service,No internet service,Month-to-month,No,Credit card (automatic),23.0,522.64,No
1238-OBFEF,Male,0,No,No,50,No,No phone service,Fiber optic,No,Yes,No,No,Yes,No,Two year,No,Bank transfer (automatic),80.01,4003.67,No
4537-YZWNN,Male,0,Yes,Yes,12,Yes,No,Fiber optic,No,No,No,No,No,Yes,Two year,Yes,Bank transfer (automatic),85.54,1027.45,No
0464-ELEUM,Female,0,Yes,No,23,Yes,No,Fiber optic,Yes,No,No,No,Yes,No,Month-to-month,Yes,Mailed check,87.74,2025.24,Yes
4055-XERPM,Female,0,No,No,4,Yes,Yes,DSL,No,Yes,Yes,Yes,Yes,No,Month-to-month,No,Credit card (automatic),82.23,327.02,No
6044-LCRKT,Male,0,Yes,No,49,Yes,Yes,DSL,Yes,No,Yes,Yes,No,Yes,Two year,No,Electronic check,84.92,4175.59,No
6925-GMPOR,Male,0,No,Yes,48,Yes,No,Fiber optic,No,Yes,No,No,No,No,Month-to-month,No,Bank transfer (automatic),77.76,3748.89,Yes
2807-ASFKX,Female,0,Yes,Yes,17,Yes,Yes,No,No internet service,No internet service,No internet service,No internet service,No internet service,No internet service,Month-to-month,No,Mailed check,36.25,615.66,No
6250-HYYND,Female,0,No,Yes,32,Yes,Yes,No,No internet service,No internet service,No internet service,No internet service,No internet service,No internet service,One year,Yes,Electronic check,31.72,1019.84,No
3665-GAIFX,Female,0,No,No,57,Yes,No,DSL,No,No,No,Yes,Yes,No,One year,Yes,Mailed check,62.22,3554.25,No
4629-QWUAI,Female,0,No,No,30,Yes,Yes,No,No internet service,No internet service,No internet service,No internet service,No internet service,No internet service,One year,No,Credit card (automatic),34.39,1031.33,No
8586-HBRDA,Female,1,Yes,No,33,Yes,No,Fiber optic,No,No,No,Yes,No,Yes,Month-to-month,No,Electronic check,92.87,3062.16,Yes
7461-EPIIB,Male,0,No,No,30,Yes,Yes,DSL,No,Yes,Yes,No,No,Yes,Month-to-month,Yes,Bank transfer (automatic),78.45,2358.82,No
1420-AUSPY,Male,1,No,No,26,Yes,Yes,No,No internet service,No internet service,No internet service,No internet service,No internet service,No internet service,Month-to-month,Yes,Bank transfer (automatic),30.81,803.05,No
2220-CPUHW,Female,0,No,No,58,Yes,Yes,No,No internet service,No internet service,No internet service,No internet service,No internet service,No internet service,One year,Yes,Electronic check,28.53,1670.08,No
3337-XBOWN,Female,0,Yes,Yes,26,Yes,Yes,No,No internet service,No internet service,No internet service,No internet service,No internet service,No internet service,One year,No,Electronic check,34.83,909.19,No
4126-PVVGV,Male,1,Yes,No,0,Yes,Yes,Fiber optic,No,Yes,No,Yes,No,No,Month-to-month,Yes,Bank transfer (automatic),91.62, ,Yes
1765-PUKVC,Male,0,Yes,No,67,Yes,Yes,DSL,Yes,No,No,Yes,No,Yes,Month-to-month,Yes,Electronic check,78.53,5279.86,No
1801-JJQHT,Female,0,Yes,No,22,Yes,Yes,DSL,Yes,No,No,No,Yes,Yes,Month-to-month,Yes,Mailed check,80.23,1753.27,No
5479-WAHDG,Female,1,No,No,51,Yes,No,No,No internet service,No internet service,No internet service,No internet service,No internet service,No internet service,One year,Yes,Credit card (automatic),26.84,1364.11,No
2109-UPNCS,Female,1,Yes,No,56,Yes,No,DSL,Yes,No,No,Yes,No,No,Month-to-month,Yes,Bank transfer (automatic),54.85,3065.83,No
7010-GDCSJ,Male,0,No,Yes,50,No,No phone service,Fiber optic,No,No,No,Yes,No,No,Month-to-month,Yes,Mailed check,68.78,3436.54,No
2140-EZNPX,Female,0,No,Yes,62,Yes,Yes,Fiber optic,No,No,Yes,No,Yes,Yes,One year,Yes,Bank transfer (automatic),109.56,6789.29,No
6289-PWQVT,Male,0,Yes,No,27,Yes,Yes,No,No internet service,No internet service,No internet service,No internet service,No internet service,No internet service,One year,Yes,Mailed check,29.55,780.96,No
5242-GETZW,Female,0,Yes,No,23,Yes,Yes,Fiber optic,No,Yes,Yes,No,No,No,Month-to-month,Yes,Electronic check,94.61,2188.32,Yes
6982-JPXWI,Female,0,Yes,Yes,21,Yes,Yes,Fiber optic,Yes,No,No,Yes,Yes,No,Two year,No,Electronic check,103.25,2168.12,No
1542-GOUFD,Male,0,Yes,No,39,Yes,No,Fiber optic,Yes,No,Yes,No,Yes,No,Month-to-month,Yes,Credit card (automatic),88.73,3458.57,Yes
6646-GJMXK,Female,1,No,Yes,7,Yes,Yes,Fiber optic,No,Yes,No,No,No,No,Month-to-month,No,Bank transfer (automatic),90.59,633.26,Yes
0302-HMGCT,Male,0,No,Yes,11,Yes,Yes,Fiber optic,Yes,Yes,No,No,Yes,No,Month-to-month,Yes,Mailed check,102.38,1126.04,Yes
1141-PGAIO,Female,0,No,Yes,48,Yes,No,DSL,Yes,No,Yes,Yes,Yes,Yes,Month-to-month,Yes,Bank transfer (automatic),81.95,3929.81,No
9008-WOJTC,Male,0,Yes,No,20,Yes,Yes,No,No internet service,No internet service,No internet service,No internet service,No internet service,No internet service,One year,Yes,Electronic check,33.49,653.83,No
4155-PLQLZ,Male,0,No,No,66,Yes,Yes,DSL,No,Yes,No,No,No,No,One year,No,Electronic check,62.95,4158.15,No
8056-XPRHZ,Female,0,No,No,38,Yes,No,DSL,No,Yes,Yes,No,No,No,Month-to-month,No,Credit card (automatic),57.05,2169.11,No
1186-XPQJV,Female,0,Yes,No,61,Yes,No,DSL,No,No,No,Yes,No,Yes,Month-to-month,Yes,Credit card (automatic),60.76,3708.99,No
0418-CPZWO,Male,0,No,Yes,57,No,No phone service,DSL,Yes,No,No,Yes,No,No,Two year,No,Electronic check,52.25,2967.90,No
1939-SQJVU,Female,0,No,Yes,61,Yes,No,No,No internet service,No internet service,No internet service,No internet service,No internet service,No internet service,Month-to-month,Yes,Mailed check,20.83,1274.06,No
5073-GXCND,Male,1,Yes,No,69,No,No phone service,Fiber optic,No,No,No,Yes,No,No,Month-to-month,No,Credit card (automatic),71.94,4935.74,Yes
8862-NDWFV,Male,1,Yes,No,35,Yes,Yes,DSL,No,No,Yes,No,No,No,One year,Yes,Credit card (automatic),64.3,2272.35,No
3978-ZWXZB,Female,0,No,No,44,Yes,No,DSL,No,No,Yes,No,Yes,No,One year,No,Mailed check,60.63,2675.99,No
3251-WHTXH,Male,0,No,No,14,Yes,Yes,Fiber optic,No,Yes,No,No,No,No,One year,Yes,Electronic check,87.34,1215.55,No
2029-LNALR,Female,0,No,No,61,Yes,No,Fiber optic,No,No,No,No,Yes,No,Month-to-month,No,Electronic check,82.91,5080.90,Yes
7386-CQMQQ,Female,0,Yes,No,37,Yes,Yes,DSL,Yes,No,No,No,Yes,Yes,Two year,Yes,Credit card (automatic),82.48,3049.25,No
9247-XBYIG,Male,1,Yes,No,63,Yes,No,Fiber optic,No,No,No,No,No,Yes,Month-to-month,No,Electronic check,81.77,5134.99,Yes
9447-XUVFV,Male,1,Yes,No,70,No,No phone service,Fiber optic,Yes,No,No,No,No,Yes,Month-to-month,Yes,Credit card (automatic),83.56,5831.98,Yes
4809-CGYBM,Female,0,Yes,Yes,8,Yes,Yes,Fiber optic,No,Yes,No,No,No,No,Month-to-month,No,Mailed check,89.65,705.16,Yes
3747-LKBXV,Male,0,No,No,70,No,No phone service,DSL,Yes,No,Yes,No,No,No,Two year,No,Credit card (automatic),57.6,4040.47,No
4160-FSVQQ,Male,0,No,No,24,No,No phone service,DSL,No,Yes,Yes,No,No,Yes,Two year,No,Mailed check,64.48,1550.00,No
1963-DDEOB,Female,0,No,Yes,64,Yes,No,Fiber optic,Yes,Yes,No,Yes,Yes,No,Two year,No,Mailed check,95.03,6096.25,No
6221-VTTOH,Female,0,Yes,No,19,No,No phone service,No,No internet service,No internet service,No internet service,No internet service,No internet service,No internet service,One year,Yes,Credit card (automatic),19.3,380.04,No
1615-UHVLW,Female,0,Yes,Yes,27,Yes,No,DSL,No,No,No,No,No,No,One year,Yes,Electronic check,46.08,1259.97,No
5716-ULMIO,Male,1,No,No,48,Yes,No,Fiber optic,No,No,No,No,No,No,Two year,No,Electronic check,73.29,3511.62,No
8773-XRKED,Male,1,No,No,33,Yes,No,DSL,Yes,Yes,No,Yes,No,No,Month-to-month,Yes,Electronic check,62.6,2064.29,No
4446-QRWAP,Female,0,No,No,72,Yes,Yes,DSL,No,No,Yes,Yes,Yes,Yes,Month-to-month,Yes,Mailed check,87.17,6266.15,No
8253-PCHPB,Female,0,Yes,No,19,Yes,Yes,Fiber optic,No,No,Yes,No,Yes,No,Two year,No,Credit card (automatic),99.77,1902.83,No
2727-WBAQR,Female,0,Yes,Yes,21,Yes,No,No,No internet service,No internet service,No internet service,No internet service,No internet service,No internet service,Two year,Yes,Credit card (automatic),21.62,440.39,No
6862-XXYKP,Female,0,No,No,43,Yes,No,Fiber optic,Yes,No,Yes,Yes,No,Yes,Month-to-month,Yes,Credit card (automatic),101.41,4366.08,No
8839-DKBXR,Male,0,Yes,No,46,Yes,No,No,No internet service,No internet service,No internet service,No internet service,No internet service,No internet service,Two year,Yes,Credit card (automatic),21.78,991.98,No
2810-EGTDC,Male,0,Yes,No,24,Yes,Yes,Fiber optic,No,No,No,Yes,No,No,Month-to-month,No,Bank transfer (automatic),90.09,2166.12,Yes
5715-HADQT,Female,1,No,No,21,Yes,No,DSL,Yes,No,No,No,Yes,No,Month-to-month,Yes,Electronic check,63.82,1321.29,No
8554-NSNBI,Male,0,No,No,60,Yes,No,Fiber optic,No,No,No,No,Yes,No,Month-to-month,No,Mailed check,85.17,5106.51,Yes
8613-KHZVU,Male,0,No,No,51,Yes,Yes,DSL,Yes,Yes,Yes,No,Yes,No,Month-to-month,No,Credit card (automatic),82.71,4206.10,No
9100-AVDKI,Male,0,Yes,No,19,Yes,No,Fiber optic,Yes,Yes,No,No,No,No,One year,No,Electronic check,84.62,1597.99,No
8255-JJQOY,Female,0,No,No,19,Yes,No,DSL,Yes,No,Yes,Yes,No,No,Two year,No,Bank transfer (automatic),64.2,1219.33,No
3597-AXVQL,Female,0,No,No,44,Yes,Yes,DSL,No,No,No,No,No,No,One year,Yes,Bank transfer (automatic),56.42,2464.58,No
8897-NGQKA,Male,0,Yes,No,36,Yes,Yes,Fiber optic,No,No,No,No,No,Yes,One year,No,Electronic check,91.21,3270.96,No
7970-XXLZP,Female,0,Yes,No,14,Yes,Yes,Fiber optic,No,No,Yes,Yes,No,No,Two year,Yes,Credit card (automatic),94.06,1309.26,No
9202-XHPOG,Female,0,No,Yes,8,No,No phone service,Fiber optic,Yes,Yes,No,Yes,No,Yes,Month-to-month,Yes,Electronic check,93.81,757.44,Yes
1497-MSFRH,Male,0,Yes,Yes,43,Yes,No,DSL,No,Yes,No,No,No,No,Month-to-month,No,Credit card (automatic),51.77,2219.36,No
8035-RFKWV,Male,0,No,No,14,Yes,No,DSL,No,Yes,No,No,No,Yes,Two year,Yes,Bank transfer (automatic),64.15,895.45,No
9974-CBRBZ,Female,0,Yes,No,43,Yes,Yes,No,No internet service,No internet service,No internet service,No internet service,No internet service,No internet service,Month-to-month,No,Electronic check,31.58,1349.41,No
4931-UGUKX,Male,0,Yes,No,11,Yes,Yes,Fiber optic,No,No,No,No,No,No,Month-to-month,No,Bank transfer (automatic),84.2,919.27,Yes
5894-XPVGH,Male,0,Yes,Yes,26,Yes,No,Fiber optic,Yes,No,Yes,No,No,No,Month-to-month,No,Mailed check,81.67,2129.15,Yes
3351-IHRLP,Male,0,No,Yes,18,Yes,Yes,No,No internet service,No internet service,No internet service,No internet service,No internet service,No internet service,Two year,No,Bank transfer (automatic),31.48,574.23,No
0933-NRECS,Female,0,Yes,Yes,24,Yes,No,DSL,No,No,Yes,No,No,No,Two year,Yes,Mailed check,52.83,1274.81,No
9234-TITWZ,Male,0,No,No,63,Yes,No,Fiber optic,No,No,Yes,Yes,No,Yes,Month-to-month,Yes,Bank transfer (automatic),92.58,5852.91,Yes
4988-MHVMV,Male,0,Yes,No,11,Yes,No,DSL,No,No,No,No,No,No,Month-to-month,No,Bank transfer (automatic),46.89,523.73,No
1688-BYGEU,Female,0,No,No,49,Yes,Yes,DSL,No,No,Yes,No,No,Yes,Two year,Yes,Credit card (automatic),74.21,3642.72,No
5712-JWCAF,Female,0,Yes,No,71,Yes,Yes,Fiber optic,No,No,Yes,No,No,Yes,Month-to-month,Yes,Bank transfer (automatic),99.55,7057.07,Yes
6808-JGHCE,Female,0,No,No,10,Yes,Yes,DSL,No,No,No,Yes,No,No,Two year,No,Electronic check,61.18,607.96,No
2615-ZRYFE,Female,0,No,No,22,Yes,No,Fiber optic,No,No,Yes,No,No,No,Month-to-month,Yes,Electronic check,76.71,1691.84,Yes
5559-VYWKQ,Male,0,Yes,Yes,14,Yes,No,Fiber optic,Yes,No,No,Yes,Yes,No,Two year,No,Mailed check,96.05,1352.30,No
9859-OHNPS,Female,0,No,Yes,62,Yes,No,DSL,No,No,Yes,No,No,Yes,Month-to-month,Yes,Bank transfer (automatic),62.18,3867.29,No
2884-USGGS,Female,0,Yes,No,19,Yes,Yes,No,No internet service,No internet service,No internet service,No internet service,No internet service,No internet service,One year,No,Electronic check,35.08,661.56,No
7525-AFWTT,Female,0,No,Yes,9,Yes,No,Fiber optic,No,No,No,No,Yes,No,Two year,Yes,Credit card (automatic),81.56,744.38,No
2405-RTFKF,Male,0,No,Yes,60,No,No phone service,Fiber optic,Yes,Yes,Yes,No,Yes,Yes,Month-to-month,Yes,Credit card (automatic),101.46,6085.28,Yes
9605-YXHNV,Female,0,Yes,No,46,No,No phone service,Fiber optic,No,No,No,Yes,No,No,Month-to-month,No,Mailed check,71.58,3299.70,No
3044-NGQKV,Female,1,Yes,No,48,Yes,Yes,DSL,No,Yes,No,No,Yes,No,Month-to-month,Yes,Credit card (automatic),71.93,3434.08,No
6029-IMXMZ,Male,0,Yes,Yes,48,Yes,No,DSL,No,Yes,Yes,No,No,Yes,Month-to-month,Yes,Bank transfer (automatic),69.46,3350.51,No
5716-RCRKE,Male,1,Yes,No,32,Yes,No,DSL,Yes,Yes,No,No,Yes,No,Month-to-month,Yes,Bank transfer (automatic),66.52,2137.17,No
9455-PWHTY,Male,1,Yes,Yes,22,Yes,No,DSL,Yes,No,Yes,No,No,No,Two year,Yes,Bank transfer (automatic),57.67,1264.07,No
2421-LEIVD,Male,0,Yes,No,52,Yes,Yes,DSL,No,Yes,Yes,No,No,No,One year,Yes,Bank transfer (automatic),65.78,3426.96,No
6946-PMBBI,Male,0,Yes,No,36,Yes,No,Fiber optic,No,No,No,No,No,No,One year,No,Credit card (automatic),72.47,2616.54,No
3080-BIKSA,Male,1,No,No,21,No,No phone service,DSL,Yes,No,Yes,Yes,Yes,No,One year,Yes,Electronic check,65.82,1398.37,No
2814-QZANL,Male,0,Yes,No,1,Yes,No,DSL,No,No,No,No,No,Yes,One year,Yes,Credit card (automatic),57.09,53.87,No
6992-OAAKK,Female,0,Yes,Yes,19,Yes,No,Fiber optic,Yes,No,No,No,No,Yes,Month-to-month,No,Electronic check,86.26,1629.85,Yes
4235-RGUXD,Female,0,Yes,No,4,Yes,No,DSL,No,Yes,No,No,No,Yes,One year,No,Mailed check,63.41,258.97,No
7342-KDIEM,Female,0,No,No,2,Yes,Yes,DSL,No,Yes,No,No,No,No,Month-to-month,Yes,Credit card (automatic),62.41,121.24,Yes
3361-TSGTX,Male,0,No,Yes,11,Yes,No,Fiber optic,Yes,No,Yes,No,Yes,No,Month-to-month,Yes,Electronic check,93.47,1044.35,Yes
4882-YTYBU,Male,1,Yes,Yes,31,Yes,Yes,No,No internet service,No internet service,No internet service,No internet service,No internet service,No internet service,One year,Yes,Credit card (automatic),36.19,1118.91,No
5210-KWDXH,Female,0,No,Yes,57,No,No phone service,DSL,No,No,No,No,No,No,Month-to-month,Yes,Electronic check,42.31,2414.56,No
7147-JRRQP,Male,1,No,No,70,Yes,Yes,Fiber optic,No,No,No,No,No,No,Month-to-month,Yes,Electronic check,82.58,5775.01,Yes
5407-XEKOC,Female,0,No,Yes,69,Yes,No,Fiber optic,Yes,Yes,Yes,Yes,No,Yes,One year,Yes,Mailed check,103.67,7155.30,No
7236-WTYFX,Female,0,No,No,39,Yes,No,DSL,No,No,No,No,No,Yes,Month-to-month,Yes,Electronic check,60.54,2361.69,Yes
6311-NHHLA,Female,0,Yes,No,5,Yes,No,DSL,Yes,No,Yes,Yes,Yes,Yes,Month-to-month,Yes,Electronic check,82.69,401.36,No
0309-AZKUQ,Male,0,Yes,No,62,Yes,No,Fiber optic,No,No,Yes,No,No,Yes,Month-to-month,Yes,Bank transfer (automatic),82.38,5109.34,Yes
9539-MKENY,Female,1,No,No,24,Yes,No,No,No internet service,No internet service,No internet service,No internet service,No internet service,No internet service,Month-to-month,Yes,Mailed check,20.59,479.48,No
1228-SJUFV,Male,0,No,No,68,Yes,No,DSL,No,No,No,No,No,Yes,Month-to-month,Yes,Bank transfer (automatic),53.51,3648.16,No
5050-VZVSC,Female,0,Yes,No,72,Yes,Yes,DSL,Yes,No,No,Yes,No,No,Month-to-month,No,Credit card (automatic),69.11,4989.32,No
5149-SUMCR,Female,1,Yes,No,49,Yes,No,Fiber optic,Yes,Yes,Yes,No,Yes,No,Month-to-month,No,Credit card (automatic),96.01,4697.63,Yes
3451-NSCVA,Female,0,No,No,39,Yes,Yes,No,No internet service,No internet service,No internet service,No internet service,No internet service,No internet service,One year,Yes,Bank transfer (automatic),31.25,1227.41,No
